seed,velocity,coverage,method,t,truth_shift,prequential_mse,future_broad_mse,alpha_change,calls
1050,0.015,narrow,theta_current,0,0.0,0.0,0.0,0.0,1920
1050,0.015,narrow,theta_current,1,0.0,8.149602231075416e-05,0.0010129230633775914,0.0,1920
1050,0.015,narrow,theta_current,2,0.0,0.00021862883503480214,0.004616308914519807,0.0,1920
1050,0.015,narrow,theta_current,3,0.0,4.618919243829043e-05,0.0013298518829147304,0.0,1920
1050,0.015,narrow,theta_current,4,0.0,0.0001402572185326624,0.04255396482922515,0.0,1920
1050,0.015,narrow,theta_current,5,0.0,1.1814996424787967e-05,0.020069542064646284,0.0,1920
1050,0.015,narrow,theta_current,6,0.015,0.0006434343106440601,0.020175639417779792,0.0,1920
1050,0.015,narrow,theta_current,7,0.03,0.0005822137443321819,0.03684183504916688,0.0,1920
1050,0.015,narrow,theta_current,8,0.045,0.0002991200342638224,0.013690727085755522,0.0,1920
1050,0.015,narrow,theta_current,9,0.06,0.00011105878827603259,0.002187523123142706,0.0,1920
1050,0.015,narrow,theta_current,10,0.075,0.00035084564690015667,0.01156040514206088,0.0,1920
1050,0.015,narrow,theta_current,11,0.09,0.000548005147221146,0.018315181855896336,0.0,1920
1050,0.015,narrow,theta_current,12,0.105,0.0004014747814706401,0.019878085926756953,0.0,1920
1050,0.015,narrow,theta_current,13,0.12,0.00045836141160799135,0.025512302232599014,0.0,1920
1050,0.015,narrow,theta_current,14,0.135,0.0003090365667402459,0.05211200662133923,0.0,1920
1050,0.015,narrow,theta_current,15,0.15,0.0003664870090520423,0.019118059988145635,0.0,1920
1050,0.015,narrow,theta_current,16,0.16499999999999998,0.0005254382341331252,0.018373021987559482,0.0,1920
1050,0.015,narrow,theta_current,17,0.18,0.0003245170621652907,0.020521911193032247,0.0,1920
1050,0.015,narrow,theta_current,18,0.195,0.0006610107189789406,0.018800347496740352,0.0,1920
1050,0.015,narrow,theta_current,19,0.21,0.000623371852073705,0.026972421214546724,0.0,1920
1050,0.015,narrow,theta_current,20,0.22499999999999998,0.00041971649966364666,0.038162981597478565,0.0,1920
1050,0.015,narrow,theta_current,21,0.24,0.0003335494828054201,0.03346828734551368,0.0,1920
1050,0.015,narrow,theta_current,22,0.255,0.0004628359380451778,0.03490551153058552,0.0,1920
1050,0.015,narrow,theta_current,23,0.27,0.0004810485053884875,0.03226414854941891,0.0,1920
1050,0.015,narrow,theta_current,24,0.285,0.00018337176804073734,0.03587198670099284,0.0,1920
1050,0.015,narrow,theta_current,25,0.3,0.0004540178392278238,0.044928713046136534,0.0,1920
1050,0.015,narrow,theta_current,26,0.315,0.00021171728790191904,0.06008507104824387,0.0,1920
1050,0.015,narrow,theta_current,27,0.32999999999999996,0.0004919569606208632,0.06410200607994768,0.0,1920
1050,0.015,narrow,theta_current,28,0.345,0.00020601310515081366,0.08991243686350044,0.0,1920
1050,0.015,narrow,theta_current,29,0.36,0.0001854612853072671,0.089793157900531,0.0,1920
1050,0.015,narrow,joint_current,0,0.0,0.0,0.0,0.003778503665982559,1920
1050,0.015,narrow,joint_current,1,0.0,8.032933353541288e-05,0.0009130896062879108,0.01236947032811871,1920
1050,0.015,narrow,joint_current,2,0.0,0.00020184857764433606,0.0018567082005500498,0.0024451861920130064,1920
1050,0.015,narrow,joint_current,3,0.0,4.6055209269819097e-05,0.0015484852865123942,0.009424781605727165,1920
1050,0.015,narrow,joint_current,4,0.0,0.00013998698795414448,0.042802234164617085,0.004133855806334627,1920
1050,0.015,narrow,joint_current,5,0.0,1.2476925787984442e-05,0.02321695044714473,0.001267822132544603,1920
1050,0.015,narrow,joint_current,6,0.015,0.0006433218051386035,0.02162950673730693,0.0023481580554021993,1920
1050,0.015,narrow,joint_current,7,0.03,0.0005816857526491482,0.03853190728462479,0.004175999599763274,1920
1050,0.015,narrow,joint_current,8,0.045,0.0002978500773526569,0.014704934375362997,0.0060201801205268645,1920
1050,0.015,narrow,joint_current,9,0.06,0.00011037928991945716,0.001993849858874925,0.002449747972413669,1920
1050,0.015,narrow,joint_current,10,0.075,0.0003502508799266505,0.009965375305966142,0.012101010975998373,1920
1050,0.015,narrow,joint_current,11,0.09,0.000547532053415538,0.02076055301475137,0.0039400785875478425,1920
1050,0.015,narrow,joint_current,12,0.105,0.0004005795435332254,0.016813757123498363,0.005902267306350092,1920
1050,0.015,narrow,joint_current,13,0.12,0.0004582996942286786,0.025947223221252882,0.0022585259780995223,1920
1050,0.015,narrow,joint_current,14,0.135,0.0003080467968735106,0.04762353537632612,0.00838529642685903,1920
1050,0.015,narrow,joint_current,15,0.15,0.00036746317534845646,0.016131437984731878,0.0035910629577499504,1920
1050,0.015,narrow,joint_current,16,0.16499999999999998,0.000525227257885708,0.018577147066334038,0.001356240693654695,1920
1050,0.015,narrow,joint_current,17,0.18,0.0003250129298215281,0.01923775785194956,0.005486542359689343,1920
1050,0.015,narrow,joint_current,18,0.195,0.0006599152709207507,0.01822881709750089,0.00255295654172939,1920
1050,0.015,narrow,joint_current,19,0.21,0.0006222202042023662,0.028652314677067678,0.004358327944571606,1920
1050,0.015,narrow,joint_current,20,0.22499999999999998,0.00041123627251695203,0.033016319970256995,0.007885731565634557,1920
1050,0.015,narrow,joint_current,21,0.24,0.0003322464717474595,0.03470081011498194,0.003532947713029756,1920
1050,0.015,narrow,joint_current,22,0.255,0.0004650646869589377,0.03491148072504652,0.0015566508213005826,1920
1050,0.015,narrow,joint_current,23,0.27,0.00047832333241331395,0.03236562547261876,0.0009630075523457345,1920
1050,0.015,narrow,joint_current,24,0.285,0.00018306079019302603,0.03463875039323483,0.004094194143748302,1920
1050,0.015,narrow,joint_current,25,0.3,0.0004560684547624398,0.0430238993244182,0.003442761942748099,1920
1050,0.015,narrow,joint_current,26,0.315,0.00021224007685848728,0.05727629907583411,0.002873566022406217,1920
1050,0.015,narrow,joint_current,27,0.32999999999999996,0.0004906592705153503,0.06191887510563617,0.003511679678332278,1920
1050,0.015,narrow,joint_current,28,0.345,0.00020568157983840842,0.08543747035298938,0.002398691179392315,1920
1050,0.015,narrow,joint_current,29,0.36,0.00018591833413191143,0.08572627577111366,0.0028136957823413217,1920
1050,0.015,narrow,joint_current_unpenalized,0,0.0,0.0,0.0,0.06555978767602436,1920
1050,0.015,narrow,joint_current_unpenalized,1,0.0,8.540544530016431e-05,0.0022154076420771002,0.07498706949302654,1920
1050,0.015,narrow,joint_current_unpenalized,2,0.0,0.00024815975040241834,0.0010631230504857243,0.07617158665398431,1920
1050,0.015,narrow,joint_current_unpenalized,3,0.0,5.332463942565776e-05,0.0035272941935177602,0.1168468624271274,1920
1050,0.015,narrow,joint_current_unpenalized,4,0.0,0.00017039380184875574,0.03496134656417596,0.08796283110019003,1920
1050,0.015,narrow,joint_current_unpenalized,5,0.0,1.755107835432335e-05,0.017318534370992213,0.04798791255266639,1920
1050,0.015,narrow,joint_current_unpenalized,6,0.015,0.0006483936898481819,0.014610873524464956,0.09014045494880422,1920
1050,0.015,narrow,joint_current_unpenalized,7,0.03,0.0005967841187529098,0.02918185773591281,0.005674045587723546,1920
1050,0.015,narrow,joint_current_unpenalized,8,0.045,0.00032787063322422145,0.007363223610997175,0.11758328407563885,1920
1050,0.015,narrow,joint_current_unpenalized,9,0.06,0.0001263562936493555,0.004595918123575266,0.14117656735424,1920
1050,0.015,narrow,joint_current_unpenalized,10,0.075,0.00034530902560960425,0.010757594716278199,0.3179893757402025,1920
1050,0.015,narrow,joint_current_unpenalized,11,0.09,0.0005313469830612429,0.056553329929128655,0.2066319202864231,1920
1050,0.015,narrow,joint_current_unpenalized,12,0.105,0.00041971729004291466,0.019834122497362362,0.306057286890404,1920
1050,0.015,narrow,joint_current_unpenalized,13,0.12,0.00046614408115676115,0.03907806674211781,0.28410246954245433,1920
1050,0.015,narrow,joint_current_unpenalized,14,0.135,0.00031478347673271506,0.03593265863122839,0.11469067211707185,1920
1050,0.015,narrow,joint_current_unpenalized,15,0.15,0.00044641664193483514,0.004549655993794026,0.18931285796096947,1920
1050,0.015,narrow,joint_current_unpenalized,16,0.16499999999999998,0.0005363001857162277,0.008351518908249358,0.14686182819378144,1920
1050,0.015,narrow,joint_current_unpenalized,17,0.18,0.0003259151538122277,0.005674233908114647,0.057947335437945106,1920
1050,0.015,narrow,joint_current_unpenalized,18,0.195,0.0007071683805793702,0.01821138711284267,0.0841082650987297,1920
1050,0.015,narrow,joint_current_unpenalized,19,0.21,0.000634036011907186,0.035938038575743236,0.10338365731853974,1920
1050,0.015,narrow,joint_current_unpenalized,20,0.22499999999999998,0.00044538399137442563,0.010128465492033738,0.24868977758247396,1920
1050,0.015,narrow,joint_current_unpenalized,21,0.24,0.000325505365355618,0.016201665152240672,0.2657730913849488,1920
1050,0.015,narrow,joint_current_unpenalized,22,0.255,0.0004907853694300573,0.018669181118860165,0.2071996926599068,1920
1050,0.015,narrow,joint_current_unpenalized,23,0.27,0.0004690042534104233,0.011966940572520722,0.18237077189257536,1920
1050,0.015,narrow,joint_current_unpenalized,24,0.285,0.00018133328878203398,0.013439722865995585,0.2600427924631891,1920
1050,0.015,narrow,joint_current_unpenalized,25,0.3,0.0004850562972314928,0.01510622062609912,0.30195410697979636,1920
1050,0.015,narrow,joint_current_unpenalized,26,0.315,0.00022389732759728497,0.019490854303110993,0.3338810138956885,1920
1050,0.015,narrow,joint_current_unpenalized,27,0.32999999999999996,0.0004817129449799979,0.024108544324942905,0.36888079931437967,1920
1050,0.015,narrow,joint_current_unpenalized,28,0.345,0.00021155999951869722,0.026315340083584472,0.37324882526050324,1920
1050,0.015,narrow,joint_current_unpenalized,29,0.36,0.00019201610397826462,0.022153404009011883,0.28841911657192754,1920
1050,0.015,narrow,joint_recent2,0,0.0,0.0,0.0,0.003778503665982559,1920
1050,0.015,narrow,joint_recent2,1,0.0,8.032933353541288e-05,0.0009130896062879108,0.008902849561164874,1920
1050,0.015,narrow,joint_recent2,2,0.0,3.810460202313533e-05,0.0002948004257155815,0.013265161633173329,1920
1050,0.015,narrow,joint_recent2,3,0.0,1.48587518537682e-05,0.0002958602016092742,0.0029237133017669726,1920
1050,0.015,narrow,joint_recent2,4,0.0,2.8994366015199212e-05,0.0011218316991361658,0.006118428709251053,1920
1050,0.015,narrow,joint_recent2,5,0.0,4.7416098701790415e-05,0.005573283066258963,0.0023749358567488384,1920
1050,0.015,narrow,joint_recent2,6,0.015,0.0005655219920748977,0.003950465316095143,0.004506918458967233,1920
1050,0.015,narrow,joint_recent2,7,0.03,0.0012305409224221276,0.00997459838370568,0.0015012582401483707,1920
1050,0.015,narrow,joint_recent2,8,0.045,0.0009148127134519738,0.009841001635508512,0.005638078897510842,1920
1050,0.015,narrow,joint_recent2,9,0.06,0.0005388794523767782,0.008695055135768747,0.005792942456814872,1920
1050,0.015,narrow,joint_recent2,10,0.075,0.0006534947388649864,0.0025818135387038464,0.011307257008046407,1920
1050,0.015,narrow,joint_recent2,11,0.09,0.0008870924597900717,0.008002061746384969,0.010541580750000085,1920
1050,0.015,narrow,joint_recent2,12,0.105,0.0009359625399286173,0.013183058567757009,0.0022655230009436464,1920
1050,0.015,narrow,joint_recent2,13,0.12,0.001034787382261823,0.0130358174016076,0.001852613823449377,1920
1050,0.015,narrow,joint_recent2,14,0.135,0.0007913976877148761,0.016004770351012658,0.006673395195507989,1920
1050,0.015,narrow,joint_recent2,15,0.15,0.0008747147833734192,0.024011990375716552,0.00288439792968782,1920
1050,0.015,narrow,joint_recent2,16,0.16499999999999998,0.0008091054858138236,0.018196663472976084,0.001356345464856223,1920
1050,0.015,narrow,joint_recent2,17,0.18,0.0009580380026543604,0.019558089561488037,0.001231767937928243,1920
1050,0.015,narrow,joint_recent2,18,0.195,0.00100270318977019,0.02016425840706451,0.0049387816879024465,1920
1050,0.015,narrow,joint_recent2,19,0.21,0.001032820117644661,0.022240085343398996,0.005088083593886914,1920
1050,0.015,narrow,joint_recent2,20,0.22499999999999998,0.000839219162037305,0.02243456931299493,0.0041962117855069946,1920
1050,0.015,narrow,joint_recent2,21,0.24,0.0008422290886096715,0.03141415480612625,0.011605214636403184,1920
1050,0.015,narrow,joint_recent2,22,0.255,0.0007811371498490042,0.035201760643764,0.006129526601630781,1920
1050,0.015,narrow,joint_recent2,23,0.27,0.0009793129680139262,0.0360134857501785,0.0044294524442071315,1920
1050,0.015,narrow,joint_recent2,24,0.285,0.0006362678026961997,0.035971810783919846,0.0018077039890952318,1920
1050,0.015,narrow,joint_recent2,25,0.3,0.0007155563776374941,0.03910185493395482,0.0028624848112546826,1920
1050,0.015,narrow,joint_recent2,26,0.315,0.0006444959925362036,0.04440796733377457,0.005281452664796724,1920
1050,0.015,narrow,joint_recent2,27,0.32999999999999996,0.0007234664240174249,0.05278794939784358,0.004937134009988513,1920
1050,0.015,narrow,joint_recent2,28,0.345,0.0006073103539532953,0.06467625907323402,0.005370360836787309,1920
1050,0.015,narrow,joint_recent2,29,0.36,0.0005025587903036305,0.07279082639039568,0.0014184954530607524,1920
1050,0.015,broad,theta_current,0,0.0,0.0,0.0,0.0,1920
1050,0.015,broad,theta_current,1,0.0,0.0002008308490118937,0.0001640883370719338,0.0,1920
1050,0.015,broad,theta_current,2,0.0,0.00030669467240827315,0.00019623307854226384,0.0,1920
1050,0.015,broad,theta_current,3,0.0,8.97083926757332e-05,7.496477989842913e-05,0.0,1920
1050,0.015,broad,theta_current,4,0.0,0.00032037135801512017,0.00020091243800157016,0.0,1920
1050,0.015,broad,theta_current,5,0.0,3.81213147587633e-05,3.3993462194990435e-05,0.0,1920
1050,0.015,broad,theta_current,6,0.015,0.0004103780970081317,0.000470171121708333,0.0,1920
1050,0.015,broad,theta_current,7,0.03,0.0006332636920793067,0.0008785374390906582,0.0,1920
1050,0.015,broad,theta_current,8,0.045,0.0008230630557894532,0.0011652850680677882,0.0,1920
1050,0.015,broad,theta_current,9,0.06,0.0022526678498312543,0.0016917506798440674,0.0,1920
1050,0.015,broad,theta_current,10,0.075,0.0010190893568711452,0.002281939225447379,0.0,1920
1050,0.015,broad,theta_current,11,0.09,0.005290630551115037,0.003907465177982354,0.0,1920
1050,0.015,broad,theta_current,12,0.105,0.005212271139893161,0.005495058192667965,0.0,1920
1050,0.015,broad,theta_current,13,0.12,0.0037252274374524118,0.005218130966120815,0.0,1920
1050,0.015,broad,theta_current,14,0.135,0.00955670101914774,0.007976611961848045,0.0,1920
1050,0.015,broad,theta_current,15,0.15,0.008429271729770938,0.010101970061630378,0.0,1920
1050,0.015,broad,theta_current,16,0.16499999999999998,0.014070836543486592,0.010911654029945823,0.0,1920
1050,0.015,broad,theta_current,17,0.18,0.010335643542936196,0.01236222933962357,0.0,1920
1050,0.015,broad,theta_current,18,0.195,0.009595268977887256,0.014735955239448083,0.0,1920
1050,0.015,broad,theta_current,19,0.21,0.012594391196005696,0.017131797086478877,0.0,1920
1050,0.015,broad,theta_current,20,0.22499999999999998,0.019051157542065537,0.017873088439334023,0.0,1920
1050,0.015,broad,theta_current,21,0.24,0.02004767064480103,0.020134891780071752,0.0,1920
1050,0.015,broad,theta_current,22,0.255,0.020338873605113772,0.022867934347625532,0.0,1920
1050,0.015,broad,theta_current,23,0.27,0.022715363002825294,0.024646985360799574,0.0,1920
1050,0.015,broad,theta_current,24,0.285,0.023720119560548602,0.03253028596516815,0.0,1920
1050,0.015,broad,theta_current,25,0.3,0.030721310384184467,0.033314587263986756,0.0,1920
1050,0.015,broad,theta_current,26,0.315,0.026587583566775125,0.03414235924434214,0.0,1920
1050,0.015,broad,theta_current,27,0.32999999999999996,0.04615606426650726,0.03619043472163136,0.0,1920
1050,0.015,broad,theta_current,28,0.345,0.04929340051975457,0.05019906845937361,0.0,1920
1050,0.015,broad,theta_current,29,0.36,0.03788239156429427,0.036588763100181165,0.0,1920
1050,0.015,broad,joint_current,0,0.0,0.0,0.0,0.025475240360284177,1920
1050,0.015,broad,joint_current,1,0.0,0.00028078177146352714,0.00023897378957650858,0.007951968121566864,1920
1050,0.015,broad,joint_current,2,0.0,0.0002991898996307786,0.0001938189684524226,0.018391692387424333,1920
1050,0.015,broad,joint_current,3,0.0,0.00012218776168717205,0.00012006719319937069,0.026451851803693204,1920
1050,0.015,broad,joint_current,4,0.0,0.0003260298499421085,0.0002216604089645979,0.019203840784365347,1920
1050,0.015,broad,joint_current,5,0.0,4.615125148536576e-05,3.6602405701358074e-05,0.01682105338777489,1920
1050,0.015,broad,joint_current,6,0.015,0.0003856121794179711,0.0004508301651786448,0.027502628252232042,1920
1050,0.015,broad,joint_current,7,0.03,0.00039288147975465444,0.0005422754273948997,0.03560050974897008,1920
1050,0.015,broad,joint_current,8,0.045,0.0003192003234745168,0.0006430770544390607,0.05485066604328594,1920
1050,0.015,broad,joint_current,9,0.06,0.0006369654886068705,0.00044848521165930953,0.03175142083417231,1920
1050,0.015,broad,joint_current,10,0.075,0.00035801761985586794,0.0006726719559048786,0.030162802010608784,1920
1050,0.015,broad,joint_current,11,0.09,0.0013808874444073093,0.0011819588329810727,0.056692358059674215,1920
1050,0.015,broad,joint_current,12,0.105,0.0006676583277727652,0.0006516171240654707,0.07685023471938637,1920
1050,0.015,broad,joint_current,13,0.12,0.0004585832251213638,0.0005919484747654733,0.07708760915168153,1920
1050,0.015,broad,joint_current,14,0.135,0.0009936406142908227,0.0010267078447250254,0.10557817788043064,1920
1050,0.015,broad,joint_current,15,0.15,0.0009195376648829786,0.0007785281355412295,0.13183310122990893,1920
1050,0.015,broad,joint_current,16,0.16499999999999998,0.0009563028793334606,0.0006679846792340316,0.11892848769673668,1920
1050,0.015,broad,joint_current,17,0.18,0.0006024562971218817,0.000534350370980248,0.16550135019996398,1920
1050,0.015,broad,joint_current,18,0.195,0.0008335521245786008,0.0009077261194746437,0.155333434204355,1920
1050,0.015,broad,joint_current,19,0.21,0.0003790514343685613,0.00048759899720819146,0.18815710648671358,1920
1050,0.015,broad,joint_current,20,0.22499999999999998,0.0011723591896369548,0.0009975753178822684,0.16817715378828657,1920
1050,0.015,broad,joint_current,21,0.24,0.0007209771384796052,0.0008836425917711436,0.212314178484206,1920
1050,0.015,broad,joint_current,22,0.255,0.0004141501326830465,0.0004165114473801768,0.20584665978866942,1920
1050,0.015,broad,joint_current,23,0.27,0.0004581282943551715,0.0004987680193245983,0.2396375457702771,1920
1050,0.015,broad,joint_current,24,0.285,0.00020576674925344045,0.00039757247847291684,0.20058848482516964,1920
1050,0.015,broad,joint_current,25,0.3,0.0006891652379343916,0.0015065133272988101,0.21252703390105618,1920
1050,0.015,broad,joint_current,26,0.315,0.001228697093575683,0.0011962531719074314,0.27293791098505576,1920
1050,0.015,broad,joint_current,27,0.32999999999999996,0.0007599563164676118,0.0005786778310051315,0.26713996397567685,1920
1050,0.015,broad,joint_current,28,0.345,0.0005257214319783435,0.000580567230415547,0.2851051296375621,1920
1050,0.015,broad,joint_current,29,0.36,0.0005320034516402446,0.0006167186916708172,0.2680135770672952,1920
1050,0.015,broad,joint_current_unpenalized,0,0.0,0.0,0.0,0.05996873944246431,1920
1050,0.015,broad,joint_current_unpenalized,1,0.0,0.0003322056182099577,0.00031420723145690317,0.013591269670602608,1920
1050,0.015,broad,joint_current_unpenalized,2,0.0,0.00030175918345245393,0.00019562406243294698,0.034590433126007736,1920
1050,0.015,broad,joint_current_unpenalized,3,0.0,0.0001240033328136749,0.00013820715640697133,0.05118682752326629,1920
1050,0.015,broad,joint_current_unpenalized,4,0.0,0.000357615252872263,0.0002658701953755294,0.031621396078683764,1920
1050,0.015,broad,joint_current_unpenalized,5,0.0,5.858417964825753e-05,4.687456069188405e-05,0.025368270812147646,1920
1050,0.015,broad,joint_current_unpenalized,6,0.015,0.0003753384402483474,0.00044185483429916425,0.053923774694048854,1920
1050,0.015,broad,joint_current_unpenalized,7,0.03,0.0004894967458672592,0.0006433805396702985,0.0482586237870093,1920
1050,0.015,broad,joint_current_unpenalized,8,0.045,0.00034622221232470245,0.0006811468295741421,0.13663497403436162,1920
1050,0.015,broad,joint_current_unpenalized,9,0.06,0.0006794393947786031,0.0004841048824921484,0.050010990068241556,1920
1050,0.015,broad,joint_current_unpenalized,10,0.075,0.0003836991317500559,0.0007093845668120062,0.048482743203200465,1920
1050,0.015,broad,joint_current_unpenalized,11,0.09,0.0014665771837454936,0.0011723413521950465,0.07984594949443599,1920
1050,0.015,broad,joint_current_unpenalized,12,0.105,0.000591581677106166,0.0005927006688902173,0.09734149125553891,1920
1050,0.015,broad,joint_current_unpenalized,13,0.12,0.0004496871926574941,0.0005624768862665437,0.1044842898977022,1920
1050,0.015,broad,joint_current_unpenalized,14,0.135,0.000879597864108478,0.0008580548186705663,0.14309226116176021,1920
1050,0.015,broad,joint_current_unpenalized,15,0.15,0.0006861628365585412,0.0006290747613004274,0.16732420150983005,1920
1050,0.015,broad,joint_current_unpenalized,16,0.16499999999999998,0.0007079035194615156,0.0005902543020836841,0.15173455116559117,1920
1050,0.015,broad,joint_current_unpenalized,17,0.18,0.0005519984909439469,0.00045497593466144344,0.19634917901017854,1920
1050,0.015,broad,joint_current_unpenalized,18,0.195,0.0008807645592433973,0.000931517955901934,0.25894884815064684,1920
1050,0.015,broad,joint_current_unpenalized,19,0.21,0.0004304559934788367,0.00045719866056734526,0.25140660832114553,1920
1050,0.015,broad,joint_current_unpenalized,20,0.22499999999999998,0.0010738680211792595,0.0009511138383883047,0.22758380814095605,1920
1050,0.015,broad,joint_current_unpenalized,21,0.24,0.0005866784014104161,0.0006033616064291098,0.24645139044987965,1920
1050,0.015,broad,joint_current_unpenalized,22,0.255,0.00023190032973201442,0.0002807770241658019,0.2457354707267834,1920
1050,0.015,broad,joint_current_unpenalized,23,0.27,0.00040264047661836593,0.0003906691269369273,0.29677558686041505,1920
1050,0.015,broad,joint_current_unpenalized,24,0.285,0.0002948825439804328,0.00033464291248683274,0.2955551580221852,1920
1050,0.015,broad,joint_current_unpenalized,25,0.3,0.00022335923718619184,0.00018244494902301081,0.2635800399246199,1920
1050,0.015,broad,joint_current_unpenalized,26,0.315,0.0006079659567547957,0.0005975237092303685,0.3370671184944361,1920
1050,0.015,broad,joint_current_unpenalized,27,0.32999999999999996,0.00041142967901891726,0.00043495573953677914,0.33967864340073073,1920
1050,0.015,broad,joint_current_unpenalized,28,0.345,0.00022805635423265918,0.00022091198406640718,0.3703134022512231,1920
1050,0.015,broad,joint_current_unpenalized,29,0.36,0.0002090621639549183,0.00034827004383004254,0.34046876301950146,1920
1050,0.015,broad,joint_recent2,0,0.0,0.0,0.0,0.025475240360284177,1920
1050,0.015,broad,joint_recent2,1,0.0,0.00028078177146352714,0.00023897378957650858,0.011816823780726382,1920
1050,0.015,broad,joint_recent2,2,0.0,5.300132696727275e-05,7.38583376945909e-05,0.01781377598212404,1920
1050,0.015,broad,joint_recent2,3,0.0,6.374970790854956e-05,6.939941500342494e-05,0.028101001464348067,1920
1050,0.015,broad,joint_recent2,4,0.0,9.390200755989978e-05,0.00011382687095732498,0.017080518065512928,1920
1050,0.015,broad,joint_recent2,5,0.0,6.605964789658631e-05,6.519451758450019e-05,0.014178921492731752,1920
1050,0.015,broad,joint_recent2,6,0.015,0.0003506354047716404,0.00038322869975372523,0.03156144067426868,1920
1050,0.015,broad,joint_recent2,7,0.03,0.000729446401398634,0.0009518496047402252,0.02258869991243552,1920
1050,0.015,broad,joint_recent2,8,0.045,0.0005739484149795182,0.000989294611595739,0.03229358752837025,1920
1050,0.015,broad,joint_recent2,9,0.06,0.001037970216834086,0.0008452846715634055,0.04191964121919826,1920
1050,0.015,broad,joint_recent2,10,0.075,0.000536885924307698,0.0008043886114711091,0.035109860346874286,1920
1050,0.015,broad,joint_recent2,11,0.09,0.0018693715865229048,0.001478747349693117,0.05596577689526618,1920
1050,0.015,broad,joint_recent2,12,0.105,0.0012659971283487134,0.001026462573376948,0.07235140885213184,1920
1050,0.015,broad,joint_recent2,13,0.12,0.0008487568749015157,0.0010482592327463278,0.07243612453094225,1920
1050,0.015,broad,joint_recent2,14,0.135,0.0012354804190672776,0.0012961690532129057,0.09591916063004866,1920
1050,0.015,broad,joint_recent2,15,0.15,0.0014930095760642477,0.0012387428938486604,0.12440403019091371,1920
1050,0.015,broad,joint_recent2,16,0.16499999999999998,0.0014233576377597305,0.0009581763976446837,0.1350324312703801,1920
1050,0.015,broad,joint_recent2,17,0.18,0.0012890648498535028,0.0009544563914246501,0.14359618209411495,1920
1050,0.015,broad,joint_recent2,18,0.195,0.0008487274662419501,0.0010911275442087442,0.15895244374809142,1920
1050,0.015,broad,joint_recent2,19,0.21,0.0011524401614911165,0.001111761078381796,0.17353514795975009,1920
1050,0.015,broad,joint_recent2,20,0.22499999999999998,0.001446494410811373,0.0012192313392907564,0.18617097079271744,1920
1050,0.015,broad,joint_recent2,21,0.24,0.0012750175407236016,0.0013715155654312832,0.18847247175660156,1920
1050,0.015,broad,joint_recent2,22,0.255,0.0010022529324474909,0.0010986390084770149,0.21603258907393544,1920
1050,0.015,broad,joint_recent2,23,0.27,0.0006912177430652309,0.0007331889015359887,0.2225854187420993,1920
1050,0.015,broad,joint_recent2,24,0.285,0.0005733770061635322,0.0007202822673198073,0.22677430070191829,1920
1050,0.015,broad,joint_recent2,25,0.3,0.0005740443580195548,0.0009801032830423404,0.2130545111490491,1920
1050,0.015,broad,joint_recent2,26,0.315,0.0017397113043643205,0.0016673049165171307,0.25248995229838667,1920
1050,0.015,broad,joint_recent2,27,0.32999999999999996,0.0010005476002164168,0.0008809753225747386,0.27539810144600113,1920
1050,0.015,broad,joint_recent2,28,0.345,0.0008229596519474932,0.00082100928329335,0.28095046270243346,1920
1050,0.015,broad,joint_recent2,29,0.36,0.00048600354962212796,0.0007284407973502318,0.2834311996056747,1920
1050,0.04,narrow,theta_current,0,0.0,0.0,0.0,0.0,1920
1050,0.04,narrow,theta_current,1,0.0,8.149602231075416e-05,0.0010129230633775914,0.0,1920
1050,0.04,narrow,theta_current,2,0.0,0.00021862883503480214,0.004616308914519807,0.0,1920
1050,0.04,narrow,theta_current,3,0.0,4.618919243829043e-05,0.0013298518829147304,0.0,1920
1050,0.04,narrow,theta_current,4,0.0,0.0001402572185326624,0.04255396482922515,0.0,1920
1050,0.04,narrow,theta_current,5,0.0,1.1814996424787967e-05,0.020069542064646284,0.0,1920
1050,0.04,narrow,theta_current,6,0.04,0.0036350254453158836,0.024587423007628784,0.0,1920
1050,0.04,narrow,theta_current,7,0.08,0.0035025195419496487,0.04407717327229527,0.0,1920
1050,0.04,narrow,theta_current,8,0.12,0.002633419136863529,0.022690061351769684,0.0,1920
1050,0.04,narrow,theta_current,9,0.16,0.0017484669534333296,0.01492534300803977,0.0,1920
1050,0.04,narrow,theta_current,10,0.2,0.0022927820290877497,0.025401085469859516,0.0,1920
1050,0.04,narrow,theta_current,11,0.24,0.002792748461969615,0.04736323100125072,0.0,1920
1050,0.04,narrow,theta_current,12,0.28,0.002178337012515135,0.053116891693735395,0.0,1920
1050,0.04,narrow,theta_current,13,0.32,0.0022397860074229027,0.07031140852530093,0.0,1920
1050,0.04,narrow,theta_current,14,0.36,0.0016877044872975805,0.09052120402981591,0.0,1920
1050,0.04,narrow,theta_current,15,0.4,0.0017120104094144448,0.08406781496053012,0.0,1920
1050,0.04,narrow,theta_current,16,0.44,0.001772097938922082,0.09180339182675117,0.0,1920
1050,0.04,narrow,theta_current,17,0.48,0.0013167217013228224,0.11118131763179119,0.0,1920
1050,0.04,narrow,theta_current,18,0.52,0.0017102501777993366,0.11124481838029418,0.0,1920
1050,0.04,narrow,theta_current,19,0.56,0.0014392114414027869,0.09525229478939064,0.0,1920
1050,0.04,narrow,theta_current,20,0.6,0.0008857680068870941,0.15865806752295442,0.0,1920
1050,0.04,narrow,theta_current,21,0.64,0.0008106582731848777,0.171257898882626,0.0,1920
1050,0.04,narrow,theta_current,22,0.65,0.00013116848658302133,0.1826219754786289,0.0,1920
1050,0.04,narrow,theta_current,23,0.65,0.00012262654839676818,0.1598861296223018,0.0,1920
1050,0.04,narrow,theta_current,24,0.65,8.691388605214699e-05,0.17472299136429614,0.0,1920
1050,0.04,narrow,theta_current,25,0.65,4.558007643633892e-05,0.18895268269167298,0.0,1920
1050,0.04,narrow,theta_current,26,0.65,1.4249244835233888e-05,0.21347578049308374,0.0,1920
1050,0.04,narrow,theta_current,27,0.65,8.881641102330386e-05,0.2141534528424679,0.0,1920
1050,0.04,narrow,theta_current,28,0.65,1.2523915151093412e-05,0.24387050142212027,0.0,1920
1050,0.04,narrow,theta_current,29,0.65,6.016933111835503e-05,0.24605234774324708,0.0,1920
1050,0.04,narrow,joint_current,0,0.0,0.0,0.0,0.003778503665982559,1920
1050,0.04,narrow,joint_current,1,0.0,8.032933353541288e-05,0.0009130896062879108,0.01236947032811871,1920
1050,0.04,narrow,joint_current,2,0.0,0.00020184857764433606,0.0018567082005500498,0.0024451861920130064,1920
1050,0.04,narrow,joint_current,3,0.0,4.6055209269819097e-05,0.0015484852865123942,0.009424781605727165,1920
1050,0.04,narrow,joint_current,4,0.0,0.00013998698795414448,0.042802234164617085,0.004133855806334627,1920
1050,0.04,narrow,joint_current,5,0.0,1.2476925787984442e-05,0.02321695044714473,0.001267822132544603,1920
1050,0.04,narrow,joint_current,6,0.04,0.003634748118095551,0.026001013060617452,0.002034211113379544,1920
1050,0.04,narrow,joint_current,7,0.08,0.003502457423594962,0.045848378547783245,0.004744672325031947,1920
1050,0.04,narrow,joint_current,8,0.12,0.0026286060136313915,0.023557573210165453,0.0066755654399430235,1920
1050,0.04,narrow,joint_current,9,0.16,0.0017456364226174873,0.01454514828345502,0.0038078312722321997,1920
1050,0.04,narrow,joint_current,10,0.2,0.002291937170824871,0.023978385009046865,0.011809855348948194,1920
1050,0.04,narrow,joint_current,11,0.24,0.002789552789230624,0.04909593550431947,0.002747016142313183,1920
1050,0.04,narrow,joint_current,12,0.28,0.002177062798335377,0.04970657661376591,0.006827896587333535,1920
1050,0.04,narrow,joint_current,13,0.32,0.0022393903872000814,0.07059101552512878,0.0007545547669184859,1920
1050,0.04,narrow,joint_current,14,0.36,0.0016869276614872612,0.0865569752264913,0.005349014540691383,1920
1050,0.04,narrow,joint_current,15,0.4,0.0017123734443039793,0.07909410981364738,0.003881023834148386,1920
1050,0.04,narrow,joint_current,16,0.44,0.0017722760523020064,0.09048897473869741,0.0010086755229905546,1920
1050,0.04,narrow,joint_current,17,0.48,0.0013165427694312056,0.1071626206729099,0.00306922958179051,1920
1050,0.04,narrow,joint_current,18,0.52,0.0017089209086088243,0.10618078294146742,0.0012425089084484946,1920
1050,0.04,narrow,joint_current,19,0.56,0.0014387544642062641,0.09184985253138372,0.0014003519753079557,1920
1050,0.04,narrow,joint_current,20,0.6,0.0008852698715441192,0.1522943302260439,0.004054510942751252,1920
1050,0.04,narrow,joint_current,21,0.64,0.0008092836541201987,0.16657219721910174,0.002721662090122707,1920
1050,0.04,narrow,joint_current,22,0.65,0.0001315235603373033,0.17879460189648053,0.00060791194642365,1920
1050,0.04,narrow,joint_current,23,0.65,0.00012239959097792302,0.15707032677029112,0.0004260963915922586,1920
1050,0.04,narrow,joint_current,24,0.65,8.641867401080658e-05,0.17023282510019133,0.0033730185176623585,1920
1050,0.04,narrow,joint_current,25,0.65,4.579526560494473e-05,0.18453312891398996,0.0036698639811657734,1920
1050,0.04,narrow,joint_current,26,0.65,1.3542686824178452e-05,0.20850395224415144,0.0028109759459782314,1920
1050,0.04,narrow,joint_current,27,0.65,8.461608583087911e-05,0.21166383506460987,0.005175751118689792,1920
1050,0.04,narrow,joint_current,28,0.65,1.1908926888283984e-05,0.23717245929008732,0.002905066183903616,1920
1050,0.04,narrow,joint_current,29,0.65,6.155764289833802e-05,0.24199932097785531,0.0020650843481134847,1920
1050,0.04,narrow,joint_current_unpenalized,0,0.0,0.0,0.0,0.06555978767602436,1920
1050,0.04,narrow,joint_current_unpenalized,1,0.0,8.540544530016431e-05,0.0022154076420771002,0.07498706949302654,1920
1050,0.04,narrow,joint_current_unpenalized,2,0.0,0.00024815975040241834,0.0010631230504857243,0.07617158665398431,1920
1050,0.04,narrow,joint_current_unpenalized,3,0.0,5.332463942565776e-05,0.0035272941935177602,0.1168468624271274,1920
1050,0.04,narrow,joint_current_unpenalized,4,0.0,0.00017039380184875574,0.03496134656417596,0.08796283110019003,1920
1050,0.04,narrow,joint_current_unpenalized,5,0.0,1.755107835432335e-05,0.017318534370992213,0.04798791255266639,1920
1050,0.04,narrow,joint_current_unpenalized,6,0.04,0.0036466984916106956,0.01969278822244571,0.08208478155680238,1920
1050,0.04,narrow,joint_current_unpenalized,7,0.08,0.0035317238609194486,0.03670136707398911,0.030854176412253524,1920
1050,0.04,narrow,joint_current_unpenalized,8,0.12,0.002724752385822473,0.013016955702671421,0.16568665449510686,1920
1050,0.04,narrow,joint_current_unpenalized,9,0.16,0.0017774607940910295,0.01127656791171827,0.22218616507943498,1920
1050,0.04,narrow,joint_current_unpenalized,10,0.2,0.00226906167959599,0.015442692894631247,0.4068945025663826,1920
1050,0.04,narrow,joint_current_unpenalized,11,0.24,0.0027404273375870604,0.0700027893872992,0.2885132057484225,1920
1050,0.04,narrow,joint_current_unpenalized,12,0.28,0.002225136290520961,0.027119553682972537,0.4170225293946132,1920
1050,0.04,narrow,joint_current_unpenalized,13,0.32,0.0022607426169862738,0.05331054509507772,0.41926211505107946,1920
1050,0.04,narrow,joint_current_unpenalized,14,0.36,0.0017068813838488023,0.03587458292851941,0.24734485768661113,1920
1050,0.04,narrow,joint_current_unpenalized,15,0.4,0.001755373550423005,0.023496849947239815,0.33958464373378233,1920
1050,0.04,narrow,joint_current_unpenalized,16,0.44,0.0017866320827115848,0.03207606321586181,0.3310911514599378,1920
1050,0.04,narrow,joint_current_unpenalized,17,0.48,0.0012946736693286137,0.03171995063072057,0.26264696651457975,1920
1050,0.04,narrow,joint_current_unpenalized,18,0.52,0.001716083729050694,0.030171723871050833,0.2720798330588209,1920
1050,0.04,narrow,joint_current_unpenalized,19,0.56,0.0014432724875160933,0.02514376378191308,0.3396244585970882,1920
1050,0.04,narrow,joint_current_unpenalized,20,0.6,0.0008835596058964423,0.04382479746299922,0.46299940772906495,1920
1050,0.04,narrow,joint_current_unpenalized,21,0.64,0.0007731150601653537,0.04609669316081601,0.4693606215834007,1920
1050,0.04,narrow,joint_current_unpenalized,22,0.65,0.00014212729193538963,0.05905289482696809,0.41842883825378646,1920
1050,0.04,narrow,joint_current_unpenalized,23,0.65,0.00012092159835128532,0.03896659487677458,0.3881680807581923,1920
1050,0.04,narrow,joint_current_unpenalized,24,0.65,8.119532908586129e-05,0.0446391668113287,0.455869835020081,1920
1050,0.04,narrow,joint_current_unpenalized,25,0.65,5.0337807909660595e-05,0.048376154309437244,0.5118538977644741,1920
1050,0.04,narrow,joint_current_unpenalized,26,0.65,1.108268319464377e-05,0.05046756711937174,0.5294055389788214,1920
1050,0.04,narrow,joint_current_unpenalized,27,0.65,6.127992009475173e-05,0.056595503516500674,0.5766611776903441,1920
1050,0.04,narrow,joint_current_unpenalized,28,0.65,1.6688809686774273e-05,0.05129552562632354,0.5557615977808338,1920
1050,0.04,narrow,joint_current_unpenalized,29,0.65,7.14567025661193e-05,0.04783042939376031,0.47202795071158354,1920
1050,0.04,narrow,joint_recent2,0,0.0,0.0,0.0,0.003778503665982559,1920
1050,0.04,narrow,joint_recent2,1,0.0,8.032933353541288e-05,0.0009130896062879108,0.008902849561164874,1920
1050,0.04,narrow,joint_recent2,2,0.0,3.810460202313533e-05,0.0002948004257155815,0.013265161633173329,1920
1050,0.04,narrow,joint_recent2,3,0.0,1.48587518537682e-05,0.0002958602016092742,0.0029237133017669726,1920
1050,0.04,narrow,joint_recent2,4,0.0,2.8994366015199212e-05,0.0011218316991361658,0.006118428709251053,1920
1050,0.04,narrow,joint_recent2,5,0.0,4.7416098701790415e-05,0.005573283066258963,0.0023749358567488384,1920
1050,0.04,narrow,joint_recent2,6,0.04,0.0034778016607710954,0.00691664624484117,0.004516575432880242,1920
1050,0.04,narrow,joint_recent2,7,0.08,0.007742682862004043,0.017670749797528224,0.007003275613223268,1920
1050,0.04,narrow,joint_recent2,8,0.12,0.0066424760404639495,0.02076427651431743,0.005993718525814155,1920
1050,0.04,narrow,joint_recent2,9,0.16,0.004988651246731841,0.0311110219833185,0.008384770250697591,1920
1050,0.04,narrow,joint_recent2,10,0.2,0.005291663998615408,0.021207368493835255,0.015411553454292378,1920
1050,0.04,narrow,joint_recent2,11,0.24,0.005511652513909122,0.034423848829425244,0.013795367216679783,1920
1050,0.04,narrow,joint_recent2,12,0.28,0.005090587872563889,0.050442382854484435,0.0021626923399896913,1920
1050,0.04,narrow,joint_recent2,13,0.32,0.005351498216130571,0.05599652924514816,0.0047289339743868935,1920
1050,0.04,narrow,joint_recent2,14,0.36,0.004354720857057503,0.06166078954987361,0.005394741980603813,1920
1050,0.04,narrow,joint_recent2,15,0.4,0.00403567374423905,0.08204013164579928,0.002189313225579451,1920
1050,0.04,narrow,joint_recent2,16,0.44,0.0033244290446293925,0.08642062741608794,0.0022948517065567047,1920
1050,0.04,narrow,joint_recent2,17,0.48,0.0036126298176201023,0.0980342352534599,0.0028748988376849924,1920
1050,0.04,narrow,joint_recent2,18,0.52,0.0031077947245158454,0.10606648829636349,0.0038948000914823477,1920
1050,0.04,narrow,joint_recent2,19,0.56,0.0028030511546416406,0.09782493223628386,0.004612486094400087,1920
1050,0.04,narrow,joint_recent2,20,0.6,0.0022350387276084092,0.12764026561466943,0.0027699371067042857,1920
1050,0.04,narrow,joint_recent2,21,0.64,0.0019997129419365824,0.1608471807466194,0.005547482583353341,1920
1050,0.04,narrow,joint_recent2,22,0.65,0.00046870548201651696,0.15770267901214574,0.0028188290350696235,1920
1050,0.04,narrow,joint_recent2,23,0.65,9.08614841798418e-05,0.14958112886332342,0.0013514633238504374,1920
1050,0.04,narrow,joint_recent2,24,0.65,8.822748889280735e-05,0.14813869851569547,0.001586635731429088,1920
1050,0.04,narrow,joint_recent2,25,0.65,4.532862003782251e-05,0.1604017763283993,0.002985192020117363,1920
1050,0.04,narrow,joint_recent2,26,0.65,9.79163745047182e-06,0.17409339413098343,0.004357926928026446,1920
1050,0.04,narrow,joint_recent2,27,0.65,3.027215663371106e-05,0.1823093435116218,0.003977244639634348,1920
1050,0.04,narrow,joint_recent2,28,0.65,1.1664419651516108e-05,0.1979163578054835,0.003925353338897553,1920
1050,0.04,narrow,joint_recent2,29,0.65,2.665771140053695e-05,0.20647202995682729,0.001561934277370432,1920
1050,0.04,broad,theta_current,0,0.0,0.0,0.0,0.0,1920
1050,0.04,broad,theta_current,1,0.0,0.0002008308490118937,0.0001640883370719338,0.0,1920
1050,0.04,broad,theta_current,2,0.0,0.00030669467240827315,0.00019623307854226384,0.0,1920
1050,0.04,broad,theta_current,3,0.0,8.97083926757332e-05,7.496477989842913e-05,0.0,1920
1050,0.04,broad,theta_current,4,0.0,0.00032037135801512017,0.00020091243800157016,0.0,1920
1050,0.04,broad,theta_current,5,0.0,3.81213147587633e-05,3.3993462194990435e-05,0.0,1920
1050,0.04,broad,theta_current,6,0.04,0.0026282554916335545,0.002654856687141357,0.0,1920
1050,0.04,broad,theta_current,7,0.08,0.0037025114686617543,0.005296568377232743,0.0,1920
1050,0.04,broad,theta_current,8,0.12,0.005624602352660296,0.007197063293349596,0.0,1920
1050,0.04,broad,theta_current,9,0.16,0.015800482284939615,0.011892124449791246,0.0,1920
1050,0.04,broad,theta_current,10,0.2,0.011208180733019222,0.015600870315660225,0.0,1920
1050,0.04,broad,theta_current,11,0.24,0.037094681908804404,0.027356306664732682,0.0,1920
1050,0.04,broad,theta_current,12,0.28,0.03952373625034114,0.03513814038606843,0.0,1920
1050,0.04,broad,theta_current,13,0.32,0.02582338709139832,0.030409938285445817,0.0,1920
1050,0.04,broad,theta_current,14,0.36,0.045904264555837127,0.04564174945770787,0.0,1920
1050,0.04,broad,theta_current,15,0.4,0.057856724860102716,0.05366198211813368,0.0,1944
1050,0.04,broad,theta_current,16,0.44,0.047457474248011645,0.04861521782409099,0.0,1920
1050,0.04,broad,theta_current,17,0.48,0.044118154289981885,0.05669746586438497,0.0,1920
1050,0.04,broad,theta_current,18,0.52,0.06503938610706471,0.07421439690216836,0.0,1920
1050,0.04,broad,theta_current,19,0.56,0.079668192319601,0.07509607511474241,0.0,1920
1050,0.04,broad,theta_current,20,0.6,0.0539940687456894,0.06268205153451517,0.0,1920
1050,0.04,broad,theta_current,21,0.64,0.05919063914845376,0.0721843266335449,0.0,1920
1050,0.04,broad,theta_current,22,0.65,0.07164492542285687,0.07007268314795743,0.0,1920
1050,0.04,broad,theta_current,23,0.65,0.11203374801918253,0.08446803503013794,0.0,1944
1050,0.04,broad,theta_current,24,0.65,0.04155666739026687,0.0841833711359562,0.0,1920
1050,0.04,broad,theta_current,25,0.65,0.05696798804408274,0.09284645351518503,0.0,1920
1050,0.04,broad,theta_current,26,0.65,0.05476317972361867,0.07177040170412238,0.0,1920
1050,0.04,broad,theta_current,27,0.65,0.11416856713852558,0.08358563949898429,0.0,1944
1050,0.04,broad,theta_current,28,0.65,0.0827291469123188,0.09724452756582308,0.0,1920
1050,0.04,broad,theta_current,29,0.65,0.05725211280668305,0.06508847815298219,0.0,1944
1050,0.04,broad,joint_current,0,0.0,0.0,0.0,0.025475240360284177,1920
1050,0.04,broad,joint_current,1,0.0,0.00028078177146352714,0.00023897378957650858,0.007951968121566864,1920
1050,0.04,broad,joint_current,2,0.0,0.0002991898996307786,0.0001938189684524226,0.018391692387424333,1920
1050,0.04,broad,joint_current,3,0.0,0.00012218776168717205,0.00012006719319937069,0.026451851803693204,1920
1050,0.04,broad,joint_current,4,0.0,0.0003260298499421085,0.0002216604089645979,0.019203840784365347,1920
1050,0.04,broad,joint_current,5,0.0,4.615125148536576e-05,3.6602405701358074e-05,0.01682105338777489,1920
1050,0.04,broad,joint_current,6,0.04,0.00257062525994572,0.002634985840880048,0.03695957526554532,1920
1050,0.04,broad,joint_current,7,0.08,0.0019579155781271483,0.002914681971260771,0.07452849347864383,1920
1050,0.04,broad,joint_current,8,0.12,0.002028918768059947,0.0031460169252137816,0.08718845847776639,1920
1050,0.04,broad,joint_current,9,0.16,0.004071442395499094,0.0029077745948969417,0.08491529642501179,1920
1050,0.04,broad,joint_current,10,0.2,0.0033727786721926014,0.0030573834053646974,0.13997123370860476,1920
1050,0.04,broad,joint_current,11,0.24,0.004088750956707238,0.003685637811170456,0.1869717085197603,1920
1050,0.04,broad,joint_current,12,0.28,0.0038845686170164025,0.0029291007007916253,0.20907944924920074,1920
1050,0.04,broad,joint_current,13,0.32,0.0023907097633936183,0.002658754713175767,0.2456858214297193,1920
1050,0.04,broad,joint_current,14,0.36,0.0028889956346921375,0.003573352406402855,0.28257934120043005,1920
1050,0.04,broad,joint_current,15,0.4,0.002541116356698627,0.003330181357112852,0.31373895270166235,1920
1050,0.04,broad,joint_current,16,0.44,0.006236709493788566,0.004352834347128165,0.3494258283183013,1920
1050,0.04,broad,joint_current,17,0.48,0.0012750542356937669,0.0019657328861416327,0.352974505374524,1920
1050,0.04,broad,joint_current,18,0.52,0.005515771378727194,0.004998376441424309,0.399143321235648,1920
1050,0.04,broad,joint_current,19,0.56,0.001769452370321492,0.001978867490349645,0.44477857135547816,1920
1050,0.04,broad,joint_current,20,0.6,0.0017202391921177856,0.0020568839469744613,0.44476136070922107,1920
1050,0.04,broad,joint_current,21,0.64,0.0019609451267348144,0.0031925416633577586,0.481176118084861,1920
1050,0.04,broad,joint_current,22,0.65,0.0023673813016020138,0.0015122904374652011,0.46066009589699386,1920
1050,0.04,broad,joint_current,23,0.65,0.001859449682497727,0.0015850058810579367,0.44697736845683905,1920
1050,0.04,broad,joint_current,24,0.65,0.0015308247324118077,0.002972878041251612,0.2659008575348165,1920
1050,0.04,broad,joint_current,25,0.65,0.007628464590424528,0.036477073839793324,0.39052519871162306,1920
1050,0.04,broad,joint_current,26,0.65,0.004334104612337285,0.005092660103160847,0.4654225131070742,1920
1050,0.04,broad,joint_current,27,0.65,0.0013745043219282578,0.0019688586178546593,0.40341200843554087,1920
1050,0.04,broad,joint_current,28,0.65,0.0029562681988088996,0.003866419941368606,0.48782166456732434,1920
1050,0.04,broad,joint_current,29,0.65,0.0016588271876670023,0.0010771890124433338,0.48332727778679185,1920
1050,0.04,broad,joint_current_unpenalized,0,0.0,0.0,0.0,0.05996873944246431,1920
1050,0.04,broad,joint_current_unpenalized,1,0.0,0.0003322056182099577,0.00031420723145690317,0.013591269670602608,1920
1050,0.04,broad,joint_current_unpenalized,2,0.0,0.00030175918345245393,0.00019562406243294698,0.034590433126007736,1920
1050,0.04,broad,joint_current_unpenalized,3,0.0,0.0001240033328136749,0.00013820715640697133,0.05118682752326629,1920
1050,0.04,broad,joint_current_unpenalized,4,0.0,0.000357615252872263,0.0002658701953755294,0.031621396078683764,1920
1050,0.04,broad,joint_current_unpenalized,5,0.0,5.858417964825753e-05,4.687456069188405e-05,0.025368270812147646,1920
1050,0.04,broad,joint_current_unpenalized,6,0.04,0.002539300325535766,0.0026144733896904656,0.05754560519820453,1920
1050,0.04,broad,joint_current_unpenalized,7,0.08,0.002045304104265629,0.0030034847368272666,0.09863644741339778,1920
1050,0.04,broad,joint_current_unpenalized,8,0.12,0.002106412923010996,0.003226216685272479,0.18198805555193623,1920
1050,0.04,broad,joint_current_unpenalized,9,0.16,0.0034729237383007996,0.002378707705538068,0.15350726421154157,1920
1050,0.04,broad,joint_current_unpenalized,10,0.2,0.0032555727979179327,0.002866574128662951,0.1761628838100745,1920
1050,0.04,broad,joint_current_unpenalized,11,0.24,0.003963345321374874,0.003438731944219938,0.25044088734366293,1920
1050,0.04,broad,joint_current_unpenalized,12,0.28,0.003340339875008399,0.0025797276001842473,0.249444748266363,1920
1050,0.04,broad,joint_current_unpenalized,13,0.32,0.002274476644582031,0.0024287803777680943,0.3168407866616765,1920
1050,0.04,broad,joint_current_unpenalized,14,0.36,0.002371233135544074,0.002666641472718512,0.3482049401595246,1920
1050,0.04,broad,joint_current_unpenalized,15,0.4,0.0024697902692698945,0.002458732728875382,0.4501371930960209,1920
1050,0.04,broad,joint_current_unpenalized,16,0.44,0.0015978030215248451,0.0014920150274283922,0.49862218446767914,1920
1050,0.04,broad,joint_current_unpenalized,17,0.48,0.0017327509905156406,0.0019934075728077144,0.4859458084749184,1920
1050,0.04,broad,joint_current_unpenalized,18,0.52,0.0023825464410971637,0.0022671773007570976,0.5789719863570951,1920
1050,0.04,broad,joint_current_unpenalized,19,0.56,0.001545378300450662,0.0013374176787522426,0.6067794339869913,1920
1050,0.04,broad,joint_current_unpenalized,20,0.6,0.0013459223199483684,0.0015591398860658598,0.6511555207665007,1920
1050,0.04,broad,joint_current_unpenalized,21,0.64,0.0007347979788864474,0.0010108576739499143,0.6319126163225313,1920
1050,0.04,broad,joint_current_unpenalized,22,0.65,0.00010415750502147014,0.0001367292173239205,0.6040438288168382,1920
1050,0.04,broad,joint_current_unpenalized,23,0.65,0.00023659075920451884,0.00017768776785343637,0.6539696568697405,1920
1050,0.04,broad,joint_current_unpenalized,24,0.65,0.0003052646916497437,0.0007392579145287289,0.5902988107340995,1920
1050,0.04,broad,joint_current_unpenalized,25,0.65,0.00016081814062464929,0.0002945418231449881,0.6489136005976625,1920
1050,0.04,broad,joint_current_unpenalized,26,0.65,0.00016409604888696747,0.00017044656628935464,0.6604903900319753,1920
1050,0.04,broad,joint_current_unpenalized,27,0.65,0.0003671062224802738,0.00023032812595734023,0.6695073775983996,1920
1050,0.04,broad,joint_current_unpenalized,28,0.65,0.00020666676376865454,0.0002984391877084155,0.697207288632048,1920
1050,0.04,broad,joint_current_unpenalized,29,0.65,9.922170949878055e-05,0.00014998937327172544,0.6059178559082414,1920
1050,0.04,broad,joint_recent2,0,0.0,0.0,0.0,0.025475240360284177,1920
1050,0.04,broad,joint_recent2,1,0.0,0.00028078177146352714,0.00023897378957650858,0.011816823780726382,1920
1050,0.04,broad,joint_recent2,2,0.0,5.300132696727275e-05,7.38583376945909e-05,0.01781377598212404,1920
1050,0.04,broad,joint_recent2,3,0.0,6.374970790854956e-05,6.939941500342494e-05,0.028101001464348067,1920
1050,0.04,broad,joint_recent2,4,0.0,9.390200755989978e-05,0.00011382687095732498,0.017080518065512928,1920
1050,0.04,broad,joint_recent2,5,0.0,6.605964789658631e-05,6.519451758450019e-05,0.014178921492731752,1920
1050,0.04,broad,joint_recent2,6,0.04,0.0025514903061583643,0.0025600420271970764,0.04747015162005017,1920
1050,0.04,broad,joint_recent2,7,0.08,0.004780791274473536,0.006623462394597948,0.05099038113763017,1920
1050,0.04,broad,joint_recent2,8,0.12,0.0043721013615251395,0.006883019520663751,0.06453042652902027,1920
1050,0.04,broad,joint_recent2,9,0.16,0.008134347138982376,0.0063670514105256554,0.11788492356970634,1920
1050,0.04,broad,joint_recent2,10,0.2,0.0062698894517738794,0.005173044090095462,0.12491718183098982,1920
1050,0.04,broad,joint_recent2,11,0.24,0.007660400978284964,0.0067191850575914385,0.17369729821601523,1920
1050,0.04,broad,joint_recent2,12,0.28,0.009286253777605795,0.006227478759522138,0.2096487980268737,1920
1050,0.04,broad,joint_recent2,13,0.32,0.00444254663190374,0.004954028834930681,0.21786761893118248,1920
1050,0.04,broad,joint_recent2,14,0.36,0.004858723391514673,0.00642542476596771,0.2705541245537959,1920
1050,0.04,broad,joint_recent2,15,0.4,0.006028026786821174,0.006186422133838601,0.30533455696507694,1920
1050,0.04,broad,joint_recent2,16,0.44,0.006866063215033015,0.005062279613354503,0.3729388964162015,1920
1050,0.04,broad,joint_recent2,17,0.48,0.0033738860791055997,0.003782274180758995,0.35897323167575196,1920
1050,0.04,broad,joint_recent2,18,0.52,0.005035553223395492,0.004696743655225873,0.40595808593084826,1920
1050,0.04,broad,joint_recent2,19,0.56,0.00429611725152726,0.0034198004296883775,0.4222584813307039,1920
1050,0.04,broad,joint_recent2,20,0.6,0.0024967625747066564,0.0029851182649774967,0.45413922178475225,1920
1050,0.04,broad,joint_recent2,21,0.64,0.0027553032943689513,0.0036062108253259364,0.4735794723560116,1920
1050,0.04,broad,joint_recent2,22,0.65,0.0030242676473023894,0.001870269465923207,0.4956476699929441,1920
1050,0.04,broad,joint_recent2,23,0.65,0.0005576371055244531,0.000758862071375108,0.48930317759002223,1920
1050,0.04,broad,joint_recent2,24,0.65,0.0006675744824299461,0.0008058799185322933,0.4650002179205567,1920
1050,0.04,broad,joint_recent2,25,0.65,0.0004612438634699259,0.0017732881945566022,0.39361957943092896,1920
1050,0.04,broad,joint_recent2,26,0.65,0.005286745531300829,0.006065967770785035,0.46730278553318944,1920
1050,0.04,broad,joint_recent2,27,0.65,0.001250597441601219,0.0013339167464335592,0.47746551567953915,1920
1050,0.04,broad,joint_recent2,28,0.65,0.0008686530691304305,0.0012290307690888563,0.481013466685138,1920
1050,0.04,broad,joint_recent2,29,0.65,0.0016483390659635868,0.0011259177632159372,0.4986864302849084,1920
1051,0.015,narrow,theta_current,0,0.0,0.0,0.0,0.0,1920
1051,0.015,narrow,theta_current,1,0.0,2.4923502551232272e-05,0.030039968918590225,0.0,1920
1051,0.015,narrow,theta_current,2,0.0,6.287660435774982e-05,0.007970694727077978,0.0,1920
1051,0.015,narrow,theta_current,3,0.0,8.049775486845886e-05,0.01622611346577365,0.0,1920
1051,0.015,narrow,theta_current,4,0.0,3.552612591603929e-05,0.008136103044247427,0.0,1920
1051,0.015,narrow,theta_current,5,0.0,3.434801675604074e-05,0.006757305090600643,0.0,1920
1051,0.015,narrow,theta_current,6,0.015,5.75216596003174e-05,0.005968875148820903,0.0,1920
1051,0.015,narrow,theta_current,7,0.03,0.0002168800814495287,0.005956786430096341,0.0,1920
1051,0.015,narrow,theta_current,8,0.045,0.0004622387454485351,0.0078053946530747265,0.0,1920
1051,0.015,narrow,theta_current,9,0.06,0.00019906031948416672,0.013081407533344289,0.0,1920
1051,0.015,narrow,theta_current,10,0.075,0.0003461019930432807,0.019717942730688706,0.0,1920
1051,0.015,narrow,theta_current,11,0.09,0.0002618821409542458,0.010815705985270624,0.0,1920
1051,0.015,narrow,theta_current,12,0.105,0.00017958046159260812,0.01786029404646778,0.0,1920
1051,0.015,narrow,theta_current,13,0.12,0.00010903948457163396,0.024978288966288703,0.0,1920
1051,0.015,narrow,theta_current,14,0.135,0.0004464439273096171,0.02170652219616531,0.0,1920
1051,0.015,narrow,theta_current,15,0.15,0.0002664681879574559,0.023444636474818828,0.0,1920
1051,0.015,narrow,theta_current,16,0.16499999999999998,0.00023144077611208947,0.025916868447561744,0.0,1920
1051,0.015,narrow,theta_current,17,0.18,0.00029635272288583756,0.03432406041198242,0.0,1920
1051,0.015,narrow,theta_current,18,0.195,6.423250320865e-05,0.025572477122968274,0.0,1920
1051,0.015,narrow,theta_current,19,0.21,0.00012322565042679248,0.03224026909753891,0.0,1920
1051,0.015,narrow,theta_current,20,0.22499999999999998,0.0002989592498780097,0.04936839863632454,0.0,1920
1051,0.015,narrow,theta_current,21,0.24,0.0004759670273522894,0.050346640524219416,0.0,1920
1051,0.015,narrow,theta_current,22,0.255,0.00012839770155516749,0.04107365325829976,0.0,1920
1051,0.015,narrow,theta_current,23,0.27,0.00037124603769827505,0.04486234626888535,0.0,1920
1051,0.015,narrow,theta_current,24,0.285,0.00027343371237309526,0.04975795946335636,0.0,1920
1051,0.015,narrow,theta_current,25,0.3,0.00035196537679262063,0.04992126619445125,0.0,1920
1051,0.015,narrow,theta_current,26,0.315,0.00040938737164722926,0.05610323474824044,0.0,1920
1051,0.015,narrow,theta_current,27,0.32999999999999996,0.0005656502140805713,0.05553347433369485,0.0,1920
1051,0.015,narrow,theta_current,28,0.345,0.0007590934202390291,0.08464181140211918,0.0,1920
1051,0.015,narrow,theta_current,29,0.36,0.0005948381638555515,0.08518311419139517,0.0,1920
1051,0.015,narrow,joint_current,0,0.0,0.0,0.0,0.01772180020729595,1920
1051,0.015,narrow,joint_current,1,0.0,2.7793155373806492e-05,0.03199691134089662,0.012986901372233283,1920
1051,0.015,narrow,joint_current,2,0.0,6.436330896587303e-05,0.004403930041703325,0.00659649200615583,1920
1051,0.015,narrow,joint_current,3,0.0,8.095558998634439e-05,0.01535719489281106,0.006936193418048109,1920
1051,0.015,narrow,joint_current,4,0.0,3.553254310014231e-05,0.005309906214427349,0.002569831603434068,1920
1051,0.015,narrow,joint_current,5,0.0,3.521742206704387e-05,0.00557361226078191,0.01286618815264756,1920
1051,0.015,narrow,joint_current,6,0.015,5.9444952653877356e-05,0.011160861354600732,0.0031018669754860864,1920
1051,0.015,narrow,joint_current,7,0.03,0.00021554605408291225,0.00716304063347137,0.012193048951378732,1920
1051,0.015,narrow,joint_current,8,0.045,0.0004469360652051835,0.007896136644224557,0.0046105283697132175,1920
1051,0.015,narrow,joint_current,9,0.06,0.00019195005928715066,0.010379799294357669,0.007583325871358926,1920
1051,0.015,narrow,joint_current,10,0.075,0.00035840085199746844,0.01805824193024122,0.015424009935421847,1920
1051,0.015,narrow,joint_current,11,0.09,0.0002585745053444714,0.016187288136597408,0.005366941265194559,1920
1051,0.015,narrow,joint_current,12,0.105,0.00018716919497975743,0.023990181923866746,0.001949852843125462,1920
1051,0.015,narrow,joint_current,13,0.12,0.00010817456340002277,0.03233013199629362,0.0018356173835575962,1920
1051,0.015,narrow,joint_current,14,0.135,0.00044692056566257533,0.024311918223246264,0.0011047531535307027,1920
1051,0.015,narrow,joint_current,15,0.15,0.0002659604105735643,0.022478081604478718,0.0011924982760129954,1920
1051,0.015,narrow,joint_current,16,0.16499999999999998,0.0002316658430766275,0.023164070713042228,0.007408115748840753,1920
1051,0.015,narrow,joint_current,17,0.18,0.00028484520542943056,0.025449362398548257,0.005010122154734521,1920
1051,0.015,narrow,joint_current,18,0.195,6.468481751622725e-05,0.023103439083985704,0.0042047391596621445,1920
1051,0.015,narrow,joint_current,19,0.21,0.00012042167288086345,0.027733102480364882,0.008104768388176888,1920
1051,0.015,narrow,joint_current,20,0.22499999999999998,0.00030706300563300914,0.041141157864277994,0.0013095843336611093,1920
1051,0.015,narrow,joint_current,21,0.24,0.00046950498147313533,0.03917997808282603,0.0029658043126957845,1920
1051,0.015,narrow,joint_current,22,0.255,0.00012941467250757947,0.03956701589798806,0.00039299290219551566,1920
1051,0.015,narrow,joint_current,23,0.27,0.0003700269024332939,0.04200394337622121,0.0007701925943086134,1920
1051,0.015,narrow,joint_current,24,0.285,0.00027253905781262966,0.04653509877475295,0.0039649898212526635,1920
1051,0.015,narrow,joint_current,25,0.3,0.0003501220333238545,0.045380439255515936,0.0017265885500601188,1920
1051,0.015,narrow,joint_current,26,0.315,0.0004148205064036425,0.04873208902852261,0.001406010884803921,1920
1051,0.015,narrow,joint_current,27,0.32999999999999996,0.0005666534050627676,0.05254690447759742,0.0020153078161682875,1920
1051,0.015,narrow,joint_current,28,0.345,0.0007621790486926445,0.06819628661191589,0.01083550946788371,1920
1051,0.015,narrow,joint_current,29,0.36,0.0005736854750101907,0.06897936145770947,0.008710065891806574,1920
1051,0.015,narrow,joint_current_unpenalized,0,0.0,0.0,0.0,0.1375190419983493,1920
1051,0.015,narrow,joint_current_unpenalized,1,0.0,5.118714215090927e-05,0.07304637540546943,0.05357791499545061,1920
1051,0.015,narrow,joint_current_unpenalized,2,0.0,0.00010068331984656362,0.0033684500825696224,0.07699230676451409,1920
1051,0.015,narrow,joint_current_unpenalized,3,0.0,8.10054968561333e-05,0.02430403380154341,0.03081090312222756,1920
1051,0.015,narrow,joint_current_unpenalized,4,0.0,4.2565509821984396e-05,0.004184500531937208,0.05067904619343443,1920
1051,0.015,narrow,joint_current_unpenalized,5,0.0,3.777530356239078e-05,0.008330880079816907,0.09224161483521641,1920
1051,0.015,narrow,joint_current_unpenalized,6,0.015,5.835082502052134e-05,0.021038754192768343,0.13284319945541764,1920
1051,0.015,narrow,joint_current_unpenalized,7,0.03,0.00024248857037594104,0.019226557941953853,0.05922016403832192,1920
1051,0.015,narrow,joint_current_unpenalized,8,0.045,0.00045122888126939266,0.008227960815201843,0.05712779798771068,1920
1051,0.015,narrow,joint_current_unpenalized,9,0.06,0.00018134443649952503,0.02374513043369507,0.09223714832310362,1920
1051,0.015,narrow,joint_current_unpenalized,10,0.075,0.0003992871085755477,0.03968495825483999,0.24566182876634415,1920
1051,0.015,narrow,joint_current_unpenalized,11,0.09,0.0002731351266415428,0.028502809034899372,0.3071229912594464,1920
1051,0.015,narrow,joint_current_unpenalized,12,0.105,0.0004551870393591652,0.05044012642704298,0.3454308586135821,1920
1051,0.015,narrow,joint_current_unpenalized,13,0.12,0.00012167406857632463,0.034260046163526174,0.24058996510440234,1920
1051,0.015,narrow,joint_current_unpenalized,14,0.135,0.0004879581180047458,0.02114422928698438,0.17246530993097067,1920
1051,0.015,narrow,joint_current_unpenalized,15,0.15,0.00027984013898964917,0.01191426353267141,0.15679532836551954,1920
1051,0.015,narrow,joint_current_unpenalized,16,0.16499999999999998,0.00022736360391805888,0.010375133232495986,0.10837342844875894,1920
1051,0.015,narrow,joint_current_unpenalized,17,0.18,0.00022036904832388191,0.03902868084335828,0.1490918111181981,1920
1051,0.015,narrow,joint_current_unpenalized,18,0.195,7.625119233012138e-05,0.004080799185582917,0.15275022244794145,1920
1051,0.015,narrow,joint_current_unpenalized,19,0.21,0.00011186230349399282,0.011821838123788137,0.14274439226906216,1920
1051,0.015,narrow,joint_current_unpenalized,20,0.22499999999999998,0.00032575242135228776,0.04355723143652806,0.14337184221633778,1920
1051,0.015,narrow,joint_current_unpenalized,21,0.24,0.0004511463252431464,0.029230834269373014,0.21190495179405236,1920
1051,0.015,narrow,joint_current_unpenalized,22,0.255,0.00012557854072388474,0.009713806440227554,0.21752759553199688,1920
1051,0.015,narrow,joint_current_unpenalized,23,0.27,0.00037138366063565353,0.009881876549739254,0.2409744264633273,1920
1051,0.015,narrow,joint_current_unpenalized,24,0.285,0.0002780289147626191,0.007597721844562639,0.23260288504006194,1920
1051,0.015,narrow,joint_current_unpenalized,25,0.3,0.0003523334803510342,0.01100905403884796,0.23096829745618627,1920
1051,0.015,narrow,joint_current_unpenalized,26,0.315,0.00042291155876130154,0.01862839321118069,0.28797762547783123,1920
1051,0.015,narrow,joint_current_unpenalized,27,0.32999999999999996,0.000566421273316674,0.016640450891926395,0.21307979718924822,1920
1051,0.015,narrow,joint_current_unpenalized,28,0.345,0.0007699822758332719,0.04810457883237768,0.251804289574626,1920
1051,0.015,narrow,joint_current_unpenalized,29,0.36,0.0005209328362978326,0.037553982857117044,0.3024905344343239,1920
1051,0.015,narrow,joint_recent2,0,0.0,0.0,0.0,0.01772180020729595,1920
1051,0.015,narrow,joint_recent2,1,0.0,2.7793155373806492e-05,0.03199691134089662,0.0012596807349570212,1920
1051,0.015,narrow,joint_recent2,2,0.0,4.1634783508344353e-05,0.027425328766041816,0.0021948826248350886,1920
1051,0.015,narrow,joint_recent2,3,0.0,5.01580726281879e-05,0.024196645137399574,0.0032845152398237013,1920
1051,0.015,narrow,joint_recent2,4,0.0,2.191394925592836e-05,0.01860285988018691,0.006453720995435988,1920
1051,0.015,narrow,joint_recent2,5,0.0,2.5442204062465444e-05,0.011126901573589197,0.010699609545164888,1920
1051,0.015,narrow,joint_recent2,6,0.015,0.0001275438975177169,0.0030567669276770583,0.014224073405873491,1920
1051,0.015,narrow,joint_recent2,7,0.03,0.00022726906377531177,0.0029109989173550757,0.007256716912123757,1920
1051,0.015,narrow,joint_recent2,8,0.045,0.0005218352094503194,0.004862086157400237,0.009860636671308386,1920
1051,0.015,narrow,joint_recent2,9,0.06,0.00029137832556351616,0.008792707265793266,0.007462833186851704,1920
1051,0.015,narrow,joint_recent2,10,0.075,0.0005178675864434449,0.015172629430006416,0.011065583256035563,1920
1051,0.015,narrow,joint_recent2,11,0.09,0.000533978109501031,0.007660845738647103,0.015451800813840677,1920
1051,0.015,narrow,joint_recent2,12,0.105,0.00044928425194253264,0.01175785195776642,0.005604148936176808,1920
1051,0.015,narrow,joint_recent2,13,0.12,0.00019379348319838296,0.015805276113511006,0.0019744865564412643,1920
1051,0.015,narrow,joint_recent2,14,0.135,0.0005515410872346482,0.018949027704021914,0.0031130155190001933,1920
1051,0.015,narrow,joint_recent2,15,0.15,0.0005515438678271609,0.01811736966938317,0.0005873464998583425,1920
1051,0.015,narrow,joint_recent2,16,0.16499999999999998,0.0005102459114320596,0.022019953943734825,0.002834595004099741,1920
1051,0.015,narrow,joint_recent2,17,0.18,0.00048578980724180366,0.02434830880356279,0.012713756997307181,1920
1051,0.015,narrow,joint_recent2,18,0.195,0.0003521546473325525,0.026916802947955096,0.006914660549373964,1920
1051,0.015,narrow,joint_recent2,19,0.21,0.0003138559411608745,0.02676950086078091,0.00691850691241945,1920
1051,0.015,narrow,joint_recent2,20,0.22499999999999998,0.0003977599868200668,0.03585947141561967,0.00392102072877115,1920
1051,0.015,narrow,joint_recent2,21,0.24,0.0007590482787457365,0.04124633140149726,0.0036819728973224663,1920
1051,0.015,narrow,joint_recent2,22,0.255,0.0005703070099545682,0.04645736367898712,0.014866290380064737,1920
1051,0.015,narrow,joint_recent2,23,0.27,0.000813003440988377,0.03912077359398927,0.004003889389200516,1920
1051,0.015,narrow,joint_recent2,24,0.285,0.0006466780070424889,0.04662467347459558,0.003880128862925866,1920
1051,0.015,narrow,joint_recent2,25,0.3,0.0006956556509435831,0.04832434610719232,0.003795125756180998,1920
1051,0.015,narrow,joint_recent2,26,0.315,0.0007242090122778072,0.051624031638391826,0.0031574239404241963,1920
1051,0.015,narrow,joint_recent2,27,0.32999999999999996,0.001329043763823614,0.05463214370265625,0.0012173035031526045,1920
1051,0.015,narrow,joint_recent2,28,0.345,0.0009685775809989884,0.06404506408101127,0.002685839469139056,1920
1051,0.015,narrow,joint_recent2,29,0.36,0.0010730862723657205,0.06911589365824111,0.01049774504035789,1920
1051,0.015,broad,theta_current,0,0.0,0.0,0.0,0.0,1920
1051,0.015,broad,theta_current,1,0.0,8.29950498741392e-05,8.848439061801832e-05,0.0,1920
1051,0.015,broad,theta_current,2,0.0,0.00018855140293608407,0.00017357603797427405,0.0,1920
1051,0.015,broad,theta_current,3,0.0,0.00038413163460420324,0.0003304454252255526,0.0,1920
1051,0.015,broad,theta_current,4,0.0,6.935091291202174e-05,5.815187043112656e-05,0.0,1920
1051,0.015,broad,theta_current,5,0.0,0.00019608062043416493,0.00019472192517040634,0.0,1920
1051,0.015,broad,theta_current,6,0.015,0.000678152824705801,0.0007269920663116498,0.0,1920
1051,0.015,broad,theta_current,7,0.03,0.0012728425407843448,0.0008620293035806216,0.0,1920
1051,0.015,broad,theta_current,8,0.045,0.0009211086648337626,0.0010485064532236488,0.0,1992
1051,0.015,broad,theta_current,9,0.06,0.0011699334908100013,0.0018900920737450998,0.0,1920
1051,0.015,broad,theta_current,10,0.075,0.0016423328171447287,0.0034148136732736695,0.0,1920
1051,0.015,broad,theta_current,11,0.09,0.004756877288730435,0.004490969872370735,0.0,1920
1051,0.015,broad,theta_current,12,0.105,0.011571592443588694,0.008645499378040628,0.0,1920
1051,0.015,broad,theta_current,13,0.12,0.00592284105954263,0.00630051914188888,0.0,1920
1051,0.015,broad,theta_current,14,0.135,0.013575130695387785,0.011521621276629049,0.0,1920
1051,0.015,broad,theta_current,15,0.15,0.01965265756994307,0.015099495835891508,0.0,1920
1051,0.015,broad,theta_current,16,0.16499999999999998,0.016116728043839536,0.01328025892393224,0.0,1920
1051,0.015,broad,theta_current,17,0.18,0.027372503027604675,0.016452990297030633,0.0,1920
1051,0.015,broad,theta_current,18,0.195,0.019066319100865963,0.021261363657908715,0.0,1920
1051,0.015,broad,theta_current,19,0.21,0.02477839177009512,0.02382858393234952,0.0,1920
1051,0.015,broad,theta_current,20,0.22499999999999998,0.0211231844143349,0.022124186921409925,0.0,1920
1051,0.015,broad,theta_current,21,0.24,0.030546662757985857,0.027543707289789297,0.0,1920
1051,0.015,broad,theta_current,22,0.255,0.12345520342289655,0.13094790494015265,0.0,1920
1051,0.015,broad,theta_current,23,0.27,0.05661676537353405,0.047220102838714494,0.0,1944
1051,0.015,broad,theta_current,24,0.285,0.038672511665243166,0.03613445520769107,0.0,1944
1051,0.015,broad,theta_current,25,0.3,0.03313732555079061,0.04690418556531556,0.0,1920
1051,0.015,broad,theta_current,26,0.315,0.051632640393144906,0.05974018738642517,0.0,1920
1051,0.015,broad,theta_current,27,0.32999999999999996,0.0428311122870598,0.04320748148733934,0.0,1920
1051,0.015,broad,theta_current,28,0.345,0.06451767361507817,0.05592808449402847,0.0,1920
1051,0.015,broad,theta_current,29,0.36,0.0467390262596831,0.052174597159254515,0.0,1944
1051,0.015,broad,joint_current,0,0.0,0.0,0.0,0.01186056532821442,1920
1051,0.015,broad,joint_current,1,0.0,0.00010862880990287302,0.00018412780274985804,0.025648833080184067,1920
1051,0.015,broad,joint_current,2,0.0,0.0007495954675193735,0.0008777918954460315,0.014964853667701143,1920
1051,0.015,broad,joint_current,3,0.0,0.0005247478004400128,0.00047193705062040995,0.008224829999478342,1920
1051,0.015,broad,joint_current,4,0.0,0.0002484050506675882,0.0002323314461776337,0.013818198973588235,1920
1051,0.015,broad,joint_current,5,0.0,0.0001904776059697381,0.00019804215217093942,0.01975236048713225,1920
1051,0.015,broad,joint_current,6,0.015,0.00043649081764955954,0.0004648942175275714,0.026641045813272268,1920
1051,0.015,broad,joint_current,7,0.03,0.000767106723434613,0.0005051708335149015,0.042587068866386364,1920
1051,0.015,broad,joint_current,8,0.045,0.0002788775758224064,0.0002926382304375694,0.04998267530349331,1920
1051,0.015,broad,joint_current,9,0.06,0.0003839412938905935,0.0003539743528560933,0.06290138604967761,1920
1051,0.015,broad,joint_current,10,0.075,0.0005771139446250562,0.0007438646647314809,0.06740898410228953,1920
1051,0.015,broad,joint_current,11,0.09,0.0007345439438621316,0.00104053821106801,0.0821265187267134,1920
1051,0.015,broad,joint_current,12,0.105,0.0007167584889923324,0.00046297067247945455,0.08935649577735656,1920
1051,0.015,broad,joint_current,13,0.12,0.0009188666094129398,0.000997767337933871,0.1324173813997235,1920
1051,0.015,broad,joint_current,14,0.135,0.0008850312071504981,0.001133111032408398,0.13139092265998556,1920
1051,0.015,broad,joint_current,15,0.15,0.00044421074669947076,0.0004178243676707169,0.12702858509390685,1920
1051,0.015,broad,joint_current,16,0.16499999999999998,0.001183003444297513,0.0011553032604454845,0.15780316856259674,1920
1051,0.015,broad,joint_current,17,0.18,0.0009585304726712554,0.0005929579998395704,0.169347536412006,1920
1051,0.015,broad,joint_current,18,0.195,0.0005365032348764246,0.0004509692648248254,0.1748966450763133,1920
1051,0.015,broad,joint_current,19,0.21,0.0016473096836339322,0.0013021531708827983,0.19707250286070177,1920
1051,0.015,broad,joint_current,20,0.22499999999999998,0.000702248469051045,0.0007398620615462609,0.17407438319906,1920
1051,0.015,broad,joint_current,21,0.24,0.0008168938124774129,0.0015174519021788724,0.2242605863060253,1920
1051,0.015,broad,joint_current,22,0.255,0.0014099540438243712,0.0014572829763038668,0.24629120332138701,1920
1051,0.015,broad,joint_current,23,0.27,0.0005540480329756682,0.000677096612722463,0.24145387978193228,1920
1051,0.015,broad,joint_current,24,0.285,0.0007397109694648542,0.001004271420872521,0.21632238108001986,1920
1051,0.015,broad,joint_current,25,0.3,0.0029344139846596193,0.0022596580458722256,0.2611218171316191,1920
1051,0.015,broad,joint_current,26,0.315,0.0007710148464034854,0.002174629617540494,0.2781086557500592,1920
1051,0.015,broad,joint_current,27,0.32999999999999996,0.0018837874702356758,0.0012062154022780647,0.30689252833989245,1920
1051,0.015,broad,joint_current,28,0.345,0.0012877954275006093,0.0010098293259075497,0.31513428171239066,1920
1051,0.015,broad,joint_current,29,0.36,0.0017285536796567043,0.0021102981543702853,0.35310569283580506,1920
1051,0.015,broad,joint_current_unpenalized,0,0.0,0.0,0.0,0.01227454317529375,1920
1051,0.015,broad,joint_current_unpenalized,1,0.0,0.00011075499205639473,0.00018925787842405105,0.0288880044455592,1920
1051,0.015,broad,joint_current_unpenalized,2,0.0,0.000905701346994864,0.0010597382736794777,0.0179130552020591,1920
1051,0.015,broad,joint_current_unpenalized,3,0.0,0.0005779790274689703,0.0005297215366375,0.008502104716581466,1920
1051,0.015,broad,joint_current_unpenalized,4,0.0,0.00025513590665735166,0.0002394343667081242,0.01676804191005393,1920
1051,0.015,broad,joint_current_unpenalized,5,0.0,0.00020502903991543884,0.00020671702848879998,0.02045833806808392,1920
1051,0.015,broad,joint_current_unpenalized,6,0.015,0.0004356955600505477,0.00046443391336404395,0.029374281372991293,1920
1051,0.015,broad,joint_current_unpenalized,7,0.03,0.0007518179602796038,0.0004998035282195347,0.04635917237416724,1920
1051,0.015,broad,joint_current_unpenalized,8,0.045,0.00033098557070795675,0.00032107070468560166,0.053982071020113515,1920
1051,0.015,broad,joint_current_unpenalized,9,0.06,0.0003765146651891783,0.0003342870711420831,0.0682211103354218,1920
1051,0.015,broad,joint_current_unpenalized,10,0.075,0.0005853868167137182,0.0007348738213593305,0.08117339246023854,1920
1051,0.015,broad,joint_current_unpenalized,11,0.09,0.0004933751245836807,0.0008612822626149821,0.08606735817312673,1920
1051,0.015,broad,joint_current_unpenalized,12,0.105,0.000527343690913509,0.00035417888703698057,0.09462430633492298,1920
1051,0.015,broad,joint_current_unpenalized,13,0.12,0.0009115898042125215,0.0009831701062609248,0.15760626435245575,1920
1051,0.015,broad,joint_current_unpenalized,14,0.135,0.0009488107592338738,0.001550583722240562,0.14926622159920291,1920
1051,0.015,broad,joint_current_unpenalized,15,0.15,0.0004333690463649154,0.00041162056547013585,0.14057521693926361,1920
1051,0.015,broad,joint_current_unpenalized,16,0.16499999999999998,0.0006603339532638619,0.0007388946796164879,0.17734398783562072,1920
1051,0.015,broad,joint_current_unpenalized,17,0.18,0.0007300037711226786,0.0005705494931694012,0.19340034385832797,1920
1051,0.015,broad,joint_current_unpenalized,18,0.195,0.000631073409788257,0.0005976038507403559,0.19966794320182663,1920
1051,0.015,broad,joint_current_unpenalized,19,0.21,0.0009626852313972485,0.0009121590080370249,0.210986338811976,1920
1051,0.015,broad,joint_current_unpenalized,20,0.22499999999999998,0.000667956740359792,0.0006591616993073445,0.18913595503486733,1920
1051,0.015,broad,joint_current_unpenalized,21,0.24,0.00037473422403949837,0.0011144781627029296,0.2563193440308323,1920
1051,0.015,broad,joint_current_unpenalized,22,0.255,0.0005227438634048462,0.0005388339449374888,0.2602180906205524,1920
1051,0.015,broad,joint_current_unpenalized,23,0.27,0.0006116713111807207,0.0006463439301526836,0.25987784071480996,1920
1051,0.015,broad,joint_current_unpenalized,24,0.285,0.0005542574346459749,0.0006994208814597798,0.27477857065193045,1920
1051,0.015,broad,joint_current_unpenalized,25,0.3,0.0002722663626165509,0.00052178739865419,0.31265151144837366,1920
1051,0.015,broad,joint_current_unpenalized,26,0.315,0.0005278154448400517,0.0004988700209984616,0.33923304971653867,1920
1051,0.015,broad,joint_current_unpenalized,27,0.32999999999999996,0.0005755264901570259,0.0006165320817275298,0.32763252883271843,1920
1051,0.015,broad,joint_current_unpenalized,28,0.345,0.0009887738057455196,0.0006575676926548139,0.3771095062279661,1920
1051,0.015,broad,joint_current_unpenalized,29,0.36,0.0011163330158798761,0.001114354013545913,0.37313468917770864,1920
1051,0.015,broad,joint_recent2,0,0.0,0.0,0.0,0.01186056532821442,1920
1051,0.015,broad,joint_recent2,1,0.0,0.00010862880990287302,0.00018412780274985804,0.012618198436858062,1920
1051,0.015,broad,joint_recent2,2,0.0,0.00018802520658422594,0.0001424500609138705,0.005412118010363376,1920
1051,0.015,broad,joint_recent2,3,0.0,0.00010659440795874745,7.589216262428518e-05,0.008289126140920696,1920
1051,0.015,broad,joint_recent2,4,0.0,4.9712806768600786e-05,4.488322220697886e-05,0.013188094399775165,1920
1051,0.015,broad,joint_recent2,5,0.0,7.489458749599835e-05,6.924580790438984e-05,0.006142035226058169,1920
1051,0.015,broad,joint_recent2,6,0.015,0.0005795378191704596,0.0005795065051876359,0.02264998991548442,1920
1051,0.015,broad,joint_recent2,7,0.03,0.0013040498851694244,0.0009266875796646524,0.03504151921855018,1920
1051,0.015,broad,joint_recent2,8,0.045,0.0005184594092618543,0.0006456269817746055,0.039739858643388616,1920
1051,0.015,broad,joint_recent2,9,0.06,0.0007593049275319053,0.0008331435885824666,0.05413203674794291,1920
1051,0.015,broad,joint_recent2,10,0.075,0.0007756931256727474,0.0010493228527246059,0.06777892358846979,1920
1051,0.015,broad,joint_recent2,11,0.09,0.0004205043883886658,0.0013845186303782337,0.08444012498731915,1920
1051,0.015,broad,joint_recent2,12,0.105,0.002010741025601327,0.0013905178071062084,0.09171407962653376,1920
1051,0.015,broad,joint_recent2,13,0.12,0.0007830696730162677,0.0008705047213334939,0.10264120031352895,1920
1051,0.015,broad,joint_recent2,14,0.135,0.0017097334843720737,0.0018294568197339016,0.13494677890465995,1920
1051,0.015,broad,joint_recent2,15,0.15,0.001224490374173853,0.001227505968669585,0.133058338761209,1920
1051,0.015,broad,joint_recent2,16,0.16499999999999998,0.0010292355323196663,0.001109238749302817,0.15539617750889242,1920
1051,0.015,broad,joint_recent2,17,0.18,0.0023046987860735556,0.0011675737227211831,0.17708383877550435,1920
1051,0.015,broad,joint_recent2,18,0.195,0.0009370964010919669,0.0009144476132517653,0.17558337802129872,1920
1051,0.015,broad,joint_recent2,19,0.21,0.0017691629997550467,0.001454690406278962,0.19500869481047664,1920
1051,0.015,broad,joint_recent2,20,0.22499999999999998,0.0014014533642509952,0.0013390195780066797,0.19158375213031073,1920
1051,0.015,broad,joint_recent2,21,0.24,0.0006910310819251077,0.0015741212075600635,0.19706222487354969,1920
1051,0.015,broad,joint_recent2,22,0.255,0.0028091847395691726,0.0024909141264132647,0.2392824918553585,1920
1051,0.015,broad,joint_recent2,23,0.27,0.0007780632333305577,0.0009072510625646657,0.25115130077244946,1920
1051,0.015,broad,joint_recent2,24,0.285,0.0009876492671184586,0.0013719903625894784,0.24303299815142956,1920
1051,0.015,broad,joint_recent2,25,0.3,0.0007657717537594772,0.001339845233324944,0.2654787030844352,1920
1051,0.015,broad,joint_recent2,26,0.315,0.0009337619558802314,0.0014243128899074286,0.2820664927026311,1920
1051,0.015,broad,joint_recent2,27,0.32999999999999996,0.001907906513036084,0.001500566844953631,0.30308446236884584,1920
1051,0.015,broad,joint_recent2,28,0.345,0.001283193468188867,0.0011441911551480193,0.31920338079091226,1920
1051,0.015,broad,joint_recent2,29,0.36,0.0012603538222155607,0.001097582071509303,0.34453753587732844,1920
1051,0.04,narrow,theta_current,0,0.0,0.0,0.0,0.0,1920
1051,0.04,narrow,theta_current,1,0.0,2.4923502551232272e-05,0.030039968918590225,0.0,1920
1051,0.04,narrow,theta_current,2,0.0,6.287660435774982e-05,0.007970694727077978,0.0,1920
1051,0.04,narrow,theta_current,3,0.0,8.049775486845886e-05,0.01622611346577365,0.0,1920
1051,0.04,narrow,theta_current,4,0.0,3.552612591603929e-05,0.008136103044247427,0.0,1920
1051,0.04,narrow,theta_current,5,0.0,3.434801675604074e-05,0.006757305090600643,0.0,1920
1051,0.04,narrow,theta_current,6,0.04,0.0006256698590313162,0.008883193191891443,0.0,1920
1051,0.04,narrow,theta_current,7,0.08,0.0012865091201858185,0.013273713693002127,0.0,1920
1051,0.04,narrow,theta_current,8,0.12,0.0019342761355749943,0.01961631349002365,0.0,1920
1051,0.04,narrow,theta_current,9,0.16,0.0013526435287643309,0.03861818150544441,0.0,1920
1051,0.04,narrow,theta_current,10,0.2,0.0015683636949549863,0.045567347605525305,0.0,1920
1051,0.04,narrow,theta_current,11,0.24,0.002587695697035892,0.04217899268982425,0.0,1920
1051,0.04,narrow,theta_current,12,0.28,0.001745647074934237,0.051470092228024185,0.0,1920
1051,0.04,narrow,theta_current,13,0.32,0.0016895691104779897,0.055793909964446345,0.0,1920
1051,0.04,narrow,theta_current,14,0.36,0.003925325189136215,0.06696537573301484,0.0,1920
1051,0.04,narrow,theta_current,15,0.4,0.003937301813236757,0.07979551497199161,0.0,1920
1051,0.04,narrow,theta_current,16,0.44,0.003926539319531952,0.0884591461871824,0.0,1920
1051,0.04,narrow,theta_current,17,0.48,0.002967413151793465,0.11164312523008171,0.0,1920
1051,0.04,narrow,theta_current,18,0.52,0.003148615604044193,0.10725994791500373,0.0,1920
1051,0.04,narrow,theta_current,19,0.56,0.003919280238057622,0.11990561746017392,0.0,1920
1051,0.04,narrow,theta_current,20,0.6,0.0031459658566922624,0.14290863441833337,0.0,1920
1051,0.04,narrow,theta_current,21,0.64,0.003440265762273445,0.1503689529097643,0.0,1920
1051,0.04,narrow,theta_current,22,0.65,0.0002396939113843206,0.14999999892905122,0.0,1920
1051,0.04,narrow,theta_current,23,0.65,1.695647214318897e-05,0.1465840205341008,0.0,1920
1051,0.04,narrow,theta_current,24,0.65,6.404698336719498e-05,0.15335572410370585,0.0,1920
1051,0.04,narrow,theta_current,25,0.65,3.1313399670642105e-05,0.1386832419764903,0.0,1920
1051,0.04,narrow,theta_current,26,0.65,4.153554978743616e-05,0.13563768282455355,0.0,1920
1051,0.04,narrow,theta_current,27,0.65,3.435441509251862e-05,0.13525428141468268,0.0,1920
1051,0.04,narrow,theta_current,28,0.65,0.0001303048949632617,0.14148484617385962,0.0,1920
1051,0.04,narrow,theta_current,29,0.65,0.00021398009400200473,0.17060555637802355,0.0,1920
1051,0.04,narrow,joint_current,0,0.0,0.0,0.0,0.01772180020729595,1920
1051,0.04,narrow,joint_current,1,0.0,2.7793155373806492e-05,0.03199691134089662,0.012986901372233283,1920
1051,0.04,narrow,joint_current,2,0.0,6.436330896587303e-05,0.004403930041703325,0.00659649200615583,1920
1051,0.04,narrow,joint_current,3,0.0,8.095558998634439e-05,0.01535719489281106,0.006936193418048109,1920
1051,0.04,narrow,joint_current,4,0.0,3.553254310014231e-05,0.005309906214427349,0.002569831603434068,1920
1051,0.04,narrow,joint_current,5,0.0,3.521742206704387e-05,0.00557361226078191,0.01286618815264756,1920
1051,0.04,narrow,joint_current,6,0.04,0.0006257326843788744,0.013249936495028154,0.00275722528389828,1920
1051,0.04,narrow,joint_current,7,0.08,0.0012841899665796545,0.013282242415018275,0.012448644945226807,1920
1051,0.04,narrow,joint_current,8,0.12,0.0019113944901942754,0.017846722053360558,0.005506771175817746,1920
1051,0.04,narrow,joint_current,9,0.16,0.0013339917889680381,0.030638051912843304,0.009359183369111427,1920
1051,0.04,narrow,joint_current,10,0.2,0.001588285379870823,0.039066204151429904,0.00953269871063118,1920
1051,0.04,narrow,joint_current,11,0.24,0.0025806249492285886,0.0409760984718109,0.002773804108597914,1920
1051,0.04,narrow,joint_current,12,0.28,0.0017556640070887355,0.04933656324811253,0.0016736385307157858,1920
1051,0.04,narrow,joint_current,13,0.32,0.0016826102627270198,0.053547184392685264,0.0009859885379748764,1920
1051,0.04,narrow,joint_current,14,0.36,0.0039293799907663025,0.060064438780417215,0.0009059367523780854,1920
1051,0.04,narrow,joint_current,15,0.4,0.003946678179968113,0.06800165898590761,0.0008710552913491025,1920
1051,0.04,narrow,joint_current,16,0.44,0.003916986437901517,0.07495193190060394,0.0039410090945855274,1920
1051,0.04,narrow,joint_current,17,0.48,0.0029725652107216055,0.0906093198465315,0.002948880829563116,1920
1051,0.04,narrow,joint_current,18,0.52,0.0031487261593198964,0.09258528611218772,0.0025313701326310604,1920
1051,0.04,narrow,joint_current,19,0.56,0.003917492233925619,0.10424240524522815,0.004631753196699241,1920
1051,0.04,narrow,joint_current,20,0.6,0.00314373859370014,0.12292726124687872,0.002180685018236719,1920
1051,0.04,narrow,joint_current,21,0.64,0.003452966530167073,0.1309715290584289,0.001322990898540993,1920
1051,0.04,narrow,joint_current,22,0.65,0.0002377900169794451,0.13498238132930462,0.00026796961557353334,1920
1051,0.04,narrow,joint_current,23,0.65,1.7575215496160765e-05,0.1328622702809451,0.0004940247997176875,1920
1051,0.04,narrow,joint_current,24,0.65,6.5249675648396e-05,0.1389800505722411,0.0022875904910841256,1920
1051,0.04,narrow,joint_current,25,0.65,3.072819655846245e-05,0.12783130362700174,0.0010198416840094368,1920
1051,0.04,narrow,joint_current,26,0.65,4.417393969834344e-05,0.12490075513555027,0.00015299650228747246,1920
1051,0.04,narrow,joint_current,27,0.65,3.6770911607042276e-05,0.12563836700541436,0.0006007825727712122,1920
1051,0.04,narrow,joint_current,28,0.65,0.00013434640121672494,0.12802262908985798,0.004323693666870592,1920
1051,0.04,narrow,joint_current,29,0.65,0.00020002467241678692,0.1545990421622739,0.004763179002182339,1920
1051,0.04,narrow,joint_current_unpenalized,0,0.0,0.0,0.0,0.1375190419983493,1920
1051,0.04,narrow,joint_current_unpenalized,1,0.0,5.118714215090927e-05,0.07304637540546943,0.05357791499545061,1920
1051,0.04,narrow,joint_current_unpenalized,2,0.0,0.00010068331984656362,0.0033684500825696224,0.07699230676451409,1920
1051,0.04,narrow,joint_current_unpenalized,3,0.0,8.10054968561333e-05,0.02430403380154341,0.03081090312222756,1920
1051,0.04,narrow,joint_current_unpenalized,4,0.0,4.2565509821984396e-05,0.004184500531937208,0.05067904619343443,1920
1051,0.04,narrow,joint_current_unpenalized,5,0.0,3.777530356239078e-05,0.008330880079816907,0.09224161483521641,1920
1051,0.04,narrow,joint_current_unpenalized,6,0.04,0.0006073731820230849,0.022232562920399296,0.14085895310513094,1920
1051,0.04,narrow,joint_current_unpenalized,7,0.08,0.001326763740631676,0.023387616375065583,0.08241153153671604,1920
1051,0.04,narrow,joint_current_unpenalized,8,0.12,0.0019215153838190527,0.011933338254510414,0.08840242721125702,1920
1051,0.04,narrow,joint_current_unpenalized,9,0.16,0.00129918210261727,0.03708275529263155,0.13050396448772072,1920
1051,0.04,narrow,joint_current_unpenalized,10,0.2,0.0016552545778364778,0.051312573288231716,0.2832013146421446,1920
1051,0.04,narrow,joint_current_unpenalized,11,0.24,0.0027292804441698348,0.045275221953994,0.3302957615269411,1920
1051,0.04,narrow,joint_current_unpenalized,12,0.28,0.002064704458177472,0.11636439073890445,0.383426367290855,1920
1051,0.04,narrow,joint_current_unpenalized,13,0.32,0.0015589414304978842,0.12897718224192656,0.3420745747887007,1920
1051,0.04,narrow,joint_current_unpenalized,14,0.36,0.004008216486465191,0.08343122947830979,0.3261966282593646,1920
1051,0.04,narrow,joint_current_unpenalized,15,0.4,0.003960251291091065,0.06747785745311263,0.34278326951877275,1920
1051,0.04,narrow,joint_current_unpenalized,16,0.44,0.003933954283469466,0.06446819460830738,0.3010170085777441,1920
1051,0.04,narrow,joint_current_unpenalized,17,0.48,0.0029196168262491974,0.04660349888089833,0.41209462042628714,1920
1051,0.04,narrow,joint_current_unpenalized,18,0.52,0.0031704228540375746,0.018475098987168502,0.4303510272106725,1920
1051,0.04,narrow,joint_current_unpenalized,19,0.56,0.0039542732598146025,0.02359374767575298,0.4232549856127539,1920
1051,0.04,narrow,joint_current_unpenalized,20,0.6,0.003139581952272456,0.049382886140214015,0.46818377108843645,1920
1051,0.04,narrow,joint_current_unpenalized,21,0.64,0.003372503880311009,0.04196441874935058,0.5449336361098077,1920
1051,0.04,narrow,joint_current_unpenalized,22,0.65,0.00026003520397965607,0.02261981995795705,0.5379021295478232,1920
1051,0.04,narrow,joint_current_unpenalized,23,0.65,1.6061165090992144e-05,0.01569543335375094,0.5365261937417137,1920
1051,0.04,narrow,joint_current_unpenalized,24,0.65,5.87012710455191e-05,0.015128586208028143,0.5227153206348202,1920
1051,0.04,narrow,joint_current_unpenalized,25,0.65,3.233553271865126e-05,0.017709368567521953,0.5267177069346222,1920
1051,0.04,narrow,joint_current_unpenalized,26,0.65,4.273444659751992e-05,0.026675584532390828,0.5800841429402142,1920
1051,0.04,narrow,joint_current_unpenalized,27,0.65,3.7904218541720055e-05,0.02597280271603219,0.5443383618759202,1920
1051,0.04,narrow,joint_current_unpenalized,28,0.65,0.00014614694094109036,0.04760999099522242,0.46523993105581457,1920
1051,0.04,narrow,joint_current_unpenalized,29,0.65,0.00020832543503334513,0.05651845574849758,0.5939623487246117,1920
1051,0.04,narrow,joint_recent2,0,0.0,0.0,0.0,0.01772180020729595,1920
1051,0.04,narrow,joint_recent2,1,0.0,2.7793155373806492e-05,0.03199691134089662,0.0012596807349570212,1920
1051,0.04,narrow,joint_recent2,2,0.0,4.1634783508344353e-05,0.027425328766041816,0.0021948826248350886,1920
1051,0.04,narrow,joint_recent2,3,0.0,5.01580726281879e-05,0.024196645137399574,0.0032845152398237013,1920
1051,0.04,narrow,joint_recent2,4,0.0,2.191394925592836e-05,0.01860285988018691,0.006453720995435988,1920
1051,0.04,narrow,joint_recent2,5,0.0,2.5442204062465444e-05,0.011126901573589197,0.010699609545164888,1920
1051,0.04,narrow,joint_recent2,6,0.04,0.0009059756311364896,0.00536791737688675,0.018083853156069328,1920
1051,0.04,narrow,joint_recent2,7,0.08,0.002228061707819052,0.0110914225604622,0.014548780740080236,1920
1051,0.04,narrow,joint_recent2,8,0.12,0.0032181239243290628,0.017020443680093856,0.011671139769665419,1920
1051,0.04,narrow,joint_recent2,9,0.16,0.002608709321033464,0.02803896430102259,0.016626198237322067,1920
1051,0.04,narrow,joint_recent2,10,0.2,0.003036187824404715,0.037864700091270506,0.010445730533566414,1920
1051,0.04,narrow,joint_recent2,11,0.24,0.005760633645287027,0.037513514008061966,0.011945992738902697,1920
1051,0.04,narrow,joint_recent2,12,0.28,0.0034505620007065627,0.05040030860811713,0.015210029888797565,1920
1051,0.04,narrow,joint_recent2,13,0.32,0.00566015767325595,0.05303806933704942,0.005189680340237046,1920
1051,0.04,narrow,joint_recent2,14,0.36,0.006174430690668998,0.06034271980677988,0.006121233724725063,1920
1051,0.04,narrow,joint_recent2,15,0.4,0.008557310122135486,0.07899108972661556,0.014046195848260197,1920
1051,0.04,narrow,joint_recent2,16,0.44,0.008022217367214044,0.07429961383526992,0.00465707096551944,1920
1051,0.04,narrow,joint_recent2,17,0.48,0.006541817101397419,0.08233966995601855,0.008922494551876273,1920
1051,0.04,narrow,joint_recent2,18,0.52,0.009373415072890792,0.09592218031948183,0.0130190106304755,1920
1051,0.04,narrow,joint_recent2,19,0.56,0.007820610606989657,0.10694270057787555,0.005739252369836116,1920
1051,0.04,narrow,joint_recent2,20,0.6,0.008637218914167164,0.11974788904726288,0.0057264685299283765,1920
1051,0.04,narrow,joint_recent2,21,0.64,0.006523545884726363,0.12655761800519127,0.005222709104909978,1920
1051,0.04,narrow,joint_recent2,22,0.65,0.003054212110077991,0.1379710158707746,0.0027964938175787423,1920
1051,0.04,narrow,joint_recent2,23,0.65,5.800527596672185e-05,0.1327352277882912,0.0007397644299411483,1920
1051,0.04,narrow,joint_recent2,24,0.65,2.6962161974185018e-05,0.1359199837702882,0.0009674623939803667,1920
1051,0.04,narrow,joint_recent2,25,0.65,9.784745318231203e-06,0.13479142528390795,0.0032875061680061016,1920
1051,0.04,narrow,joint_recent2,26,0.65,4.26545806463584e-05,0.12896866798639925,0.0007145447394387544,1920
1051,0.04,narrow,joint_recent2,27,0.65,3.52916588875608e-05,0.12887593091710722,0.001957223714030234,1920
1051,0.04,narrow,joint_recent2,28,0.65,3.536543200835406e-05,0.12875749883435306,0.0011528443307120939,1920
1051,0.04,narrow,joint_recent2,29,0.65,7.813872869268886e-05,0.1366788002877179,0.00594224821586561,1920
1051,0.04,broad,theta_current,0,0.0,0.0,0.0,0.0,1920
1051,0.04,broad,theta_current,1,0.0,8.29950498741392e-05,8.848439061801832e-05,0.0,1920
1051,0.04,broad,theta_current,2,0.0,0.00018855140293608407,0.00017357603797427405,0.0,1920
1051,0.04,broad,theta_current,3,0.0,0.00038413163460420324,0.0003304454252255526,0.0,1920
1051,0.04,broad,theta_current,4,0.0,6.935091291202174e-05,5.815187043112656e-05,0.0,1920
1051,0.04,broad,theta_current,5,0.0,0.00019608062043416493,0.00019472192517040634,0.0,1920
1051,0.04,broad,theta_current,6,0.04,0.0035206730014795532,0.0037639432722792175,0.0,1920
1051,0.04,broad,theta_current,7,0.08,0.007853705436753936,0.005627141150298301,0.0,1920
1051,0.04,broad,theta_current,8,0.12,0.006617991539868619,0.00792462503419426,0.0,1920
1051,0.04,broad,theta_current,9,0.16,0.011851320697967857,0.014252815123011933,0.0,1920
1051,0.04,broad,theta_current,10,0.2,0.012596562558403074,0.02057310782803838,0.0,1920
1051,0.04,broad,theta_current,11,0.24,0.03800775050861226,0.025331553844461396,0.0,1944
1051,0.04,broad,theta_current,12,0.28,0.09799089181106753,0.06195747729269492,0.0,1920
1051,0.04,broad,theta_current,13,0.32,0.03243927484447439,0.04238444713877218,0.0,1920
1051,0.04,broad,theta_current,14,0.36,0.0422460456423251,0.058408606531202084,0.0,1944
1051,0.04,broad,theta_current,15,0.4,0.07829614859798684,0.067104970219555,0.0,1944
1051,0.04,broad,theta_current,16,0.44,0.08159597871167755,0.07151117641308899,0.0,1944
1051,0.04,broad,theta_current,17,0.48,0.10170958661379285,0.07120882665018398,0.0,1944
1051,0.04,broad,theta_current,18,0.52,0.07815964559857949,0.07316688594313159,0.0,1944
1051,0.04,broad,theta_current,19,0.56,0.0735650844690019,0.07151870948165691,0.0,1920
1051,0.04,broad,theta_current,20,0.6,0.06256798272589721,0.0736158733299157,0.0,1920
1051,0.04,broad,theta_current,21,0.64,0.03576418575539802,0.08073678231297324,0.0,1944
1051,0.04,broad,theta_current,22,0.65,0.2109064678018141,0.1188940167454372,0.0,1944
1051,0.04,broad,theta_current,23,0.65,0.06566230679841763,0.08121096604044709,0.0,1920
1051,0.04,broad,theta_current,24,0.65,0.08064954795380554,0.07197242434301511,0.0,1944
1051,0.04,broad,theta_current,25,0.65,0.03639304278719268,0.09803929627979045,0.0,1968
1051,0.04,broad,theta_current,26,0.65,0.07090988614147993,0.13044226683041774,0.0,1920
1051,0.04,broad,theta_current,27,0.65,0.09089380702677417,0.1002328229117082,0.0,1920
1051,0.04,broad,theta_current,28,0.65,0.07688145657574443,0.0814275491929986,0.0,1920
1051,0.04,broad,theta_current,29,0.65,0.1407238767918066,0.11583544589319043,0.0,1920
1051,0.04,broad,joint_current,0,0.0,0.0,0.0,0.01186056532821442,1920
1051,0.04,broad,joint_current,1,0.0,0.00010862880990287302,0.00018412780274985804,0.025648833080184067,1920
1051,0.04,broad,joint_current,2,0.0,0.0007495954675193735,0.0008777918954460315,0.014964853667701143,1920
1051,0.04,broad,joint_current,3,0.0,0.0005247478004400128,0.00047193705062040995,0.008224829999478342,1920
1051,0.04,broad,joint_current,4,0.0,0.0002484050506675882,0.0002323314461776337,0.013818198973588235,1920
1051,0.04,broad,joint_current,5,0.0,0.0001904776059697381,0.00019804215217093942,0.01975236048713225,1920
1051,0.04,broad,joint_current,6,0.04,0.0026921420457337183,0.0028021606397335874,0.04904944801783497,1920
1051,0.04,broad,joint_current,7,0.08,0.004748284226492086,0.00339913008395075,0.09135147921316772,1920
1051,0.04,broad,joint_current,8,0.12,0.0018293228295309391,0.0025461968241641177,0.1232375593832342,1920
1051,0.04,broad,joint_current,9,0.16,0.0032435913996284537,0.0027759446641718285,0.1575501883006621,1920
1051,0.04,broad,joint_current,10,0.2,0.004041147981229293,0.003439031433953753,0.18287842695837134,1920
1051,0.04,broad,joint_current,11,0.24,0.0009735888449576126,0.0035483930257472853,0.16772882423587504,1920
1051,0.04,broad,joint_current,12,0.28,0.025926271305568144,0.014486620180612501,0.26881584521280666,1920
1051,0.04,broad,joint_current,13,0.32,0.0037109843545617863,0.004359710475704545,0.2803152552549877,1920
1051,0.04,broad,joint_current,14,0.36,0.004564222628216079,0.005195151491889838,0.3416879331551729,1920
1051,0.04,broad,joint_current,15,0.4,0.0023019173082988675,0.002878251493132842,0.37809967195977706,1920
1051,0.04,broad,joint_current,16,0.44,0.004785912201611472,0.003581436054997611,0.413141212102722,1920
1051,0.04,broad,joint_current,17,0.48,0.006939354888432913,0.0033487489701970762,0.4624212708631605,1920
1051,0.04,broad,joint_current,18,0.52,0.003974254562816728,0.0031565121550066523,0.4851378565739834,1920
1051,0.04,broad,joint_current,19,0.56,0.011586124917014155,0.005890125747584065,0.55353615251759,1920
1051,0.04,broad,joint_current,20,0.6,0.004252739435803474,0.0033868774588381315,0.5825110746866997,1920
1051,0.04,broad,joint_current,21,0.64,0.0021704163109791653,0.0037731180839018818,0.5777627040550721,1920
1051,0.04,broad,joint_current,22,0.65,0.00735404482271722,0.005518238693914877,0.6201837652580988,1920
1051,0.04,broad,joint_current,23,0.65,0.0011377712993782712,0.0008063450406490646,0.6084935006472136,1920
1051,0.04,broad,joint_current,24,0.65,0.0006813300679545158,0.0011086748938542762,0.6345034763388708,1920
1051,0.04,broad,joint_current,25,0.65,0.00025612786902453233,0.00047139806329372046,0.4319391647987103,1944
1051,0.04,broad,joint_current,26,0.65,0.024132039658344984,0.048384342456240716,0.6215874524862723,1920
1051,0.04,broad,joint_current,27,0.65,0.000749360107312275,0.00045074404337389865,0.6307883589579127,1920
1051,0.04,broad,joint_current,28,0.65,0.0007385953140367608,0.0005499314101835801,0.6013119119567185,1920
1051,0.04,broad,joint_current,29,0.65,0.0008959383850242558,0.0014530642246937584,0.6095592588172101,1920
1051,0.04,broad,joint_current_unpenalized,0,0.0,0.0,0.0,0.01227454317529375,1920
1051,0.04,broad,joint_current_unpenalized,1,0.0,0.00011075499205639473,0.00018925787842405105,0.0288880044455592,1920
1051,0.04,broad,joint_current_unpenalized,2,0.0,0.000905701346994864,0.0010597382736794777,0.0179130552020591,1920
1051,0.04,broad,joint_current_unpenalized,3,0.0,0.0005779790274689703,0.0005297215366375,0.008502104716581466,1920
1051,0.04,broad,joint_current_unpenalized,4,0.0,0.00025513590665735166,0.0002394343667081242,0.01676804191005393,1920
1051,0.04,broad,joint_current_unpenalized,5,0.0,0.00020502903991543884,0.00020671702848879998,0.02045833806808392,1920
1051,0.04,broad,joint_current_unpenalized,6,0.04,0.0026711994623609754,0.002777884847910206,0.05396676387134558,1920
1051,0.04,broad,joint_current_unpenalized,7,0.08,0.004626356841517221,0.0033295970465481647,0.10133733751583643,1920
1051,0.04,broad,joint_current_unpenalized,8,0.12,0.0019237315988951253,0.0025596071199971413,0.13529087639492315,1920
1051,0.04,broad,joint_current_unpenalized,9,0.16,0.002884243212345808,0.0024831455874905145,0.1663422337508926,1920
1051,0.04,broad,joint_current_unpenalized,10,0.2,0.003780827150635996,0.003275686253982943,0.2098214101311725,1920
1051,0.04,broad,joint_current_unpenalized,11,0.24,0.0008898662610264543,0.003403707066067616,0.1892574602656958,1920
1051,0.04,broad,joint_current_unpenalized,12,0.28,0.02330097230927804,0.013594993361573281,0.2895401072808297,1920
1051,0.04,broad,joint_current_unpenalized,13,0.32,0.003858712492017547,0.003994548206439515,0.32545091477870736,1920
1051,0.04,broad,joint_current_unpenalized,14,0.36,0.0028490459609786007,0.0040900951007326325,0.35982450185413023,1920
1051,0.04,broad,joint_current_unpenalized,15,0.4,0.0019814925274655947,0.0025116694200596583,0.4032388890938141,1920
1051,0.04,broad,joint_current_unpenalized,16,0.44,0.0035520358723100513,0.0026989187612388673,0.4375894660669045,1920
1051,0.04,broad,joint_current_unpenalized,17,0.48,0.005689440397263216,0.0026064693077919934,0.4816246598599927,1920
1051,0.04,broad,joint_current_unpenalized,18,0.52,0.003841923577311619,0.003055008673243363,0.5427094565778697,1920
1051,0.04,broad,joint_current_unpenalized,19,0.56,0.005180260262686308,0.002855113790772164,0.5660827142763535,1920
1051,0.04,broad,joint_current_unpenalized,20,0.6,0.004416456876658737,0.003364471508094997,0.6154271394560497,1920
1051,0.04,broad,joint_current_unpenalized,21,0.64,0.0016712415251536837,0.003061386307718694,0.6340749193089029,1920
1051,0.04,broad,joint_current_unpenalized,22,0.65,0.0012668168412891965,0.0009523462443886122,0.6406165001634914,1920
1051,0.04,broad,joint_current_unpenalized,23,0.65,0.00022620271093220089,0.00015532617167012634,0.6321343439248289,1920
1051,0.04,broad,joint_current_unpenalized,24,0.65,0.00017118548181276508,0.0003256742629457138,0.6663007932546915,1920
1051,0.04,broad,joint_current_unpenalized,25,0.65,0.0001264866283189188,0.0003744611860428753,0.6327617907798133,1920
1051,0.04,broad,joint_current_unpenalized,26,0.65,0.000396995763537395,0.0004882560833455778,0.64510924265012,1920
1051,0.04,broad,joint_current_unpenalized,27,0.65,0.00012995664577232459,0.00011121584379631225,0.6506828616625984,1920
1051,0.04,broad,joint_current_unpenalized,28,0.65,0.0004337386253434955,0.00038665055186401737,0.6309019857709677,1920
1051,0.04,broad,joint_current_unpenalized,29,0.65,0.0005262238454560969,0.0006164647031386482,0.6655499839443696,1920
1051,0.04,broad,joint_recent2,0,0.0,0.0,0.0,0.01186056532821442,1920
1051,0.04,broad,joint_recent2,1,0.0,0.00010862880990287302,0.00018412780274985804,0.012618198436858062,1920
1051,0.04,broad,joint_recent2,2,0.0,0.00018802520658422594,0.0001424500609138705,0.005412118010363376,1920
1051,0.04,broad,joint_recent2,3,0.0,0.00010659440795874745,7.589216262428518e-05,0.008289126140920696,1920
1051,0.04,broad,joint_recent2,4,0.0,4.9712806768600786e-05,4.488322220697886e-05,0.013188094399775165,1920
1051,0.04,broad,joint_recent2,5,0.0,7.489458749599835e-05,6.924580790438984e-05,0.006142035226058169,1920
1051,0.04,broad,joint_recent2,6,0.04,0.00327213776070579,0.0033928522598400085,0.035236783719861546,1920
1051,0.04,broad,joint_recent2,7,0.08,0.008455960392381489,0.006324314751043942,0.07945714187983473,1920
1051,0.04,broad,joint_recent2,8,0.12,0.004861349846446499,0.006004032206398692,0.09524915224331344,1920
1051,0.04,broad,joint_recent2,9,0.16,0.008366318382517465,0.007790115305020129,0.1500147970479189,1920
1051,0.04,broad,joint_recent2,10,0.2,0.008242738368150447,0.006656981027522666,0.17584952468888046,1920
1051,0.04,broad,joint_recent2,11,0.24,0.00187052323261563,0.0074388118470721885,0.17754548237114126,1920
1051,0.04,broad,joint_recent2,12,0.28,0.01877510511212657,0.012667028740538818,0.26409583986207064,1920
1051,0.04,broad,joint_recent2,13,0.32,0.0045532673320453085,0.005568464905937166,0.26463422889284033,1920
1051,0.04,broad,joint_recent2,14,0.36,0.006734281033851781,0.008926259336734278,0.325824805460063,1920
1051,0.04,broad,joint_recent2,15,0.4,0.006909678892147592,0.007437051206955583,0.3571946005444055,1920
1051,0.04,broad,joint_recent2,16,0.44,0.009680028407325701,0.007143602622515048,0.4120215751046294,1920
1051,0.04,broad,joint_recent2,17,0.48,0.01059826797683458,0.005137781111375712,0.4515607604706367,1920
1051,0.04,broad,joint_recent2,18,0.52,0.008049421022835328,0.006300916515736207,0.47072820113282654,1920
1051,0.04,broad,joint_recent2,19,0.56,0.01825861787771337,0.008860551507069889,0.5484807636315667,1920
1051,0.04,broad,joint_recent2,20,0.6,0.008595937318801074,0.006008619112779746,0.5593566620236333,1920
1051,0.04,broad,joint_recent2,21,0.64,0.002568613067319482,0.008211674010632589,0.5919077026508339,1920
1051,0.04,broad,joint_recent2,22,0.65,0.004723383395285986,0.004179357276645751,0.6240867869206449,1920
1051,0.04,broad,joint_recent2,23,0.65,0.00046269383701824695,0.0003356808031394545,0.6245429983123169,1920
1051,0.04,broad,joint_recent2,24,0.65,0.0002077433081564058,0.00026104404493748965,0.6261646571266839,1920
1051,0.04,broad,joint_recent2,25,0.65,8.236030231057125e-05,0.00035530881400890713,0.6219939332010578,1920
1051,0.04,broad,joint_recent2,26,0.65,0.00032968575927309294,0.0003737072630516819,0.6132499179798331,1920
1051,0.04,broad,joint_recent2,27,0.65,0.0007575380532681208,0.0005610612713783335,0.6294686374916547,1920
1051,0.04,broad,joint_recent2,28,0.65,0.0003126644721519201,0.0002604278826937007,0.6215450171342886,1920
1051,0.04,broad,joint_recent2,29,0.65,0.000383853253238793,0.00041272063161780867,0.6148155289833812,1920
1052,0.015,narrow,theta_current,0,0.0,0.0,0.0,0.0,1920
1052,0.015,narrow,theta_current,1,0.0,8.643329049575839e-05,0.0038976384632104064,0.0,1920
1052,0.015,narrow,theta_current,2,0.0,4.862473602590901e-05,0.012238688282239386,0.0,1920
1052,0.015,narrow,theta_current,3,0.0,9.005156964355543e-06,0.0030944005440745157,0.0,1920
1052,0.015,narrow,theta_current,4,0.0,3.0415611827324172e-05,0.0060610410444375375,0.0,1920
1052,0.015,narrow,theta_current,5,0.0,4.283161895723879e-05,0.003237134144260408,0.0,1920
1052,0.015,narrow,theta_current,6,0.015,0.00029267147121096883,0.0014198074956012607,0.0,1920
1052,0.015,narrow,theta_current,7,0.03,0.0002840398206897294,0.015732848254459753,0.0,1920
1052,0.015,narrow,theta_current,8,0.045,0.00042508757235961954,0.004182893596158314,0.0,1920
1052,0.015,narrow,theta_current,9,0.06,0.0001930159779353379,0.00610923428582961,0.0,1920
1052,0.015,narrow,theta_current,10,0.075,0.00021068280859059562,0.009622628973179923,0.0,1920
1052,0.015,narrow,theta_current,11,0.09,0.00022852237242403594,0.01999606164127958,0.0,1920
1052,0.015,narrow,theta_current,12,0.105,0.000607498835539409,0.020391415929214857,0.0,1920
1052,0.015,narrow,theta_current,13,0.12,0.0005549555542624069,0.023791697225202413,0.0,1920
1052,0.015,narrow,theta_current,14,0.135,0.00016043997734280108,0.027796059382674834,0.0,1920
1052,0.015,narrow,theta_current,15,0.15,0.0002606503131732356,0.032995331876956205,0.0,1920
1052,0.015,narrow,theta_current,16,0.16499999999999998,0.0002855796048659875,0.04189952702411279,0.0,1920
1052,0.015,narrow,theta_current,17,0.18,0.00034453925586207056,0.0818066592724841,0.0,1920
1052,0.015,narrow,theta_current,18,0.195,0.0005778792166427281,0.05406760244409957,0.0,1920
1052,0.015,narrow,theta_current,19,0.21,0.0009911903111947124,0.07832750298012828,0.0,1920
1052,0.015,narrow,theta_current,20,0.22499999999999998,0.0006070037031593326,0.09288779263277963,0.0,1920
1052,0.015,narrow,theta_current,21,0.24,0.0006830146745806943,0.06720170838723928,0.0,1920
1052,0.015,narrow,theta_current,22,0.255,0.0008218452337912059,0.07033399258613623,0.0,1920
1052,0.015,narrow,theta_current,23,0.27,0.00045842589979215587,0.11587000704360183,0.0,1920
1052,0.015,narrow,theta_current,24,0.285,0.0004548813217467728,0.10539561853809228,0.0,1920
1052,0.015,narrow,theta_current,25,0.3,0.0005305885176765116,0.09273650554151033,0.0,1920
1052,0.015,narrow,theta_current,26,0.315,0.0005423776826188803,0.09871032503203052,0.0,1920
1052,0.015,narrow,theta_current,27,0.32999999999999996,0.0004720825944717659,0.09392086191425666,0.0,1920
1052,0.015,narrow,theta_current,28,0.345,0.00045017755403362183,0.0867800201021334,0.0,1920
1052,0.015,narrow,theta_current,29,0.36,0.00044055493631612984,0.0841630900958574,0.0,1920
1052,0.015,narrow,joint_current,0,0.0,0.0,0.0,0.0059124536544917046,1920
1052,0.015,narrow,joint_current,1,0.0,8.525734975009839e-05,0.0033225903276230487,0.012885140086321203,1920
1052,0.015,narrow,joint_current,2,0.0,4.5715244852432104e-05,0.011080238784375439,0.008116745540027693,1920
1052,0.015,narrow,joint_current,3,0.0,7.96068322099351e-06,0.003122725932231666,0.0064016372401010865,1920
1052,0.015,narrow,joint_current,4,0.0,3.029304593690771e-05,0.00562250272446636,0.007797508083073743,1920
1052,0.015,narrow,joint_current,5,0.0,4.332372932307235e-05,0.003427776908146847,0.0026823195184208924,1920
1052,0.015,narrow,joint_current,6,0.015,0.00029225509065511823,0.0015331627821038344,0.00998922565946311,1920
1052,0.015,narrow,joint_current,7,0.03,0.0002843157413553454,0.01618048418963431,0.00760514234446685,1920
1052,0.015,narrow,joint_current,8,0.045,0.0004290309552369368,0.004645908956903972,0.0035411149372021533,1920
1052,0.015,narrow,joint_current,9,0.06,0.00019281989715344352,0.006406496230242885,0.0017166289090378227,1920
1052,0.015,narrow,joint_current,10,0.075,0.00021062576765257276,0.009693953352221802,0.0073132230162134375,1920
1052,0.015,narrow,joint_current,11,0.09,0.00022957022806801932,0.019740465765057023,0.0018358306145303215,1920
1052,0.015,narrow,joint_current,12,0.105,0.0006060647509041837,0.020737268395512955,0.009689978756423379,1920
1052,0.015,narrow,joint_current,13,0.12,0.0005709432626201553,0.02532889723625929,0.0031651871491983974,1920
1052,0.015,narrow,joint_current,14,0.135,0.0001606348255205608,0.027750007547809374,0.0025345646864624125,1920
1052,0.015,narrow,joint_current,15,0.15,0.00026214525122611893,0.03361232614305426,0.004909834048129784,1920
1052,0.015,narrow,joint_current,16,0.16499999999999998,0.0002853026258866621,0.04172139735416157,0.014893293390619643,1920
1052,0.015,narrow,joint_current,17,0.18,0.0003497977112098658,0.07999192931374738,0.0125612478289811,1920
1052,0.015,narrow,joint_current,18,0.195,0.000595719509729089,0.056592988389202445,0.00524246079904524,1920
1052,0.015,narrow,joint_current,19,0.21,0.000995830329510534,0.07947143045556755,0.002575729840570376,1920
1052,0.015,narrow,joint_current,20,0.22499999999999998,0.0006086907125064219,0.09382749090155522,0.009112703283129187,1920
1052,0.015,narrow,joint_current,21,0.24,0.0006899570559575244,0.07053458674757257,0.003412365946579656,1920
1052,0.015,narrow,joint_current,22,0.255,0.0008192188498124395,0.07152668573110826,0.02489898454479138,1920
1052,0.015,narrow,joint_current,23,0.27,0.0005291266956001056,0.12215927451497864,0.003070338904747062,1920
1052,0.015,narrow,joint_current,24,0.285,0.0004517404060618663,0.10817592259045271,0.007315489926140785,1920
1052,0.015,narrow,joint_current,25,0.3,0.0005328884245157068,0.0972177227545899,0.0010489907411226286,1920
1052,0.015,narrow,joint_current,26,0.315,0.0005410586200809837,0.10400471679401938,0.0007045411557103922,1920
1052,0.015,narrow,joint_current,27,0.32999999999999996,0.00047120666592567447,0.09897305086830654,0.003461742229214921,1920
1052,0.015,narrow,joint_current,28,0.345,0.00044994922486889114,0.09247378328574926,0.003380070341881572,1920
1052,0.015,narrow,joint_current,29,0.36,0.00044288473846644045,0.09104198903213327,0.008417350496046423,1920
1052,0.015,narrow,joint_current_unpenalized,0,0.0,0.0,0.0,0.05590111526027662,1920
1052,0.015,narrow,joint_current_unpenalized,1,0.0,8.719626469357211e-05,0.002598559442245878,0.11582145534042562,1920
1052,0.015,narrow,joint_current_unpenalized,2,0.0,6.70577992669535e-05,0.01813095471278039,0.012545620687282794,1920
1052,0.015,narrow,joint_current_unpenalized,3,0.0,6.208902841094266e-06,0.001992983775417086,0.04582474132529625,1920
1052,0.015,narrow,joint_current_unpenalized,4,0.0,3.159769018363595e-05,0.0047569693153447805,0.048657244366286295,1920
1052,0.015,narrow,joint_current_unpenalized,5,0.0,5.1756247602921744e-05,0.004827715942787316,0.0122687807591678,1920
1052,0.015,narrow,joint_current_unpenalized,6,0.015,0.00029087427004567576,0.001465249834418264,0.11482567051051842,1920
1052,0.015,narrow,joint_current_unpenalized,7,0.03,0.00028219943925985767,0.03239402122774884,0.02739761202602426,1920
1052,0.015,narrow,joint_current_unpenalized,8,0.045,0.0004373387854180423,0.0022417853618389477,0.04212419461459342,1920
1052,0.015,narrow,joint_current_unpenalized,9,0.06,0.0001944109825323358,0.003109561523735892,0.05088087259586021,1920
1052,0.015,narrow,joint_current_unpenalized,10,0.075,0.00021044805946075806,0.0031282656114788357,0.07569895761814026,1920
1052,0.015,narrow,joint_current_unpenalized,11,0.09,0.000239404492678179,0.01638880893186774,0.06722802116216285,1920
1052,0.015,narrow,joint_current_unpenalized,12,0.105,0.0005961437995448375,0.004039012908289721,0.1056808356349878,1920
1052,0.015,narrow,joint_current_unpenalized,13,0.12,0.0007501629446256355,0.019378796607335692,0.08226876551795513,1920
1052,0.015,narrow,joint_current_unpenalized,14,0.135,0.00016394311430085835,0.005554029178615183,0.09471493045634376,1920
1052,0.015,narrow,joint_current_unpenalized,15,0.15,0.0002626562080414883,0.008560605717416049,0.10195656146218693,1920
1052,0.015,narrow,joint_current_unpenalized,16,0.16499999999999998,0.00028727326731854127,0.007712498180350975,0.21029923653211666,1920
1052,0.015,narrow,joint_current_unpenalized,17,0.18,0.0003688499123855049,0.071098985467491,0.13450257860532303,1944
1052,0.015,narrow,joint_current_unpenalized,18,0.195,0.0005151221112877324,0.017112673324714646,0.151477373916339,1920
1052,0.015,narrow,joint_current_unpenalized,19,0.21,0.0010162445266977342,0.03980905004107769,0.18301572298291313,1920
1052,0.015,narrow,joint_current_unpenalized,20,0.22499999999999998,0.000612108910594168,0.05701829958118178,0.1523571572309311,1944
1052,0.015,narrow,joint_current_unpenalized,21,0.24,0.0006816804626307464,0.010304886013382978,0.17061639948271048,1920
1052,0.015,narrow,joint_current_unpenalized,22,0.255,0.0008368722621787868,0.018376224904299805,0.20603716785564746,1944
1052,0.015,narrow,joint_current_unpenalized,23,0.27,0.00047114773819474935,0.04206954550119355,0.21086260675089266,1920
1052,0.015,narrow,joint_current_unpenalized,24,0.285,0.0004295676275750093,0.028189310529715822,0.18901282701711836,1920
1052,0.015,narrow,joint_current_unpenalized,25,0.3,0.0005590284179768616,0.010844919859618114,0.21317853680336146,1920
1052,0.015,narrow,joint_current_unpenalized,26,0.315,0.0005405159535242269,0.03144594261900552,0.22513506562450672,1920
1052,0.015,narrow,joint_current_unpenalized,27,0.32999999999999996,0.0004809630542193493,0.017403475861633596,0.23050366140797185,1920
1052,0.015,narrow,joint_current_unpenalized,28,0.345,0.0004711267701134824,0.012732859243493558,0.23150390099607868,1920
1052,0.015,narrow,joint_current_unpenalized,29,0.36,0.0004405149529280185,0.015734899335068102,0.2649570074490177,1920
1052,0.015,narrow,joint_recent2,0,0.0,0.0,0.0,0.0059124536544917046,1920
1052,0.015,narrow,joint_recent2,1,0.0,8.525734975009839e-05,0.0033225903276230487,0.011030899281656684,1920
1052,0.015,narrow,joint_recent2,2,0.0,8.539367912993976e-06,0.0015136158530013747,0.011489291956086974,1920
1052,0.015,narrow,joint_recent2,3,0.0,1.4145799048228164e-05,0.004081927257810956,0.0077381346865198295,1920
1052,0.015,narrow,joint_recent2,4,0.0,8.681157100082301e-06,0.002938901532750774,0.00038349509721319667,1920
1052,0.015,narrow,joint_recent2,5,0.0,1.1781816771497614e-05,0.0030503700277202546,0.0040352184271734825,1920
1052,0.015,narrow,joint_recent2,6,0.015,0.0002985821352684129,0.001884413615684118,0.002743520922007351,1920
1052,0.015,narrow,joint_recent2,7,0.03,0.001022333024231999,0.0030084357418767305,0.005072241457368549,1920
1052,0.015,narrow,joint_recent2,8,0.045,0.0006344090363049184,0.00630850598394712,0.006611678496490016,1920
1052,0.015,narrow,joint_recent2,9,0.06,0.0006678501250789503,0.007115078495479396,0.005913523925056588,1920
1052,0.015,narrow,joint_recent2,10,0.075,0.0005793606865960253,0.009854697367939598,0.004958256441352615,1920
1052,0.015,narrow,joint_recent2,11,0.09,0.00039152138430318333,0.013275911116567715,0.006172426128871251,1920
1052,0.015,narrow,joint_recent2,12,0.105,0.0009262910622754388,0.019372458619581385,0.014357208824569265,1920
1052,0.015,narrow,joint_recent2,13,0.12,0.000987136890105541,0.028330934459482073,0.011871925211895748,1920
1052,0.015,narrow,joint_recent2,14,0.135,0.0006724734494149858,0.030404432650729684,0.008205622825107138,1920
1052,0.015,narrow,joint_recent2,15,0.15,0.0006328804841409447,0.036327434199746565,0.0012154546791523996,1920
1052,0.015,narrow,joint_recent2,16,0.16499999999999998,0.0007604550793157068,0.041457685610104045,0.01631174852840149,1920
1052,0.015,narrow,joint_recent2,17,0.18,0.0006122316283739556,0.05146101541441649,0.010253822782305652,1920
1052,0.015,narrow,joint_recent2,18,0.195,0.0009280847160965389,0.06232130906350594,0.002205399206763513,1920
1052,0.015,narrow,joint_recent2,19,0.21,0.0016866513527830408,0.07149975138431607,0.006881387901197743,1920
1052,0.015,narrow,joint_recent2,20,0.22499999999999998,0.0012470788748235651,0.0873346022834321,0.003480026506044449,1920
1052,0.015,narrow,joint_recent2,21,0.24,0.0012770130644696146,0.08310128353757856,0.018285246228304252,1920
1052,0.015,narrow,joint_recent2,22,0.255,0.0017706336235617914,0.07676769815318385,0.011661920984255782,1920
1052,0.015,narrow,joint_recent2,23,0.27,0.0011338464275463848,0.08334110693922095,0.017216836590280487,1920
1052,0.015,narrow,joint_recent2,24,0.285,0.0011951871602169173,0.10552648107727067,0.008527359596669986,1920
1052,0.015,narrow,joint_recent2,25,0.3,0.0008771704547737426,0.09145181556605711,0.0019394606315089051,1920
1052,0.015,narrow,joint_recent2,26,0.315,0.0008969740237302495,0.09976937150390033,0.0031792607926933794,1920
1052,0.015,narrow,joint_recent2,27,0.32999999999999996,0.0011478029064625197,0.1011817379794899,0.003598789450943074,1920
1052,0.015,narrow,joint_recent2,28,0.345,0.0008629737768894432,0.09658835031478513,0.0018700384622267906,1920
1052,0.015,narrow,joint_recent2,29,0.36,0.0006661901444164706,0.10037050955540658,0.0016505144294120336,1920
1052,0.015,broad,theta_current,0,0.0,0.0,0.0,0.0,1992
1052,0.015,broad,theta_current,1,0.0,0.00016789025496646119,0.00017622465286398504,0.0,1920
1052,0.015,broad,theta_current,2,0.0,3.781956110041624e-05,4.218672817571918e-05,0.0,1992
1052,0.015,broad,theta_current,3,0.0,3.095219947169299e-05,2.6927025494387222e-05,0.0,1920
1052,0.015,broad,theta_current,4,0.0,3.366424517413621e-05,4.259106729122889e-05,0.0,1920
1052,0.015,broad,theta_current,5,0.0,0.0003175771675791482,0.0003200819034217599,0.0,1920
1052,0.015,broad,theta_current,6,0.015,0.0012586164009119455,0.0009298417747827502,0.0,1920
1052,0.015,broad,theta_current,7,0.03,0.0015295830380494865,0.0016824789044242777,0.0,1920
1052,0.015,broad,theta_current,8,0.045,0.0034560435029208705,0.0030145038980885453,0.0,1920
1052,0.015,broad,theta_current,9,0.06,0.005210402819071667,0.003869948648693371,0.0,1920
1052,0.015,broad,theta_current,10,0.075,0.0056497244610496196,0.006040364981063129,0.0,1920
1052,0.015,broad,theta_current,11,0.09,0.007387517135393797,0.010201246927647003,0.0,1920
1052,0.015,broad,theta_current,12,0.105,0.012313234892484254,0.013784379105085016,0.0,1920
1052,0.015,broad,theta_current,13,0.12,0.04409259222509294,0.03064016774931081,0.0,1920
1052,0.015,broad,theta_current,14,0.135,0.01709796057205393,0.020358346756129603,0.0,1920
1052,0.015,broad,theta_current,15,0.15,0.03196138688070575,0.029488115934241,0.0,1920
1052,0.015,broad,theta_current,16,0.16499999999999998,0.029429346685770377,0.0335584997321054,0.0,1920
1052,0.015,broad,theta_current,17,0.18,0.05281862263671827,0.03760353089564983,0.0,1920
1052,0.015,broad,theta_current,18,0.195,0.029356297473899215,0.03900615878110096,0.0,1920
1052,0.015,broad,theta_current,19,0.21,0.015472476523221888,0.036619821014924975,0.0,1920
1052,0.015,broad,theta_current,20,0.22499999999999998,0.04693974085001786,0.06254407994502628,0.0,1944
1052,0.015,broad,theta_current,21,0.24,0.05141765691189607,0.04351398138145661,0.0,1944
1052,0.015,broad,theta_current,22,0.255,0.05507856725074484,0.06528412839862749,0.0,1920
1052,0.015,broad,theta_current,23,0.27,0.1297084515812497,0.08779065292060476,0.0,1944
1052,0.015,broad,theta_current,24,0.285,0.06623834984948405,0.08825549794678794,0.0,1944
1052,0.015,broad,theta_current,25,0.3,0.09066206866929653,0.12821786071740254,0.0,1944
1052,0.015,broad,theta_current,26,0.315,0.04902262190057647,0.05202443099826817,0.0,1920
1052,0.015,broad,theta_current,27,0.32999999999999996,0.05166249131502156,0.055293021117142314,0.0,1920
1052,0.015,broad,theta_current,28,0.345,0.06459045547626929,0.06419353586375921,0.0,1920
1052,0.015,broad,theta_current,29,0.36,0.08533600254145683,0.05476020349678026,0.0,1920
1052,0.015,broad,joint_current,0,0.0,0.0,0.0,0.008262265735391267,1920
1052,0.015,broad,joint_current,1,0.0,0.0002126017353362363,0.0002052001036724098,0.02684153607881381,1920
1052,0.015,broad,joint_current,2,0.0,0.00033858269438276795,0.00028650562178626304,0.002864560085046568,1920
1052,0.015,broad,joint_current,3,0.0,4.3187751769502097e-05,3.734295117302731e-05,0.016278085340763034,1920
1052,0.015,broad,joint_current,4,0.0,0.0002332980759907888,0.0001726476778740756,0.011617451458988811,1920
1052,0.015,broad,joint_current,5,0.0,0.0004030071998314297,0.0004005594089398496,0.013315074439779683,1920
1052,0.015,broad,joint_current,6,0.015,0.00125532004845971,0.0010233054290710248,0.02191963090476518,1920
1052,0.015,broad,joint_current,7,0.03,0.0012891074401188184,0.0012513350985864779,0.02606291623940054,1920
1052,0.015,broad,joint_current,8,0.045,0.0012977183518164757,0.0011713651656967967,0.03978042627591791,1920
1052,0.015,broad,joint_current,9,0.06,0.0017505633370908113,0.0011416041244836103,0.056117396257935125,1920
1052,0.015,broad,joint_current,10,0.075,0.0013191857515970015,0.0011895417570092193,0.07827512207829412,1920
1052,0.015,broad,joint_current,11,0.09,0.0011200542237351236,0.001542790773327963,0.09114868640092592,1920
1052,0.015,broad,joint_current,12,0.105,0.0009343645888786172,0.0014949618537716917,0.07953044276352492,1920
1052,0.015,broad,joint_current,13,0.12,0.00802153467849972,0.0056417576597094996,0.1162359582886938,1920
1052,0.015,broad,joint_current,14,0.135,0.0007897928953912478,0.0009649878868037303,0.12723365132767356,1920
1052,0.015,broad,joint_current,15,0.15,0.0011818103047659709,0.0011086912513680195,0.15069847662438035,1920
1052,0.015,broad,joint_current,16,0.16499999999999998,0.000912566026606719,0.0011383367339648136,0.16101963234880554,1920
1052,0.015,broad,joint_current,17,0.18,0.002500256693843544,0.0016082803981940284,0.17527207516128618,1920
1052,0.015,broad,joint_current,18,0.195,0.0011358157124399812,0.0008211968858494279,0.19204521032756142,1920
1052,0.015,broad,joint_current,19,0.21,0.0004945602141731236,0.0007596664930146746,0.19153672588477574,1920
1052,0.015,broad,joint_current,20,0.22499999999999998,0.0014239211959054185,0.0019809729183973713,0.22791627942400106,1920
1052,0.015,broad,joint_current,21,0.24,0.0003624315163559342,0.00042872433712946563,0.23750328885070196,1920
1052,0.015,broad,joint_current,22,0.255,0.001372981943292415,0.0023153512054073662,0.233422595084932,1920
1052,0.015,broad,joint_current,23,0.27,0.001614878427062758,0.00187425046969889,0.2615325695980258,1920
1052,0.015,broad,joint_current,24,0.285,0.0006491076773983981,0.0006212896070614438,0.26655864191875944,1920
1052,0.015,broad,joint_current,25,0.3,0.0011772921412537094,0.001274609734992005,0.2965976054410505,1920
1052,0.015,broad,joint_current,26,0.315,0.0007144926763104163,0.0005265594421331485,0.29560609597502585,1920
1052,0.015,broad,joint_current,27,0.32999999999999996,0.0004307059942686828,0.0004819802614358491,0.30689041941636563,1920
1052,0.015,broad,joint_current,28,0.345,0.0008508196942510932,0.0007946855691642188,0.32910374349143817,1920
1052,0.015,broad,joint_current,29,0.36,0.0015749126307328767,0.0010564574556317192,0.330525561805496,1920
1052,0.015,broad,joint_current_unpenalized,0,0.0,0.0,0.0,0.008882131415375473,1920
1052,0.015,broad,joint_current_unpenalized,1,0.0,0.0002179630592372229,0.00020947115821184884,0.02843532656500779,1920
1052,0.015,broad,joint_current_unpenalized,2,0.0,0.00035681050345363544,0.0003057172201239018,0.0029934134801571206,1920
1052,0.015,broad,joint_current_unpenalized,3,0.0,4.343374153484958e-05,3.727803262270858e-05,0.01740179046592178,1920
1052,0.015,broad,joint_current_unpenalized,4,0.0,0.0002586675725647747,0.000187242740937076,0.012339237915725072,1920
1052,0.015,broad,joint_current_unpenalized,5,0.0,0.00040991844368124973,0.0004066824409907739,0.014697217427722292,1920
1052,0.015,broad,joint_current_unpenalized,6,0.015,0.0012569717375179458,0.001034617532768256,0.02280610258520977,1920
1052,0.015,broad,joint_current_unpenalized,7,0.03,0.0012978355569923793,0.001262077451415691,0.026440433195459596,1920
1052,0.015,broad,joint_current_unpenalized,8,0.045,0.001279500422278461,0.0011582838922887101,0.04061190751429409,1920
1052,0.015,broad,joint_current_unpenalized,9,0.06,0.0017182564134959639,0.0011270324090468704,0.059366433236833424,1920
1052,0.015,broad,joint_current_unpenalized,10,0.075,0.0013947775943883433,0.0012218084161771078,0.07963476639303033,1920
1052,0.015,broad,joint_current_unpenalized,11,0.09,0.0011257620881167639,0.0015341873454290049,0.09319586650935371,1920
1052,0.015,broad,joint_current_unpenalized,12,0.105,0.0009369589636183504,0.0014372347759327286,0.08565464730770313,1920
1052,0.015,broad,joint_current_unpenalized,13,0.12,0.006710000436608996,0.004639871197464063,0.11797864094833377,1920
1052,0.015,broad,joint_current_unpenalized,14,0.135,0.0007880923526671122,0.0009410761947605044,0.13141982790504536,1920
1052,0.015,broad,joint_current_unpenalized,15,0.15,0.0010531685037706402,0.000978578686365763,0.15346276416548124,1920
1052,0.015,broad,joint_current_unpenalized,16,0.16499999999999998,0.0009163323092326452,0.0011037096062501024,0.16673416295323967,1920
1052,0.015,broad,joint_current_unpenalized,17,0.18,0.0023242203633832984,0.0014568812784741731,0.1885309837336449,1920
1052,0.015,broad,joint_current_unpenalized,18,0.195,0.0008873319192569409,0.0006354172349470888,0.19679134654433564,1920
1052,0.015,broad,joint_current_unpenalized,19,0.21,0.0004923930604313852,0.0006781810069680515,0.21287154138261163,1920
1052,0.015,broad,joint_current_unpenalized,20,0.22499999999999998,0.0008398627837387273,0.0008852617735949089,0.23382868490893324,1920
1052,0.015,broad,joint_current_unpenalized,21,0.24,0.0003708034926982676,0.0003995577749108351,0.2653246571575445,1920
1052,0.015,broad,joint_current_unpenalized,22,0.255,0.00034147965134570367,0.0005819874777936791,0.26348431764702523,1920
1052,0.015,broad,joint_current_unpenalized,23,0.27,0.00033841021824644076,0.0007247745278296403,0.2950203488219487,1920
1052,0.015,broad,joint_current_unpenalized,24,0.285,0.0010919301794220138,0.0007920327403313711,0.27736946215770913,1920
1052,0.015,broad,joint_current_unpenalized,25,0.3,0.000925645987315217,0.0008729342924926062,0.3100489868587806,1920
1052,0.015,broad,joint_current_unpenalized,26,0.315,0.0005250647380353792,0.0005444913650668663,0.313610371457109,1920
1052,0.015,broad,joint_current_unpenalized,27,0.32999999999999996,0.0003339606884762456,0.0004039486363749662,0.32714784657767526,1920
1052,0.015,broad,joint_current_unpenalized,28,0.345,0.00039723053869692777,0.0003600101678393606,0.3447716437957717,1920
1052,0.015,broad,joint_current_unpenalized,29,0.36,0.0009909945087036482,0.0006903910261193532,0.3543186044319052,1920
1052,0.015,broad,joint_recent2,0,0.0,0.0,0.0,0.008262265735391267,1920
1052,0.015,broad,joint_recent2,1,0.0,0.0002126017353362363,0.0002052001036724098,0.013520458813151214,1920
1052,0.015,broad,joint_recent2,2,0.0,0.00014676181977435002,0.00011645660685996449,0.012663600285100485,1920
1052,0.015,broad,joint_recent2,3,0.0,4.7965411450371216e-05,6.574979738409004e-05,0.00716790369375168,1920
1052,0.015,broad,joint_recent2,4,0.0,2.4139705605094953e-05,2.2599287381896937e-05,0.0032591886595964236,1920
1052,0.015,broad,joint_recent2,5,0.0,7.296120916930985e-05,6.444410969062278e-05,0.012513448336083796,1920
1052,0.015,broad,joint_recent2,6,0.015,0.0013924662578711736,0.001067065762022312,0.021452240155260417,1920
1052,0.015,broad,joint_recent2,7,0.03,0.002297633198521563,0.002258237544429065,0.018524700109672654,1920
1052,0.015,broad,joint_recent2,8,0.045,0.003107685365758507,0.0028339072052039455,0.03519403774760236,1920
1052,0.015,broad,joint_recent2,9,0.06,0.0039510472977126185,0.00241958866399607,0.04868284973175802,1920
1052,0.015,broad,joint_recent2,10,0.075,0.0016349440588483404,0.0020743969004396257,0.06306760613352329,1920
1052,0.015,broad,joint_recent2,11,0.09,0.0026118844582770757,0.002983680452424664,0.08293716348284186,1920
1052,0.015,broad,joint_recent2,12,0.105,0.0021156552423733307,0.002771621047956071,0.08417392582555151,1920
1052,0.015,broad,joint_recent2,13,0.12,0.006277684033626627,0.0045712071812066876,0.11687794230490073,1920
1052,0.015,broad,joint_recent2,14,0.135,0.0019552280567422865,0.0020497501454841242,0.11688169776616344,1920
1052,0.015,broad,joint_recent2,15,0.15,0.002999007280232504,0.0027892266546663135,0.14433532045628658,1920
1052,0.015,broad,joint_recent2,16,0.16499999999999998,0.001515187261066422,0.002054228558296496,0.15075417069245844,1920
1052,0.015,broad,joint_recent2,17,0.18,0.003810533534929265,0.002999489207934869,0.1682707564391317,1920
1052,0.015,broad,joint_recent2,18,0.195,0.002841310100234532,0.0021171160627288755,0.18827331515961632,1920
1052,0.015,broad,joint_recent2,19,0.21,0.000840768527514232,0.0015649483049027422,0.19262332100747445,1920
1052,0.015,broad,joint_recent2,20,0.22499999999999998,0.0017689381987172046,0.0021491955961308543,0.22339673146178085,1920
1052,0.015,broad,joint_recent2,21,0.24,0.0008974070354811544,0.0010887313475913263,0.2322152511424701,1920
1052,0.015,broad,joint_recent2,22,0.255,0.000508021575299401,0.0008286234374728903,0.24425310972646525,1920
1052,0.015,broad,joint_recent2,23,0.27,0.0009149973585579188,0.0012097816272503275,0.2628789270723153,1920
1052,0.015,broad,joint_recent2,24,0.285,0.0014852907884548444,0.0014932265032250118,0.26627055030799524,1920
1052,0.015,broad,joint_recent2,25,0.3,0.0012647388590017886,0.0010905820736515754,0.2826111482890789,1920
1052,0.015,broad,joint_recent2,26,0.315,0.0016680799861346098,0.0010620947448510643,0.2997267489619992,1920
1052,0.015,broad,joint_recent2,27,0.32999999999999996,0.0007854989799005335,0.0008966519278761213,0.3025009395137536,1920
1052,0.015,broad,joint_recent2,28,0.345,0.0009820082910649644,0.0009446790074185456,0.3247465970535127,1920
1052,0.015,broad,joint_recent2,29,0.36,0.0009954966501860849,0.0008205119755204308,0.3396872366716054,1920
1052,0.04,narrow,theta_current,0,0.0,0.0,0.0,0.0,1920
1052,0.04,narrow,theta_current,1,0.0,8.643329049575839e-05,0.0038976384632104064,0.0,1920
1052,0.04,narrow,theta_current,2,0.0,4.862473602590901e-05,0.012238688282239386,0.0,1920
1052,0.04,narrow,theta_current,3,0.0,9.005156964355543e-06,0.0030944005440745157,0.0,1920
1052,0.04,narrow,theta_current,4,0.0,3.0415611827324172e-05,0.0060610410444375375,0.0,1920
1052,0.04,narrow,theta_current,5,0.0,4.283161895723879e-05,0.003237134144260408,0.0,1920
1052,0.04,narrow,theta_current,6,0.04,0.0017283624185718924,0.005543037332999971,0.0,1920
1052,0.04,narrow,theta_current,7,0.08,0.0025250147388014704,0.0333239641141663,0.0,1920
1052,0.04,narrow,theta_current,8,0.12,0.002815376815005814,0.03276249402301257,0.0,1920
1052,0.04,narrow,theta_current,9,0.16,0.002188326312336369,0.04869372248726635,0.0,1920
1052,0.04,narrow,theta_current,10,0.2,0.0025862624858574933,0.06291519739756343,0.0,1920
1052,0.04,narrow,theta_current,11,0.24,0.0024100844420790832,0.09168858817546043,0.0,1920
1052,0.04,narrow,theta_current,12,0.28,0.0037661434796038783,0.09470600220942546,0.0,1920
1052,0.04,narrow,theta_current,13,0.32,0.0027592748528346123,0.08694430450828418,0.0,1920
1052,0.04,narrow,theta_current,14,0.36,0.002053037010096001,0.08797038062700123,0.0,1920
1052,0.04,narrow,theta_current,15,0.4,0.00210078018880509,0.08461525967302005,0.0,1920
1052,0.04,narrow,theta_current,16,0.44,0.0019159970426793887,0.10247300382531224,0.0,1920
1052,0.04,narrow,theta_current,17,0.48,0.0010666931641715208,0.20230612765745387,0.0,1920
1052,0.04,narrow,theta_current,18,0.52,0.0013894509059305521,0.18608162030424485,0.0,1920
1052,0.04,narrow,theta_current,19,0.56,0.0012993325605108054,0.2921324062066352,0.0,1920
1052,0.04,narrow,theta_current,20,0.6,0.0003781056967251555,0.3801513792119247,0.0,1920
1052,0.04,narrow,theta_current,21,0.64,0.0001861503985392988,0.3569308405469158,0.0,1920
1052,0.04,narrow,theta_current,22,0.65,4.993310199248412e-05,0.34950137321172364,0.0,1944
1052,0.04,narrow,theta_current,23,0.65,1.990128761586095e-05,0.41722029184885423,0.0,1920
1052,0.04,narrow,theta_current,24,0.65,3.7391625911970916e-05,0.42408124567420535,0.0,1920
1052,0.04,narrow,theta_current,25,0.65,6.601230236314142e-05,0.41198790115906575,0.0,1920
1052,0.04,narrow,theta_current,26,0.65,2.498052147644556e-05,0.4113064055736362,0.0,1920
1052,0.04,narrow,theta_current,27,0.65,1.0015616978371128e-05,0.4224254846330064,0.0,1920
1052,0.04,narrow,theta_current,28,0.65,0.0001163839136201722,0.41758884570676036,0.0,1944
1052,0.04,narrow,theta_current,29,0.65,2.9109777957820853e-05,0.40009025405692233,0.0,1920
1052,0.04,narrow,joint_current,0,0.0,0.0,0.0,0.0059124536544917046,1920
1052,0.04,narrow,joint_current,1,0.0,8.525734975009839e-05,0.0033225903276230487,0.012885140086321203,1920
1052,0.04,narrow,joint_current,2,0.0,4.5715244852432104e-05,0.011080238784375439,0.008116745540027693,1920
1052,0.04,narrow,joint_current,3,0.0,7.96068322099351e-06,0.003122725932231666,0.0064016372401010865,1920
1052,0.04,narrow,joint_current,4,0.0,3.029304593690771e-05,0.00562250272446636,0.007797508083073743,1920
1052,0.04,narrow,joint_current,5,0.0,4.332372932307235e-05,0.003427776908146847,0.0026823195184208924,1920
1052,0.04,narrow,joint_current,6,0.04,0.001727310129161691,0.0057826202254730695,0.010745338326868198,1920
1052,0.04,narrow,joint_current,7,0.08,0.0025214539992069606,0.033332589513254844,0.007166795520941947,1920
1052,0.04,narrow,joint_current,8,0.12,0.0028253856644639575,0.034152548819465826,0.002883079761392526,1920
1052,0.04,narrow,joint_current,9,0.16,0.0021888064866228477,0.04968087401989601,0.0011693724146511122,1920
1052,0.04,narrow,joint_current,10,0.2,0.0025860696625117537,0.0632717740610347,0.0088493807449935,1920
1052,0.04,narrow,joint_current,11,0.24,0.002416202737837383,0.09041263769822307,0.0019163594239374447,1920
1052,0.04,narrow,joint_current,12,0.28,0.0037604705767158362,0.09556374617096378,0.009419861247950538,1920
1052,0.04,narrow,joint_current,13,0.32,0.0027988647344912004,0.08986879608395072,0.0049497263527906645,1920
1052,0.04,narrow,joint_current,14,0.36,0.002054744237508186,0.08901307915642286,0.0019614506396091317,1920
1052,0.04,narrow,joint_current,15,0.4,0.0021024093338603334,0.08693287888060233,0.0065682015980747235,1920
1052,0.04,narrow,joint_current,16,0.44,0.0019156245296296209,0.10373899808953299,0.015227918168986072,1920
1052,0.04,narrow,joint_current,17,0.48,0.0010754902979729808,0.20530400985421393,0.010072797105356234,1920
1052,0.04,narrow,joint_current,18,0.52,0.001406878418952406,0.18681535111056363,0.006524122181935737,1920
1052,0.04,narrow,joint_current,19,0.56,0.0013016847503018027,0.29776184371122694,0.0016325316951049634,1920
1052,0.04,narrow,joint_current,20,0.6,0.0003787554905897708,0.38292707269116544,0.00831019117278475,1920
1052,0.04,narrow,joint_current,21,0.64,0.00018519495672582418,0.3603424549541464,0.004284574956141461,1920
1052,0.04,narrow,joint_current,22,0.65,5.116088342287961e-05,0.3558917530330443,0.015285464577458862,1944
1052,0.04,narrow,joint_current,23,0.65,3.076577609064125e-05,0.4310945962844677,0.0025226413569731385,1920
1052,0.04,narrow,joint_current,24,0.65,3.6385250699708285e-05,0.44141507698984905,0.003712666200987391,1920
1052,0.04,narrow,joint_current,25,0.65,6.510812330697654e-05,0.4293248282190576,0.0017828473049913988,1920
1052,0.04,narrow,joint_current,26,0.65,2.4903739832325135e-05,0.42069085282790414,0.0027177415528353553,1920
1052,0.04,narrow,joint_current,27,0.65,1.1918607962356074e-05,0.4317553377657881,0.003313730118994318,1920
1052,0.04,narrow,joint_current,28,0.65,0.00011696503220442745,0.42308967589614244,0.01635409036170398,1944
1052,0.04,narrow,joint_current,29,0.65,3.174050567333717e-05,0.4021206068036743,0.0026469068693618933,1920
1052,0.04,narrow,joint_current_unpenalized,0,0.0,0.0,0.0,0.05590111526027662,1920
1052,0.04,narrow,joint_current_unpenalized,1,0.0,8.719626469357211e-05,0.002598559442245878,0.11582145534042562,1920
1052,0.04,narrow,joint_current_unpenalized,2,0.0,6.70577992669535e-05,0.01813095471278039,0.012545620687282794,1920
1052,0.04,narrow,joint_current_unpenalized,3,0.0,6.208902841094266e-06,0.001992983775417086,0.04582474132529625,1920
1052,0.04,narrow,joint_current_unpenalized,4,0.0,3.159769018363595e-05,0.0047569693153447805,0.048657244366286295,1920
1052,0.04,narrow,joint_current_unpenalized,5,0.0,5.1756247602921744e-05,0.004827715942787316,0.0122687807591678,1920
1052,0.04,narrow,joint_current_unpenalized,6,0.04,0.0017244262559355644,0.0066361713198301395,0.11893249621736277,1920
1052,0.04,narrow,joint_current_unpenalized,7,0.08,0.0024290473463314892,0.0488201921250804,0.059630142747379995,1920
1052,0.04,narrow,joint_current_unpenalized,8,0.12,0.002847824945106663,0.014735238443909622,0.08459680954186388,1920
1052,0.04,narrow,joint_current_unpenalized,9,0.16,0.0021870768428383773,0.017533936896274218,0.11455929672623691,1920
1052,0.04,narrow,joint_current_unpenalized,10,0.2,0.002584858507771495,0.015345495897692627,0.16319879952462268,1920
1052,0.04,narrow,joint_current_unpenalized,11,0.24,0.002438670220021548,0.03835802812855885,0.17730090789264885,1920
1052,0.04,narrow,joint_current_unpenalized,12,0.28,0.0037276463433759087,0.012521606333034499,0.19082617561376378,1920
1052,0.04,narrow,joint_current_unpenalized,13,0.32,0.0031470438702857115,0.03413014151484508,0.23188480955171095,1920
1052,0.04,narrow,joint_current_unpenalized,14,0.36,0.0020599957805536423,0.01124629372569166,0.24963640031893972,1920
1052,0.04,narrow,joint_current_unpenalized,15,0.4,0.0020786571875766433,0.013635695495343141,0.29413200498642944,1920
1052,0.04,narrow,joint_current_unpenalized,16,0.44,0.0019418792418194563,0.01992740980865021,0.4073679426781982,1920
1052,0.04,narrow,joint_current_unpenalized,17,0.48,0.0010480949979797367,0.19142565764034414,0.3507174775202797,1920
1052,0.04,narrow,joint_current_unpenalized,18,0.52,0.0013830500180847386,0.05731768812385698,0.42598490408965306,1920
1052,0.04,narrow,joint_current_unpenalized,19,0.56,0.0012838001395743997,0.1804423801374436,0.4734780424901606,1920
1052,0.04,narrow,joint_current_unpenalized,20,0.6,0.0003768657069963772,0.19798939258430728,0.4199768973850113,1920
1052,0.04,narrow,joint_current_unpenalized,21,0.64,0.00016432005099602492,0.11823623528376992,0.4133536111467215,1920
1052,0.04,narrow,joint_current_unpenalized,22,0.65,5.9832667127456006e-05,0.09568956713027309,0.4843156798659071,1944
1052,0.04,narrow,joint_current_unpenalized,23,0.65,9.19699427759126e-06,0.09642133886476495,0.4755931473943176,1920
1052,0.04,narrow,joint_current_unpenalized,24,0.65,3.6068409607778543e-05,0.1365413894942596,0.4660093690401356,1920
1052,0.04,narrow,joint_current_unpenalized,25,0.65,6.621613440011313e-05,0.12366736911817452,0.49318018517950474,1944
1052,0.04,narrow,joint_current_unpenalized,26,0.65,2.6151193681921955e-05,0.10559769545522374,0.5238527661253256,1944
1052,0.04,narrow,joint_current_unpenalized,27,0.65,1.1981642831168492e-05,0.08418542882322316,0.5406344080142625,1920
1052,0.04,narrow,joint_current_unpenalized,28,0.65,0.00012546239042061206,0.07443506910559072,0.48569193598123883,1944
1052,0.04,narrow,joint_current_unpenalized,29,0.65,3.520232437349998e-05,0.10014447199536518,0.49282081459009125,1944
1052,0.04,narrow,joint_recent2,0,0.0,0.0,0.0,0.0059124536544917046,1920
1052,0.04,narrow,joint_recent2,1,0.0,8.525734975009839e-05,0.0033225903276230487,0.011030899281656684,1920
1052,0.04,narrow,joint_recent2,2,0.0,8.539367912993976e-06,0.0015136158530013747,0.011489291956086974,1920
1052,0.04,narrow,joint_recent2,3,0.0,1.4145799048228164e-05,0.004081927257810956,0.0077381346865198295,1920
1052,0.04,narrow,joint_recent2,4,0.0,8.681157100082301e-06,0.002938901532750774,0.00038349509721319667,1920
1052,0.04,narrow,joint_recent2,5,0.0,1.1781816771497614e-05,0.0030503700277202546,0.0040352184271734825,1920
1052,0.04,narrow,joint_recent2,6,0.04,0.001775903655279126,0.006015131672027702,0.0033956826194414926,1920
1052,0.04,narrow,joint_recent2,7,0.08,0.007512536706367597,0.02128880283310496,0.014689204023550234,1920
1052,0.04,narrow,joint_recent2,8,0.12,0.0045963908635346705,0.04431008109051626,0.004964242496154011,1920
1052,0.04,narrow,joint_recent2,9,0.16,0.0059313351113112365,0.05770482921970882,0.00878780670618197,1920
1052,0.04,narrow,joint_recent2,10,0.2,0.006480767344188876,0.07106574674896717,0.006962512555191747,1920
1052,0.04,narrow,joint_recent2,11,0.24,0.004628404473283563,0.08074161932538881,0.00835778943322435,1920
1052,0.04,narrow,joint_recent2,12,0.28,0.007595780380826385,0.09242693006867773,0.02305717311205304,1920
1052,0.04,narrow,joint_recent2,13,0.32,0.006294132685787705,0.1016043288815687,0.031641987789162364,1920
1052,0.04,narrow,joint_recent2,14,0.36,0.006001222727000302,0.10602290291088111,0.009518936318977685,1920
1052,0.04,narrow,joint_recent2,15,0.4,0.004820078129468346,0.08362167644503701,0.003585775668254739,1920
1052,0.04,narrow,joint_recent2,16,0.44,0.005072815605297278,0.08716049750596466,0.021442828784724564,1920
1052,0.04,narrow,joint_recent2,17,0.48,0.0026335617567577654,0.13899592937702954,0.008804467970407511,1920
1052,0.04,narrow,joint_recent2,18,0.52,0.00289509065124747,0.18459604202888186,0.008582982172504363,1920
1052,0.04,narrow,joint_recent2,19,0.56,0.0026905757433253936,0.2606636111613679,0.009823624755346698,1920
1052,0.04,narrow,joint_recent2,20,0.6,0.001157922919095048,0.35490569997796295,0.0019037111369819312,1920
1052,0.04,narrow,joint_recent2,21,0.64,0.0003716703632512268,0.4053405575710918,0.010643116795986762,1920
1052,0.04,narrow,joint_recent2,22,0.65,0.00012002297766274565,0.3729253564764626,0.00706046520683511,1920
1052,0.04,narrow,joint_recent2,23,0.65,3.0240584720709858e-05,0.4129680301881612,0.00479149099160988,1920
1052,0.04,narrow,joint_recent2,24,0.65,2.7078596640369276e-05,0.42935600322507195,0.001971773893706401,1920
1052,0.04,narrow,joint_recent2,25,0.65,1.1518221394729515e-05,0.4321682452761727,0.00287082598029059,1920
1052,0.04,narrow,joint_recent2,26,0.65,1.7865367513662402e-05,0.4262752911974125,0.0009818020670507358,1920
1052,0.04,narrow,joint_recent2,27,0.65,1.1448996963994532e-05,0.4270463754084691,0.002612830883871282,1920
1052,0.04,narrow,joint_recent2,28,0.65,2.458436173534728e-05,0.421759112694656,0.006249871731517633,1920
1052,0.04,narrow,joint_recent2,29,0.65,6.170691730282429e-06,0.40929498463431546,0.012779509704252134,1968
1052,0.04,broad,theta_current,0,0.0,0.0,0.0,0.0,1992
1052,0.04,broad,theta_current,1,0.0,0.00016789025496646119,0.00017622465286398504,0.0,1920
1052,0.04,broad,theta_current,2,0.0,3.781956110041624e-05,4.218672817571918e-05,0.0,1992
1052,0.04,broad,theta_current,3,0.0,3.095219947169299e-05,2.6927025494387222e-05,0.0,1920
1052,0.04,broad,theta_current,4,0.0,3.366424517413621e-05,4.259106729122889e-05,0.0,1920
1052,0.04,broad,theta_current,5,0.0,0.0003175771675791482,0.0003200819034217599,0.0,1920
1052,0.04,broad,theta_current,6,0.04,0.010452515731941267,0.007623009041886426,0.0,1920
1052,0.04,broad,theta_current,7,0.08,0.011544047674451169,0.012019705770346759,0.0,1920
1052,0.04,broad,theta_current,8,0.12,0.025081681535169337,0.02217775244404533,0.0,1920
1052,0.04,broad,theta_current,9,0.16,0.03417626331149692,0.025789349191989226,0.0,1920
1052,0.04,broad,theta_current,10,0.2,0.024868448841773624,0.03548640842614725,0.0,1920
1052,0.04,broad,theta_current,11,0.24,0.04257590958731597,0.0482105953009517,0.0,1920
1052,0.04,broad,theta_current,12,0.28,0.042573796979307355,0.059054003479905325,0.0,1920
1052,0.04,broad,theta_current,13,0.32,0.20852671499783346,0.16629932040442613,0.0,1920
1052,0.04,broad,theta_current,14,0.36,0.036903851812004305,0.04459502977870144,0.0,1920
1052,0.04,broad,theta_current,15,0.4,0.04818663268194706,0.050389292354390186,0.0,1920
1052,0.04,broad,theta_current,16,0.44,0.053762059915898996,0.05765543878280407,0.0,1920
1052,0.04,broad,theta_current,17,0.48,0.05633749823304479,0.07452477396299549,0.0,1920
1052,0.04,broad,theta_current,18,0.52,0.12231956136640972,0.11489520516029811,0.0,1920
1052,0.04,broad,theta_current,19,0.56,0.12716174803219177,0.13972195649439773,0.0,1920
1052,0.04,broad,theta_current,20,0.6,0.13082435123996003,0.20132109368907972,0.0,1944
1052,0.04,broad,theta_current,21,0.64,0.1552312028856553,0.17656243812975642,0.0,1920
1052,0.04,broad,theta_current,22,0.65,0.1452891383513902,0.25391954640829273,0.0,1944
1052,0.04,broad,theta_current,23,0.65,0.31063762582470056,0.23479466914953023,0.0,1968
1052,0.04,broad,theta_current,24,0.65,0.23126388242790386,0.2636694340617208,0.0,1944
1052,0.04,broad,theta_current,25,0.65,0.18231315428664133,0.2097827118870682,0.0,1920
1052,0.04,broad,theta_current,26,0.65,0.297380897429741,0.2362260067915486,0.0,1968
1052,0.04,broad,theta_current,27,0.65,0.23485564168570536,0.23431639585589623,0.0,1968
1052,0.04,broad,theta_current,28,0.65,0.2445727747017574,0.2188094216521952,0.0,1920
1052,0.04,broad,theta_current,29,0.65,0.24739350963712967,0.21009628807097155,0.0,1920
1052,0.04,broad,joint_current,0,0.0,0.0,0.0,0.008262265735391267,1920
1052,0.04,broad,joint_current,1,0.0,0.0002126017353362363,0.0002052001036724098,0.02684153607881381,1920
1052,0.04,broad,joint_current,2,0.0,0.00033858269438276795,0.00028650562178626304,0.002864560085046568,1920
1052,0.04,broad,joint_current,3,0.0,4.3187751769502097e-05,3.734295117302731e-05,0.016278085340763034,1920
1052,0.04,broad,joint_current,4,0.0,0.0002332980759907888,0.0001726476778740756,0.011617451458988811,1920
1052,0.04,broad,joint_current,5,0.0,0.0004030071998314297,0.0004005594089398496,0.013315074439779683,1920
1052,0.04,broad,joint_current,6,0.04,0.010457749737544814,0.00784905308154842,0.044082018759117235,1920
1052,0.04,broad,joint_current,7,0.08,0.009277885125162998,0.008842054789273019,0.07631602987200631,1920
1052,0.04,broad,joint_current,8,0.12,0.008768365903065673,0.008377164091986813,0.1127863887859946,1920
1052,0.04,broad,joint_current,9,0.16,0.011140848652978014,0.0071565296280873625,0.14915312878150275,1920
1052,0.04,broad,joint_current,10,0.2,0.004582081125477367,0.005420308689962466,0.199028339871407,1920
1052,0.04,broad,joint_current,11,0.24,0.005212927437224198,0.005190201933535818,0.22923208985803997,1920
1052,0.04,broad,joint_current,12,0.28,0.003223063133613584,0.004277917902965231,0.1977616537549862,1920
1052,0.04,broad,joint_current,13,0.32,0.009763245453870036,0.01174028230366895,0.29273329196774045,1920
1052,0.04,broad,joint_current,14,0.36,0.0020953925998500934,0.002627166433176858,0.33122333335934234,1920
1052,0.04,broad,joint_current,15,0.4,0.004171525342293932,0.003619858070797788,0.38866845812396145,1920
1052,0.04,broad,joint_current,16,0.44,0.0026816985852470845,0.004249784524255451,0.41961381112533686,1920
1052,0.04,broad,joint_current,17,0.48,0.010524070989043866,0.007661784537652283,0.44356347918964883,1920
1052,0.04,broad,joint_current,18,0.52,0.009117454956196201,0.00996067996132178,0.5060747359544326,1920
1052,0.04,broad,joint_current,19,0.56,0.0012846440921262421,0.007179661637947201,0.46124635173082384,1920
1052,0.04,broad,joint_current,20,0.6,0.029255642197711502,0.04860074094381545,0.5880728400180771,1920
1052,0.04,broad,joint_current,21,0.64,0.0047338669042310015,0.005384407511678068,0.6197727850846312,1920
1052,0.04,broad,joint_current,22,0.65,0.00047046508073764095,0.0017309806533383934,0.446217856400609,1920
1052,0.04,broad,joint_current,23,0.65,0.09025968517229427,0.07324902094388719,0.6233974097582565,1920
1052,0.04,broad,joint_current,24,0.65,0.00020981359003759375,0.0009033577450278166,0.6159045606426804,1920
1052,0.04,broad,joint_current,25,0.65,0.001055003132502482,0.0019712459131822897,0.6297544234457257,1920
1052,0.04,broad,joint_current,26,0.65,0.0002635425415951264,0.00047434949777466415,0.5605454804016479,1920
1052,0.04,broad,joint_current,27,0.65,0.003972761072429681,0.00705685083769003,0.629275000714676,1920
1052,0.04,broad,joint_current,28,0.65,0.00033394396582094287,0.0003569290493085945,0.6417295728436877,1920
1052,0.04,broad,joint_current,29,0.65,0.0002635874690889688,0.00021973926437676093,0.603935433471197,1920
1052,0.04,broad,joint_current_unpenalized,0,0.0,0.0,0.0,0.008882131415375473,1920
1052,0.04,broad,joint_current_unpenalized,1,0.0,0.0002179630592372229,0.00020947115821184884,0.02843532656500779,1920
1052,0.04,broad,joint_current_unpenalized,2,0.0,0.00035681050345363544,0.0003057172201239018,0.0029934134801571206,1920
1052,0.04,broad,joint_current_unpenalized,3,0.0,4.343374153484958e-05,3.727803262270858e-05,0.01740179046592178,1920
1052,0.04,broad,joint_current_unpenalized,4,0.0,0.0002586675725647747,0.000187242740937076,0.012339237915725072,1920
1052,0.04,broad,joint_current_unpenalized,5,0.0,0.00040991844368124973,0.0004066824409907739,0.014697217427722292,1920
1052,0.04,broad,joint_current_unpenalized,6,0.04,0.010454986510011135,0.00787022586121674,0.04487007254344447,1920
1052,0.04,broad,joint_current_unpenalized,7,0.08,0.009288181227439287,0.008844696758858659,0.07731254651853091,1920
1052,0.04,broad,joint_current_unpenalized,8,0.12,0.008648208535009024,0.008296973266962987,0.11542846470373527,1920
1052,0.04,broad,joint_current_unpenalized,9,0.16,0.010816779042104374,0.006971550703983715,0.1541228970059686,1920
1052,0.04,broad,joint_current_unpenalized,10,0.2,0.004713028351359431,0.005338531072777513,0.20433625279621873,1920
1052,0.04,broad,joint_current_unpenalized,11,0.24,0.005229743609333981,0.005094919899681578,0.2373829650838859,1920
1052,0.04,broad,joint_current_unpenalized,12,0.28,0.0031810553068880557,0.004045810227132897,0.2834765126504984,1920
1052,0.04,broad,joint_current_unpenalized,13,0.32,0.0025141176857645772,0.0027788900452346056,0.31381052208017884,1920
1052,0.04,broad,joint_current_unpenalized,14,0.36,0.001948079828584388,0.002017887671373347,0.358209938119659,1920
1052,0.04,broad,joint_current_unpenalized,15,0.4,0.0027078755020617934,0.002428384016039396,0.402746427150891,1920
1052,0.04,broad,joint_current_unpenalized,16,0.44,0.002600854270421516,0.003968888460476961,0.43788361083982136,1920
1052,0.04,broad,joint_current_unpenalized,17,0.48,0.008884356733374165,0.005805728298819687,0.48340274603975775,1920
1052,0.04,broad,joint_current_unpenalized,18,0.52,0.007360194508474203,0.005983902198459244,0.5205068751118966,1920
1052,0.04,broad,joint_current_unpenalized,19,0.56,0.0008757423407802707,0.006264386397606595,0.5448482089186807,1920
1052,0.04,broad,joint_current_unpenalized,20,0.6,0.00659918430589063,0.010485341374408938,0.6000037502153606,1920
1052,0.04,broad,joint_current_unpenalized,21,0.64,0.003749581374649874,0.004451846184982026,0.6341094856089365,1920
1052,0.04,broad,joint_current_unpenalized,22,0.65,0.00032343867107554393,0.0008531553701619664,0.6403314032765913,1920
1052,0.04,broad,joint_current_unpenalized,23,0.65,0.00022057209553262528,0.00024010538166044628,0.6708930394443977,1920
1052,0.04,broad,joint_current_unpenalized,24,0.65,0.0020407740703666205,0.0012252457650243154,0.6531022568548805,1920
1052,0.04,broad,joint_current_unpenalized,25,0.65,0.00026492936351782815,0.0005101237472463809,0.6550107999135589,1920
1052,0.04,broad,joint_current_unpenalized,26,0.65,8.236164686112546e-05,0.00014429768498219202,0.658853500987156,1920
1052,0.04,broad,joint_current_unpenalized,27,0.65,0.00046417110843846474,0.0007991229483085003,0.6649491137509522,1920
1052,0.04,broad,joint_current_unpenalized,28,0.65,0.0006625475415390087,0.0005250354525330169,0.6550400501086775,1920
1052,0.04,broad,joint_current_unpenalized,29,0.65,0.0002648695108401345,0.00023266605127910192,0.6330204393541372,1920
1052,0.04,broad,joint_recent2,0,0.0,0.0,0.0,0.008262265735391267,1920
1052,0.04,broad,joint_recent2,1,0.0,0.0002126017353362363,0.0002052001036724098,0.013520458813151214,1920
1052,0.04,broad,joint_recent2,2,0.0,0.00014676181977435002,0.00011645660685996449,0.012663600285100485,1920
1052,0.04,broad,joint_recent2,3,0.0,4.7965411450371216e-05,6.574979738409004e-05,0.00716790369375168,1920
1052,0.04,broad,joint_recent2,4,0.0,2.4139705605094953e-05,2.2599287381896937e-05,0.0032591886595964236,1920
1052,0.04,broad,joint_recent2,5,0.0,7.296120916930985e-05,6.444410969062278e-05,0.012513448336083796,1920
1052,0.04,broad,joint_recent2,6,0.04,0.010798670556794995,0.007969261573806731,0.03977977634598212,1920
1052,0.04,broad,joint_recent2,7,0.08,0.01718016449430314,0.016920940602571675,0.05337650795945649,1920
1052,0.04,broad,joint_recent2,8,0.12,0.022336036433421774,0.020810911451597046,0.09874893472419599,1920
1052,0.04,broad,joint_recent2,9,0.16,0.026341538779214507,0.017752131299184383,0.14033075063544154,1920
1052,0.04,broad,joint_recent2,10,0.2,0.008883966217695568,0.012238067864444223,0.16404301375304225,1920
1052,0.04,broad,joint_recent2,11,0.24,0.013954831397308366,0.013356653493211353,0.21203882716397365,1920
1052,0.04,broad,joint_recent2,12,0.28,0.005722552550945339,0.008230302672494458,0.22658381960399368,1920
1052,0.04,broad,joint_recent2,13,0.32,0.008525915641504884,0.008657222385612597,0.2847015026031322,1920
1052,0.04,broad,joint_recent2,14,0.36,0.004528868066872073,0.005151526514013264,0.3070505781286976,1920
1052,0.04,broad,joint_recent2,15,0.4,0.007841125309320879,0.006826415966977207,0.3877780967526417,1920
1052,0.04,broad,joint_recent2,16,0.44,0.005736521552572763,0.007430903230273288,0.3995457736887756,1920
1052,0.04,broad,joint_recent2,17,0.48,0.02156680400173745,0.013993408850805933,0.4586019238042765,1920
1052,0.04,broad,joint_recent2,18,0.52,0.01283751721234593,0.011549972489615357,0.4919826214278316,1920
1052,0.04,broad,joint_recent2,19,0.56,0.0011211132728512951,0.014585951409578909,0.5079340078529828,1920
1052,0.04,broad,joint_recent2,20,0.6,0.015023334315053996,0.02495188659481593,0.5867556010852286,1920
1052,0.04,broad,joint_recent2,21,0.64,0.00614794840904026,0.0071822838183714394,0.6123760339676805,1920
1052,0.04,broad,joint_recent2,22,0.65,0.00024316723995362907,0.0027589843200273552,0.6150379932509344,1920
1052,0.04,broad,joint_recent2,23,0.65,0.0008387052043201231,0.0010772914533546656,0.6230842403657291,1920
1052,0.04,broad,joint_recent2,24,0.65,0.00020000020094114709,0.0005766210023260032,0.6244732905702233,1920
1052,0.04,broad,joint_recent2,25,0.65,0.0005337038094380808,0.001072590044248425,0.6327494795098151,1920
1052,0.04,broad,joint_recent2,26,0.65,0.00010067696207101562,0.00028244174768436334,0.6227025362255352,1920
1052,0.04,broad,joint_recent2,27,0.65,0.00040355949523998076,0.0005002815516022112,0.619366969224619,1920
1052,0.04,broad,joint_recent2,28,0.65,0.000529325468346228,0.000576538120163964,0.6378859250399946,1920
1052,0.04,broad,joint_recent2,29,0.65,8.348677142865187e-05,0.0001049116523131224,0.6378301286218524,1920
1053,0.015,narrow,theta_current,0,0.0,0.0,0.0,0.0,1920
1053,0.015,narrow,theta_current,1,0.0,5.6724788053793975e-05,0.00429723057675175,0.0,1920
1053,0.015,narrow,theta_current,2,0.0,5.426538199009117e-05,0.0061436090350280755,0.0,1920
1053,0.015,narrow,theta_current,3,0.0,2.0165602234385615e-05,0.00292820519215747,0.0,1920
1053,0.015,narrow,theta_current,4,0.0,0.00011248331376498776,0.0014472273854942161,0.0,1920
1053,0.015,narrow,theta_current,5,0.0,2.6620993235326494e-05,0.0007786842755477215,0.0,1920
1053,0.015,narrow,theta_current,6,0.015,0.0007058022049706457,0.0035878535144313194,0.0,1920
1053,0.015,narrow,theta_current,7,0.03,0.0012820346035223751,0.00982445614176838,0.0,1920
1053,0.015,narrow,theta_current,8,0.045,0.0008210385556382418,0.010333493410571808,0.0,1920
1053,0.015,narrow,theta_current,9,0.06,0.001098293284411654,0.00677808397262915,0.0,1920
1053,0.015,narrow,theta_current,10,0.075,0.0007642108503903067,0.01701720330790589,0.0,1920
1053,0.015,narrow,theta_current,11,0.09,0.0007353118998311686,0.009451273083965636,0.0,1920
1053,0.015,narrow,theta_current,12,0.105,0.0010839012494477573,0.015863523742592794,0.0,1920
1053,0.015,narrow,theta_current,13,0.12,0.0010752717432139748,0.01439542234970422,0.0,1920
1053,0.015,narrow,theta_current,14,0.135,0.001108911656908885,0.02062415863706698,0.0,1920
1053,0.015,narrow,theta_current,15,0.15,0.0006631779107238059,0.02634495996481016,0.0,1920
1053,0.015,narrow,theta_current,16,0.16499999999999998,0.0012181524813992817,0.028767823902112938,0.0,1920
1053,0.015,narrow,theta_current,17,0.18,0.0005667561742414463,0.03727193584949101,0.0,1920
1053,0.015,narrow,theta_current,18,0.195,0.0006935034819727973,0.0471224780954439,0.0,1920
1053,0.015,narrow,theta_current,19,0.21,0.000995052283572667,0.06316286785179828,0.0,1920
1053,0.015,narrow,theta_current,20,0.22499999999999998,0.0006563329157457527,0.03749295553217952,0.0,1920
1053,0.015,narrow,theta_current,21,0.24,0.0006447118031179783,0.04772236394929047,0.0,1920
1053,0.015,narrow,theta_current,22,0.255,0.00048616106362671385,0.049718219101353614,0.0,1920
1053,0.015,narrow,theta_current,23,0.27,0.000652686234017947,0.05018860364127496,0.0,1920
1053,0.015,narrow,theta_current,24,0.285,0.0012069906771582407,0.06624936513669567,0.0,1920
1053,0.015,narrow,theta_current,25,0.3,0.00025345665559971096,0.05451643637662367,0.0,1920
1053,0.015,narrow,theta_current,26,0.315,0.0006625955676747912,0.07296971618071961,0.0,1920
1053,0.015,narrow,theta_current,27,0.32999999999999996,0.0006525703202798267,0.08267896732443145,0.0,1920
1053,0.015,narrow,theta_current,28,0.345,0.0005724550440157224,0.11739138547699979,0.0,1920
1053,0.015,narrow,theta_current,29,0.36,0.0004932694895727758,0.11064041629052344,0.0,1920
1053,0.015,narrow,joint_current,0,0.0,0.0,0.0,0.0024841678109044493,1920
1053,0.015,narrow,joint_current,1,0.0,5.604414745687962e-05,0.004397908761614647,0.01392946337901646,1920
1053,0.015,narrow,joint_current,2,0.0,6.045054354660352e-05,0.008268376236193708,0.0008468942343582566,1920
1053,0.015,narrow,joint_current,3,0.0,1.999315825452182e-05,0.0026359978712953854,0.008240939632616948,1920
1053,0.015,narrow,joint_current,4,0.0,0.00011178160273394304,0.0013584328490499136,0.003966141004696143,1920
1053,0.015,narrow,joint_current,5,0.0,2.6157290035088178e-05,0.0006058590848887352,0.007173452223678734,1920
1053,0.015,narrow,joint_current,6,0.015,0.000709443755758688,0.004600290000391673,0.0028584688915162778,1920
1053,0.015,narrow,joint_current,7,0.03,0.001283377702469398,0.009384162717272788,0.0033054392373622937,1920
1053,0.015,narrow,joint_current,8,0.045,0.0008248408746052991,0.011234121074178104,0.004252028161534831,1920
1053,0.015,narrow,joint_current,9,0.06,0.0010982029222870707,0.006136887300201363,0.019713207345503112,1920
1053,0.015,narrow,joint_current,10,0.075,0.0007710016741188866,0.016102476488904078,0.010117452770664113,1920
1053,0.015,narrow,joint_current,11,0.09,0.0007446914763051919,0.011214075744934842,0.004477318312895313,1920
1053,0.015,narrow,joint_current,12,0.105,0.0010818285614658365,0.015164586963085208,0.007861348683716135,1920
1053,0.015,narrow,joint_current,13,0.12,0.0010736217646032554,0.016527961150658074,0.011521066246294696,1920
1053,0.015,narrow,joint_current,14,0.135,0.0011110032806619919,0.019430958993258786,0.004396067698152988,1920
1053,0.015,narrow,joint_current,15,0.15,0.0006673224487844133,0.028910565242566855,0.006866492558041207,1920
1053,0.015,narrow,joint_current,16,0.16499999999999998,0.001219956828753527,0.028281983012019694,0.0034011940427927908,1920
1053,0.015,narrow,joint_current,17,0.18,0.0005665974648549343,0.03841538306689265,0.0028543834983725765,1920
1053,0.015,narrow,joint_current,18,0.195,0.0006932357443948512,0.04885931157799333,0.0027769274406435943,1920
1053,0.015,narrow,joint_current,19,0.21,0.0009953955457393145,0.06684837288102544,0.01640631510829413,1920
1053,0.015,narrow,joint_current,20,0.22499999999999998,0.0006192306605550928,0.04567522064177432,0.010914734480779498,1920
1053,0.015,narrow,joint_current,21,0.24,0.0006416279292518432,0.04992663954399626,0.002477283568860314,1920
1053,0.015,narrow,joint_current,22,0.255,0.0004859652321583608,0.054060146532251614,0.0007314401893907958,1920
1053,0.015,narrow,joint_current,23,0.27,0.0006524602374093198,0.053846033259352374,0.006246912657867942,1920
1053,0.015,narrow,joint_current,24,0.285,0.0012083647779125692,0.0725196786005661,0.0067879566376160844,1920
1053,0.015,narrow,joint_current,25,0.3,0.0002551312221552319,0.05942472218991997,0.006199134578958246,1920
1053,0.015,narrow,joint_current,26,0.315,0.0006596239450942324,0.08069827941115251,0.002371142008157761,1920
1053,0.015,narrow,joint_current,27,0.32999999999999996,0.0006536317807991,0.09032275650155613,0.006702842209986787,1920
1053,0.015,narrow,joint_current,28,0.345,0.0005736220970837072,0.12945466176616982,0.002068832288248588,1920
1053,0.015,narrow,joint_current,29,0.36,0.0004940023937716993,0.11552766412467136,0.0012149331958404386,1920
1053,0.015,narrow,joint_current_unpenalized,0,0.0,0.0,0.0,0.034935705553992474,1920
1053,0.015,narrow,joint_current_unpenalized,1,0.0,5.3786496747881635e-05,0.00782231606851637,0.1310523430520173,1920
1053,0.015,narrow,joint_current_unpenalized,2,0.0,0.0001179257510626004,0.050654729727398734,0.05736231671725395,1920
1053,0.015,narrow,joint_current_unpenalized,3,0.0,1.970455321824698e-05,0.006952881485417459,0.06491957654904425,1920
1053,0.015,narrow,joint_current_unpenalized,4,0.0,0.00010886442632436541,0.0024237944974174926,0.050369847448936376,1920
1053,0.015,narrow,joint_current_unpenalized,5,0.0,2.8126598622262394e-05,0.0014235270585164534,0.11542985627150948,1920
1053,0.015,narrow,joint_current_unpenalized,6,0.015,0.0007465526174971145,0.0308107767676456,0.020294016120900718,1920
1053,0.015,narrow,joint_current_unpenalized,7,0.03,0.0012996926945926465,0.010032148967749725,0.08323391926529713,1920
1053,0.015,narrow,joint_current_unpenalized,8,0.045,0.0008487022003899261,0.02797605675658412,0.0629984737264493,1920
1053,0.015,narrow,joint_current_unpenalized,9,0.06,0.0010962875149034795,0.00375681881164494,0.15205949634520174,1944
1053,0.015,narrow,joint_current_unpenalized,10,0.075,0.000806719843543455,0.025996400098752658,0.042036934623975286,1920
1053,0.015,narrow,joint_current_unpenalized,11,0.09,0.0007395760220902558,0.010581787477287694,0.10252160855313129,1920
1053,0.015,narrow,joint_current_unpenalized,12,0.105,0.0010935723859294103,0.009041169566667093,0.08629505477660968,1920
1053,0.015,narrow,joint_current_unpenalized,13,0.12,0.0010697722757828344,0.023707702991742914,0.20191722071552903,1920
1053,0.015,narrow,joint_current_unpenalized,14,0.135,0.0010489725384727519,0.006936995057022061,0.15895635909733244,1920
1053,0.015,narrow,joint_current_unpenalized,15,0.15,0.0006355111779931117,0.011411221813391773,0.22206044089521693,1920
1053,0.015,narrow,joint_current_unpenalized,16,0.16499999999999998,0.0012143198979919741,0.004703776045734855,0.2520361586517092,1920
1053,0.015,narrow,joint_current_unpenalized,17,0.18,0.0005749535676997483,0.004752030180599087,0.26554996080133075,1920
1053,0.015,narrow,joint_current_unpenalized,18,0.195,0.0007056019107347572,0.004869791624284352,0.2750412390909371,1920
1053,0.015,narrow,joint_current_unpenalized,19,0.21,0.0009851417248632256,0.009289647110393932,0.291416182563652,1944
1053,0.015,narrow,joint_current_unpenalized,20,0.22499999999999998,0.0007485830177012863,0.014906298835807016,0.2572935476852967,1920
1053,0.015,narrow,joint_current_unpenalized,21,0.24,0.000627737024608287,0.0034732681730796243,0.24329157809793678,1920
1053,0.015,narrow,joint_current_unpenalized,22,0.255,0.00048638871028226934,0.0043110341145739615,0.24503523145557177,1920
1053,0.015,narrow,joint_current_unpenalized,23,0.27,0.0006539585984104893,0.0026077186326044074,0.27143539297591,1920
1053,0.015,narrow,joint_current_unpenalized,24,0.285,0.0012135865551047072,0.008583666520125847,0.28968548911591324,1920
1053,0.015,narrow,joint_current_unpenalized,25,0.3,0.0002559147951522928,0.0035456376022507756,0.2766971670293396,1920
1053,0.015,narrow,joint_current_unpenalized,26,0.315,0.0006503651045343742,0.010529292726459727,0.2838282466292088,1920
1053,0.015,narrow,joint_current_unpenalized,27,0.32999999999999996,0.0006588146249578644,0.013964082702325438,0.3213352682884052,1920
1053,0.015,narrow,joint_current_unpenalized,28,0.345,0.0005452440330748057,0.052766789076531116,0.3185510348395648,1920
1053,0.015,narrow,joint_current_unpenalized,29,0.36,0.0004932263060708999,0.030452914614888915,0.31327538975350977,1920
1053,0.015,narrow,joint_recent2,0,0.0,0.0,0.0,0.0024841678109044493,1920
1053,0.015,narrow,joint_recent2,1,0.0,5.604414745687962e-05,0.004397908761614647,0.0036651537550094707,1920
1053,0.015,narrow,joint_recent2,2,0.0,1.71122538006633e-05,0.0006508964424606425,0.007692826915131912,1920
1053,0.015,narrow,joint_recent2,3,0.0,2.0240982644570754e-05,0.0006716361332132,0.001801583846420626,1920
1053,0.015,narrow,joint_recent2,4,0.0,2.66023673230084e-05,0.0010668954147490708,0.0036720104610504485,1920
1053,0.015,narrow,joint_recent2,5,0.0,2.2670363756562457e-05,2.3307084806733724e-05,0.007573360354379875,1920
1053,0.015,narrow,joint_recent2,6,0.015,0.0006727981402874032,0.001441407963730284,0.0012886939161274008,1920
1053,0.015,narrow,joint_recent2,7,0.03,0.0026999566524988426,0.004869137941713517,0.008499549471667249,1920
1053,0.015,narrow,joint_recent2,8,0.045,0.00190569941446133,0.020491226296901713,0.00953764690017374,1920
1053,0.015,narrow,joint_recent2,9,0.06,0.001764457381892878,0.005228533648533271,0.013873667925522018,1920
1053,0.015,narrow,joint_recent2,10,0.075,0.001971370431427637,0.006640485716929208,0.010298189077971044,1920
1053,0.015,narrow,joint_recent2,11,0.09,0.0016630638958481797,0.01031979927287275,0.001621230948643362,1920
1053,0.015,narrow,joint_recent2,12,0.105,0.0020126250126257833,0.015213760825960774,0.005944778430917573,1920
1053,0.015,narrow,joint_recent2,13,0.12,0.002288818404544717,0.018327563947747642,0.0037214722753465593,1920
1053,0.015,narrow,joint_recent2,14,0.135,0.0021145761865937226,0.01922261927742593,0.0029563323648282894,1920
1053,0.015,narrow,joint_recent2,15,0.15,0.0020392235461926256,0.022736766429484436,0.0069149208265887,1920
1053,0.015,narrow,joint_recent2,16,0.16499999999999998,0.002411032366755338,0.0292911474149012,0.011889506278367533,1920
1053,0.015,narrow,joint_recent2,17,0.18,0.0018436037098301626,0.028387363256719752,0.007084791809549161,1920
1053,0.015,narrow,joint_recent2,18,0.195,0.0014831981188232113,0.03789010530909039,0.004836111127816821,1920
1053,0.015,narrow,joint_recent2,19,0.21,0.0019699524910034116,0.04521841137845006,0.0022234819139117915,1920
1053,0.015,narrow,joint_recent2,20,0.22499999999999998,0.001774561119047836,0.04695613893471867,0.009020847790537936,1920
1053,0.015,narrow,joint_recent2,21,0.24,0.0015716343193770313,0.0495710239964393,0.012053149068387132,1920
1053,0.015,narrow,joint_recent2,22,0.255,0.0012856211915278153,0.050463561378573815,0.0008840123868622818,1920
1053,0.015,narrow,joint_recent2,23,0.27,0.0013520387587221997,0.0586610468745091,0.004957515291890672,1920
1053,0.015,narrow,joint_recent2,24,0.285,0.001894616549041997,0.06211790920433891,0.002887282164307484,1920
1053,0.015,narrow,joint_recent2,25,0.3,0.0013331007682677268,0.06428345076273276,0.001934582832258009,1920
1053,0.015,narrow,joint_recent2,26,0.315,0.0011438400705166437,0.0681570580442967,0.006695239999186897,1920
1053,0.015,narrow,joint_recent2,27,0.32999999999999996,0.0014463685940956426,0.08108574363176341,0.002893460139441335,1920
1053,0.015,narrow,joint_recent2,28,0.345,0.0014449528679641391,0.0895531927555134,0.0048243147684408115,1920
1053,0.015,narrow,joint_recent2,29,0.36,0.0010333740928319631,0.10086554598578618,0.003988543376428628,1920
1053,0.015,broad,theta_current,0,0.0,0.0,0.0,0.0,1920
1053,0.015,broad,theta_current,1,0.0,0.00023388338477377835,0.0002466451028941164,0.0,1920
1053,0.015,broad,theta_current,2,0.0,7.857617561542525e-05,7.850883990309431e-05,0.0,1920
1053,0.015,broad,theta_current,3,0.0,8.65378265713267e-05,9.473654929878615e-05,0.0,1920
1053,0.015,broad,theta_current,4,0.0,0.0002415696167872738,0.00026555122965364164,0.0,1920
1053,0.015,broad,theta_current,5,0.0,5.878060270608084e-05,7.149581513395596e-05,0.0,1920
1053,0.015,broad,theta_current,6,0.015,0.0017113511053123646,0.001220106824503991,0.0,1920
1053,0.015,broad,theta_current,7,0.03,0.001040227045443478,0.0014814396213378347,0.0,1920
1053,0.015,broad,theta_current,8,0.045,0.002196274431757105,0.0030527226350616746,0.0,1920
1053,0.015,broad,theta_current,9,0.06,0.00615239803147142,0.007603556507583042,0.0,1920
1053,0.015,broad,theta_current,10,0.075,0.006194809367346984,0.005884298398391354,0.0,1920
1053,0.015,broad,theta_current,11,0.09,0.011049266459355028,0.008011988448725797,0.0,1920
1053,0.015,broad,theta_current,12,0.105,0.014188641722855916,0.015949107817070925,0.0,1920
1053,0.015,broad,theta_current,13,0.12,0.008837515625399911,0.013728763621322686,0.0,1920
1053,0.015,broad,theta_current,14,0.135,0.015746370625078113,0.020662084037635295,0.0,1920
1053,0.015,broad,theta_current,15,0.15,0.02094044061935535,0.018959788184837758,0.0,1920
1053,0.015,broad,theta_current,16,0.16499999999999998,0.019153491940779154,0.022696071439915665,0.0,1920
1053,0.015,broad,theta_current,17,0.18,0.012649716620799742,0.022522782325046016,0.0,1920
1053,0.015,broad,theta_current,18,0.195,0.04086412425269787,0.036896171308781436,0.0,1920
1053,0.015,broad,theta_current,19,0.21,0.02915408485789404,0.03537090532475312,0.0,1920
1053,0.015,broad,theta_current,20,0.22499999999999998,0.026664726791172724,0.030491363531508147,0.0,1920
1053,0.015,broad,theta_current,21,0.24,0.03272346886645235,0.038229105394947255,0.0,1920
1053,0.015,broad,theta_current,22,0.255,0.0327114430934246,0.03410273655096577,0.0,1920
1053,0.015,broad,theta_current,23,0.27,0.02964513097231372,0.0458905554482683,0.0,1944
1053,0.015,broad,theta_current,24,0.285,0.048878161664867664,0.043249060138438544,0.0,1920
1053,0.015,broad,theta_current,25,0.3,0.03805453185038618,0.03877243545628124,0.0,1944
1053,0.015,broad,theta_current,26,0.315,0.02613421488071127,0.0388203130898597,0.0,1920
1053,0.015,broad,theta_current,27,0.32999999999999996,0.042012130661685056,0.043476718407826034,0.0,1920
1053,0.015,broad,theta_current,28,0.345,0.03343321328239331,0.0601396588888952,0.0,1920
1053,0.015,broad,theta_current,29,0.36,0.03799644018202538,0.06460961825299183,0.0,1920
1053,0.015,broad,joint_current,0,0.0,0.0,0.0,0.02518902388042667,1920
1053,0.015,broad,joint_current,1,0.0,0.0002682725846890547,0.00022414693959331918,0.014502170886699828,1920
1053,0.015,broad,joint_current,2,0.0,7.432686241946685e-05,7.80478162402657e-05,0.01605321298806538,1920
1053,0.015,broad,joint_current,3,0.0,0.00011799513072808652,0.00011747867307986353,0.012719985971722697,1920
1053,0.015,broad,joint_current,4,0.0,0.0003993670868048598,0.00033485241755715255,0.022429953717355244,1920
1053,0.015,broad,joint_current,5,0.0,0.00014689214877869114,0.00015014354760944432,0.02756987383560265,1920
1053,0.015,broad,joint_current,6,0.015,0.0016922203513725052,0.0012957775053717504,0.027254496409893893,1920
1053,0.015,broad,joint_current,7,0.03,0.001140309998316833,0.0014375739530907712,0.038980038324436264,1920
1053,0.015,broad,joint_current,8,0.045,0.0006586875275448887,0.0006959843876370988,0.04869655318650802,1920
1053,0.015,broad,joint_current,9,0.06,0.001039710475153606,0.0012857182135381342,0.05887644954713564,1920
1053,0.015,broad,joint_current,10,0.075,0.0011840680620086514,0.000999604642787479,0.07261945534724529,1920
1053,0.015,broad,joint_current,11,0.09,0.0014173110639867075,0.0008002453455311967,0.09139475391415977,1920
1053,0.015,broad,joint_current,12,0.105,0.0011437964196747913,0.0010190671274861042,0.10667189317433975,1920
1053,0.015,broad,joint_current,13,0.12,0.0007021929254539134,0.0008393680178761311,0.10344910087697692,1920
1053,0.015,broad,joint_current,14,0.135,0.0016505929099198437,0.0017798876284319935,0.13067821440355692,1920
1053,0.015,broad,joint_current,15,0.15,0.0008698417483837775,0.0006730163398377181,0.14454311032540434,1920
1053,0.015,broad,joint_current,16,0.16499999999999998,0.0008273819591321911,0.0006852334914800556,0.15803297653838597,1920
1053,0.015,broad,joint_current,17,0.18,0.00041741202929041193,0.0008414124761421366,0.16090897562768058,1920
1053,0.015,broad,joint_current,18,0.195,0.0008499829187749117,0.0014235795511903162,0.1686180003580412,1920
1053,0.015,broad,joint_current,19,0.21,0.001736991363240636,0.001512705701159421,0.20781294591351793,1920
1053,0.015,broad,joint_current,20,0.22499999999999998,0.0032662717350411554,0.001882450219815167,0.22676229719211288,1920
1053,0.015,broad,joint_current,21,0.24,0.0007054113174556651,0.0008527325079699042,0.22909186308186086,1920
1053,0.015,broad,joint_current,22,0.255,0.0007153533868896173,0.0007023888770257732,0.23258685434646018,1920
1053,0.015,broad,joint_current,23,0.27,0.00117662921011066,0.0010907325553332395,0.2487936574061798,1920
1053,0.015,broad,joint_current,24,0.285,0.001431173208665228,0.001331232714823326,0.27836023423932527,1920
1053,0.015,broad,joint_current,25,0.3,0.0004837565898864443,0.0004672903686123565,0.27466853840669975,1920
1053,0.015,broad,joint_current,26,0.315,0.0010012702259321554,0.0012258936818253861,0.2884046178507564,1920
1053,0.015,broad,joint_current,27,0.32999999999999996,0.0007406919127238118,0.001484111709387306,0.3158145566330588,1920
1053,0.015,broad,joint_current,28,0.345,0.0008646024759619439,0.0011241444485580862,0.33254346095818443,1920
1053,0.015,broad,joint_current,29,0.36,0.0010225753353543551,0.001185787846510938,0.3509830995299312,1920
1053,0.015,broad,joint_current_unpenalized,0,0.0,0.0,0.0,0.030553822315551853,1920
1053,0.015,broad,joint_current_unpenalized,1,0.0,0.00029754525288707274,0.0002404436144434029,0.018167016101760546,1920
1053,0.015,broad,joint_current_unpenalized,2,0.0,8.22704411945671e-05,8.619084895185948e-05,0.020102717110311148,1920
1053,0.015,broad,joint_current_unpenalized,3,0.0,0.00012456279551148746,0.00012745678758905966,0.01512276775584301,1920
1053,0.015,broad,joint_current_unpenalized,4,0.0,0.00042026253205824227,0.00034699440480707246,0.026131161676980534,1920
1053,0.015,broad,joint_current_unpenalized,5,0.0,0.00017157785374038886,0.00016963025024440193,0.03338502006432621,1920
1053,0.015,broad,joint_current_unpenalized,6,0.015,0.0017036481531774936,0.001331830906361118,0.06430422934137718,1920
1053,0.015,broad,joint_current_unpenalized,7,0.03,0.00341531349577992,0.0031767070972347766,0.041009973199211805,1920
1053,0.015,broad,joint_current_unpenalized,8,0.045,0.0007300752508474642,0.0007282172897542362,0.049959373632636674,1920
1053,0.015,broad,joint_current_unpenalized,9,0.06,0.0010184627639123487,0.0012637068265110565,0.05997972648769074,1920
1053,0.015,broad,joint_current_unpenalized,10,0.075,0.0011963539752071668,0.001002536727898774,0.07382513843830718,1920
1053,0.015,broad,joint_current_unpenalized,11,0.09,0.0013473785629265272,0.000785024980264303,0.09332759196150758,1920
1053,0.015,broad,joint_current_unpenalized,12,0.105,0.001140744128810137,0.0010354053806539288,0.10822262722731321,1920
1053,0.015,broad,joint_current_unpenalized,13,0.12,0.0007204077409473808,0.0008317420816866628,0.10639477170829369,1920
1053,0.015,broad,joint_current_unpenalized,14,0.135,0.0014850167157139027,0.0015917324210937903,0.13317946210512507,1920
1053,0.015,broad,joint_current_unpenalized,15,0.15,0.0007768119764760138,0.0006060664928544668,0.14714895410863033,1920
1053,0.015,broad,joint_current_unpenalized,16,0.16499999999999998,0.0007714374098262074,0.0006368081674890734,0.16109335557783278,1920
1053,0.015,broad,joint_current_unpenalized,17,0.18,0.00045691542047874347,0.0007944158501194471,0.1781634540478679,1920
1053,0.015,broad,joint_current_unpenalized,18,0.195,0.0003950942666471013,0.0006557659841848076,0.17483663947416175,1920
1053,0.015,broad,joint_current_unpenalized,19,0.21,0.001256350291230408,0.001170309497182741,0.21415779168181442,1920
1053,0.015,broad,joint_current_unpenalized,20,0.22499999999999998,0.0028099365290592017,0.001578100880076592,0.24367206651024262,1920
1053,0.015,broad,joint_current_unpenalized,21,0.24,0.0007970299131076786,0.0011441468720423847,0.23759784981058948,1920
1053,0.015,broad,joint_current_unpenalized,22,0.255,0.0006462929966195999,0.0006259154580496185,0.2492126754650088,1920
1053,0.015,broad,joint_current_unpenalized,23,0.27,0.0010809879849070687,0.0008510698352365547,0.2752895861484659,1920
1053,0.015,broad,joint_current_unpenalized,24,0.285,0.0012185197649975956,0.0011346540771076464,0.28738177375424634,1920
1053,0.015,broad,joint_current_unpenalized,25,0.3,0.000420901370444996,0.0004350837129517004,0.2845253881330317,1920
1053,0.015,broad,joint_current_unpenalized,26,0.315,0.000864880558038311,0.0010789724549754446,0.3149921849891405,1920
1053,0.015,broad,joint_current_unpenalized,27,0.32999999999999996,0.00038878397619749005,0.0009842456977868358,0.3303711034959204,1920
1053,0.015,broad,joint_current_unpenalized,28,0.345,0.0005675485363333758,0.000737498719002402,0.34755528931142454,1920
1053,0.015,broad,joint_current_unpenalized,29,0.36,0.0012150478079119905,0.0012915953184870095,0.36100224346835763,1920
1053,0.015,broad,joint_recent2,0,0.0,0.0,0.0,0.02518902388042667,1920
1053,0.015,broad,joint_recent2,1,0.0,0.0002682725846890547,0.00022414693959331918,0.019876689766877398,1920
1053,0.015,broad,joint_recent2,2,0.0,0.000169020995372442,0.00013410034629835648,0.013564979880709108,1920
1053,0.015,broad,joint_recent2,3,0.0,6.922890646599118e-05,8.334994159305743e-05,0.007194576626724626,1920
1053,0.015,broad,joint_recent2,4,0.0,8.856061436558379e-05,8.99867832179194e-05,0.011574434134524338,1920
1053,0.015,broad,joint_recent2,5,0.0,7.246890930959596e-05,7.080721575396178e-05,0.007297641770854589,1920
1053,0.015,broad,joint_recent2,6,0.015,0.0012347627752993184,0.0009395106709250817,0.020967677387315527,1920
1053,0.015,broad,joint_recent2,7,0.03,0.0015193046692055946,0.002011802692646056,0.03227846556515352,1920
1053,0.015,broad,joint_recent2,8,0.045,0.0028578869413364762,0.0027251902810255003,0.043463812959322015,1920
1053,0.015,broad,joint_recent2,9,0.06,0.0017313992282322781,0.0019910201102005596,0.05704143520042408,1920
1053,0.015,broad,joint_recent2,10,0.075,0.0018390486464399981,0.0017996905826777258,0.06406129977086208,1920
1053,0.015,broad,joint_recent2,11,0.09,0.0028915854964278787,0.0016345857063222095,0.0845803335307602,1920
1053,0.015,broad,joint_recent2,12,0.105,0.001877346271940984,0.001614261036805785,0.09673328461963371,1920
1053,0.015,broad,joint_recent2,13,0.12,0.0013042497089756236,0.0019257795764019482,0.10271397237794667,1920
1053,0.015,broad,joint_recent2,14,0.135,0.0020657757783010366,0.0022186060050470345,0.12436857861314735,1920
1053,0.015,broad,joint_recent2,15,0.15,0.002044205182477152,0.0016268294242644484,0.1416522925005988,1920
1053,0.015,broad,joint_recent2,16,0.16499999999999998,0.001598137443423682,0.001246635973264873,0.1512091798618834,1920
1053,0.015,broad,joint_recent2,17,0.18,0.0006460144146861937,0.0014234404570489224,0.15610242019377185,1920
1053,0.015,broad,joint_recent2,18,0.195,0.0019451578103487617,0.0021101345694218864,0.1713510664740527,1920
1053,0.015,broad,joint_recent2,19,0.21,0.002627126149208514,0.0021125370445275824,0.197027785477368,1920
1053,0.015,broad,joint_recent2,20,0.22499999999999998,0.0023134986730890257,0.0016065529444720893,0.21979479102087762,1920
1053,0.015,broad,joint_recent2,21,0.24,0.0010225357331392468,0.0011297062875587184,0.22336495359439454,1920
1053,0.015,broad,joint_recent2,22,0.255,0.0016870657506530683,0.0013985274103411743,0.2328407198759743,1920
1053,0.015,broad,joint_recent2,23,0.27,0.0014312065199499405,0.0013310168910669528,0.2426549389490568,1920
1053,0.015,broad,joint_recent2,24,0.285,0.0020163837502372313,0.0018614401175525994,0.2658205500177729,1920
1053,0.015,broad,joint_recent2,25,0.3,0.0013563491840814443,0.0015359223374199374,0.2792592205149529,1920
1053,0.015,broad,joint_recent2,26,0.315,0.0009351847089935026,0.0012852184530893211,0.28271246112184883,1920
1053,0.015,broad,joint_recent2,27,0.32999999999999996,0.0011714371752334066,0.0020260803007177406,0.3044547382187327,1920
1053,0.015,broad,joint_recent2,28,0.345,0.0015010968956492906,0.0022735624327235348,0.3250555534762743,1920
1053,0.015,broad,joint_recent2,29,0.36,0.0016036420286610117,0.001830040277203997,0.3422328454570318,1920
1053,0.04,narrow,theta_current,0,0.0,0.0,0.0,0.0,1920
1053,0.04,narrow,theta_current,1,0.0,5.6724788053793975e-05,0.00429723057675175,0.0,1920
1053,0.04,narrow,theta_current,2,0.0,5.426538199009117e-05,0.0061436090350280755,0.0,1920
1053,0.04,narrow,theta_current,3,0.0,2.0165602234385615e-05,0.00292820519215747,0.0,1920
1053,0.04,narrow,theta_current,4,0.0,0.00011248331376498776,0.0014472273854942161,0.0,1920
1053,0.04,narrow,theta_current,5,0.0,2.6620993235326494e-05,0.0007786842755477215,0.0,1920
1053,0.04,narrow,theta_current,6,0.04,0.005330441324271927,0.010852299082762449,0.0,1920
1053,0.04,narrow,theta_current,7,0.08,0.007504658440991856,0.023176633469255928,0.0,1920
1053,0.04,narrow,theta_current,8,0.12,0.006253870502077793,0.029215320153694175,0.0,1920
1053,0.04,narrow,theta_current,9,0.16,0.006767833003801914,0.03155563372014219,0.0,1920
1053,0.04,narrow,theta_current,10,0.2,0.005441363821240278,0.05097838915640677,0.0,1920
1053,0.04,narrow,theta_current,11,0.24,0.005769330186775868,0.04726837142691815,0.0,1920
1053,0.04,narrow,theta_current,12,0.28,0.005585929133347377,0.06504736181130517,0.0,1920
1053,0.04,narrow,theta_current,13,0.32,0.003941044773026373,0.06072927133200748,0.0,1920
1053,0.04,narrow,theta_current,14,0.36,0.00424914307356998,0.09160521370839224,0.0,1920
1053,0.04,narrow,theta_current,15,0.4,0.003337421344910536,0.10465866657068223,0.0,1920
1053,0.04,narrow,theta_current,16,0.44,0.0036634548575309824,0.1319896551801233,0.0,1920
1053,0.04,narrow,theta_current,17,0.48,0.002639665387285077,0.17013240247906747,0.0,1920
1053,0.04,narrow,theta_current,18,0.52,0.0028042554455940017,0.20950498556111236,0.0,1920
1053,0.04,narrow,theta_current,19,0.56,0.001686427696046524,0.25134666910568354,0.0,1920
1053,0.04,narrow,theta_current,20,0.6,0.0024360058503153053,0.3004775447700788,0.0,1920
1053,0.04,narrow,theta_current,21,0.64,0.002232905873532719,0.34737518917650984,0.0,1920
1053,0.04,narrow,theta_current,22,0.65,0.0004793702248866364,0.3520396303054612,0.0,1920
1053,0.04,narrow,theta_current,23,0.65,5.01886193909689e-05,0.3485517588300046,0.0,1920
1053,0.04,narrow,theta_current,24,0.65,0.00016326509833080154,0.3486852399447034,0.0,1920
1053,0.04,narrow,theta_current,25,0.65,0.00010502157101564488,0.3395240124529262,0.0,1920
1053,0.04,narrow,theta_current,26,0.65,2.8987668177280163e-05,0.34163147552473694,0.0,1920
1053,0.04,narrow,theta_current,27,0.65,4.841353342075522e-05,0.34285704163952274,0.0,1920
1053,0.04,narrow,theta_current,28,0.65,4.545442260189841e-05,0.3469044393073343,0.0,1920
1053,0.04,narrow,theta_current,29,0.65,1.559116279514975e-05,0.3440724318148525,0.0,1920
1053,0.04,narrow,joint_current,0,0.0,0.0,0.0,0.0024841678109044493,1920
1053,0.04,narrow,joint_current,1,0.0,5.604414745687962e-05,0.004397908761614647,0.01392946337901646,1920
1053,0.04,narrow,joint_current,2,0.0,6.045054354660352e-05,0.008268376236193708,0.0008468942343582566,1920
1053,0.04,narrow,joint_current,3,0.0,1.999315825452182e-05,0.0026359978712953854,0.008240939632616948,1920
1053,0.04,narrow,joint_current,4,0.0,0.00011178160273394304,0.0013584328490499136,0.003966141004696143,1920
1053,0.04,narrow,joint_current,5,0.0,2.6157290035088178e-05,0.0006058590848887352,0.007173452223678734,1920
1053,0.04,narrow,joint_current,6,0.04,0.005338492429622307,0.01245379978674149,0.003948177980828279,1920
1053,0.04,narrow,joint_current,7,0.08,0.007507925486330963,0.022142639713196622,0.0020362019139548637,1920
1053,0.04,narrow,joint_current,8,0.12,0.0062619704391021795,0.030386194411598864,0.006392121271472514,1920
1053,0.04,narrow,joint_current,9,0.16,0.006770466644373099,0.029862619526595774,0.01992809187274456,1920
1053,0.04,narrow,joint_current,10,0.2,0.005481360307670455,0.04800120157577309,0.007833897088259345,1920
1053,0.04,narrow,joint_current,11,0.24,0.005792191358459092,0.052366491555365324,0.0047874948122473065,1920
1053,0.04,narrow,joint_current,12,0.28,0.005576919837644819,0.0672314250398974,0.0054466967246301345,1920
1053,0.04,narrow,joint_current,13,0.32,0.003940061698151545,0.06577800398101935,0.009399583473948283,1920
1053,0.04,narrow,joint_current,14,0.36,0.004239147781608165,0.09790709905674533,0.003681402046160286,1920
1053,0.04,narrow,joint_current,15,0.4,0.0033332561727544077,0.109062875927524,0.004096253111119175,1920
1053,0.04,narrow,joint_current,16,0.44,0.003661839814480017,0.13624547346195923,0.0008934792985550695,1920
1053,0.04,narrow,joint_current,17,0.48,0.0026409051193685205,0.1733179479214476,0.0008318671282323482,1920
1053,0.04,narrow,joint_current,18,0.52,0.0028073363530152786,0.2104742850485284,0.0026037769667968105,1920
1053,0.04,narrow,joint_current,19,0.56,0.0016831434231550748,0.25009301220873903,0.012669490635395911,1920
1053,0.04,narrow,joint_current,20,0.6,0.002441877278237512,0.2976568975375523,0.003507313030909371,1920
1053,0.04,narrow,joint_current,21,0.64,0.002238997833275537,0.3454374565543463,0.006933758752744483,1920
1053,0.04,narrow,joint_current,22,0.65,0.000486834198041561,0.35001829896669673,0.00588818606713102,1920
1053,0.04,narrow,joint_current,23,0.65,5.239368383896931e-05,0.34759181073811923,0.00022748416383988707,1920
1053,0.04,narrow,joint_current,24,0.65,0.000166026018127789,0.34911461657807974,0.01213733232173799,1920
1053,0.04,narrow,joint_current,25,0.65,0.00010509734366555478,0.3360089103256807,0.0028242769040975543,1920
1053,0.04,narrow,joint_current,26,0.65,2.933083071448412e-05,0.34352217687972064,0.0008540310401299061,1920
1053,0.04,narrow,joint_current,27,0.65,5.192379934661909e-05,0.34346885020283524,0.003922075533382644,1920
1053,0.04,narrow,joint_current,28,0.65,4.7205120727337123e-05,0.34737564226244677,0.0035999741008182723,1920
1053,0.04,narrow,joint_current,29,0.65,1.5932226635769667e-05,0.34276066276328543,0.002640132118729932,1920
1053,0.04,narrow,joint_current_unpenalized,0,0.0,0.0,0.0,0.034935705553992474,1920
1053,0.04,narrow,joint_current_unpenalized,1,0.0,5.3786496747881635e-05,0.00782231606851637,0.1310523430520173,1920
1053,0.04,narrow,joint_current_unpenalized,2,0.0,0.0001179257510626004,0.050654729727398734,0.05736231671725395,1920
1053,0.04,narrow,joint_current_unpenalized,3,0.0,1.970455321824698e-05,0.006952881485417459,0.06491957654904425,1920
1053,0.04,narrow,joint_current_unpenalized,4,0.0,0.00010886442632436541,0.0024237944974174926,0.050369847448936376,1920
1053,0.04,narrow,joint_current_unpenalized,5,0.0,2.8126598622262394e-05,0.0014235270585164534,0.11542985627150948,1920
1053,0.04,narrow,joint_current_unpenalized,6,0.04,0.005412432943912249,0.0478109221791835,0.009461176963965971,1920
1053,0.04,narrow,joint_current_unpenalized,7,0.08,0.0075556386419299605,0.020852513211073266,0.07424385597386533,1920
1053,0.04,narrow,joint_current_unpenalized,8,0.12,0.0062659041288084675,0.04246334932170434,0.11064667780693532,1920
1053,0.04,narrow,joint_current_unpenalized,9,0.16,0.006759769230443282,0.013967795491602732,0.3001131148054764,1920
1053,0.04,narrow,joint_current_unpenalized,10,0.2,0.005064592152685858,0.026364995494424857,0.35115746688521277,1920
1053,0.04,narrow,joint_current_unpenalized,11,0.24,0.006048008130635424,0.018439792717169917,0.29994974471600355,1920
1053,0.04,narrow,joint_current_unpenalized,12,0.28,0.005634735730422944,0.004590106844827562,0.4098408542885646,1920
1053,0.04,narrow,joint_current_unpenalized,13,0.32,0.0041092429251355575,0.04295951087932104,0.31024793127048395,1920
1053,0.04,narrow,joint_current_unpenalized,14,0.36,0.004106839528210486,0.03932453175285995,0.30082435924000467,1920
1053,0.04,narrow,joint_current_unpenalized,15,0.4,0.0033430921069009024,0.02260803858411157,0.3215189401521283,1920
1053,0.04,narrow,joint_current_unpenalized,16,0.44,0.00365362022141448,0.05856077109836834,0.33548743230878353,1920
1053,0.04,narrow,joint_current_unpenalized,17,0.48,0.002664625633033423,0.08450399866723396,0.34405154341445615,1920
1053,0.04,narrow,joint_current_unpenalized,18,0.52,0.0028120285541080696,0.11243144392363155,0.3732907074357973,1920
1053,0.04,narrow,joint_current_unpenalized,19,0.56,0.0017070711594819705,0.11612001347668088,0.6455347891585143,1920
1053,0.04,narrow,joint_current_unpenalized,20,0.6,0.0021993532507017773,0.05616475660516253,0.41068807211672415,1920
1053,0.04,narrow,joint_current_unpenalized,21,0.64,0.0020414521886742217,0.17051478908891088,0.5254198323263615,1920
1053,0.04,narrow,joint_current_unpenalized,22,0.65,0.00037464355510308505,0.021497749464954394,0.5412839000254046,1920
1053,0.04,narrow,joint_current_unpenalized,23,0.65,3.065315150293884e-05,0.012750621037553415,0.4790062002078806,1920
1053,0.04,narrow,joint_current_unpenalized,24,0.65,0.0001589829438944966,0.06722829335401512,0.6398579911919638,1920
1053,0.04,narrow,joint_current_unpenalized,25,0.65,8.808742485782583e-05,0.022265239545654757,0.5007950223762184,1920
1053,0.04,narrow,joint_current_unpenalized,26,0.65,2.7627201194526806e-05,0.043341528199035195,0.4796907970117892,1920
1053,0.04,narrow,joint_current_unpenalized,27,0.65,5.468079985118614e-05,0.07133269117226428,0.4468934383082107,1920
1053,0.04,narrow,joint_current_unpenalized,28,0.65,6.0069680534391674e-05,0.14125408092384725,0.5042918634192488,1920
1053,0.04,narrow,joint_current_unpenalized,29,0.65,1.0911612006643874e-05,0.04053759470505509,0.5253348493107143,1920
1053,0.04,narrow,joint_recent2,0,0.0,0.0,0.0,0.0024841678109044493,1920
1053,0.04,narrow,joint_recent2,1,0.0,5.604414745687962e-05,0.004397908761614647,0.0036651537550094707,1920
1053,0.04,narrow,joint_recent2,2,0.0,1.71122538006633e-05,0.0006508964424606425,0.007692826915131912,1920
1053,0.04,narrow,joint_recent2,3,0.0,2.0240982644570754e-05,0.0006716361332132,0.001801583846420626,1920
1053,0.04,narrow,joint_recent2,4,0.0,2.66023673230084e-05,0.0010668954147490708,0.0036720104610504485,1920
1053,0.04,narrow,joint_recent2,5,0.0,2.2670363756562457e-05,2.3307084806733724e-05,0.007573360354379875,1920
1053,0.04,narrow,joint_recent2,6,0.04,0.005238952186764963,0.007661031938192565,0.0050264812139884365,1920
1053,0.04,narrow,joint_recent2,7,0.08,0.017907875669189628,0.022884392411675718,0.01504719719195201,1920
1053,0.04,narrow,joint_recent2,8,0.12,0.013414393886740534,0.06412482124006415,0.0204017174435005,1920
1053,0.04,narrow,joint_recent2,9,0.16,0.012951882884875754,0.025650985714491707,0.016604870489210163,1920
1053,0.04,narrow,joint_recent2,10,0.2,0.013383292238577744,0.033899024752008816,0.011141557482605311,1920
1053,0.04,narrow,joint_recent2,11,0.24,0.01277764383340802,0.04837564186367197,0.0050711938295094055,1920
1053,0.04,narrow,joint_recent2,12,0.28,0.01243816946133332,0.06256858394295392,0.0074785175317806495,1920
1053,0.04,narrow,joint_recent2,13,0.32,0.009639989694273687,0.06856680737440043,0.005189627101220435,1920
1053,0.04,narrow,joint_recent2,14,0.36,0.009881307032362166,0.07761511991531106,0.006290800397406633,1920
1053,0.04,narrow,joint_recent2,15,0.4,0.008182120327266347,0.09488429502591904,0.006280808795228134,1920
1053,0.04,narrow,joint_recent2,16,0.44,0.008088842714620069,0.12334206731186909,0.005976870289371126,1920
1053,0.04,narrow,joint_recent2,17,0.48,0.0062493103248124305,0.1558852276062575,0.005350018383888136,1920
1053,0.04,narrow,joint_recent2,18,0.52,0.005823633190206269,0.19461628648394338,0.007292365831583381,1920
1053,0.04,narrow,joint_recent2,19,0.56,0.003999932526993711,0.2373074482412522,0.003687676946024301,1920
1053,0.04,narrow,joint_recent2,20,0.6,0.004999867187154084,0.2891330431141428,0.009754421102323583,1920
1053,0.04,narrow,joint_recent2,21,0.64,0.004450696863926568,0.32757830384429765,0.004187577187567137,1920
1053,0.04,narrow,joint_recent2,22,0.65,0.0016085870870849825,0.34512402181039825,0.00992933222334707,1920
1053,0.04,narrow,joint_recent2,23,0.65,0.00019997723535083162,0.3422008362741558,0.004749584036182485,1920
1053,0.04,narrow,joint_recent2,24,0.65,0.00010138532164911176,0.34550092068957955,0.007874564906655833,1920
1053,0.04,narrow,joint_recent2,25,0.65,3.26585512283484e-05,0.34609967054808255,0.007483111679155511,1920
1053,0.04,narrow,joint_recent2,26,0.65,5.352694542494411e-05,0.34581459803661724,0.0005218917059336232,1920
1053,0.04,narrow,joint_recent2,27,0.65,9.369299732254781e-05,0.3468805741823504,0.0026199585772548194,1920
1053,0.04,narrow,joint_recent2,28,0.65,3.330507717720861e-05,0.34318052366023893,0.002830305569172697,1920
1053,0.04,narrow,joint_recent2,29,0.65,3.114070550547398e-05,0.3434010821508773,0.005316139731313986,1920
1053,0.04,broad,theta_current,0,0.0,0.0,0.0,0.0,1920
1053,0.04,broad,theta_current,1,0.0,0.00023388338477377835,0.0002466451028941164,0.0,1920
1053,0.04,broad,theta_current,2,0.0,7.857617561542525e-05,7.850883990309431e-05,0.0,1920
1053,0.04,broad,theta_current,3,0.0,8.65378265713267e-05,9.473654929878615e-05,0.0,1920
1053,0.04,broad,theta_current,4,0.0,0.0002415696167872738,0.00026555122965364164,0.0,1920
1053,0.04,broad,theta_current,5,0.0,5.878060270608084e-05,7.149581513395596e-05,0.0,1920
1053,0.04,broad,theta_current,6,0.04,0.010465365849345565,0.0075204548351002,0.0,1920
1053,0.04,broad,theta_current,7,0.08,0.006023980958803255,0.009093231861945428,0.0,1920
1053,0.04,broad,theta_current,8,0.12,0.013286947462238116,0.019745514443615438,0.0,1920
1053,0.04,broad,theta_current,9,0.16,0.03559815797966284,0.041126565745039284,0.0,1920
1053,0.04,broad,theta_current,10,0.2,0.03078022518202154,0.027609958274581136,0.0,1920
1053,0.04,broad,theta_current,11,0.24,0.036358823744909785,0.03503611722893095,0.0,1944
1053,0.04,broad,theta_current,12,0.28,0.04449331828583126,0.04734356189683828,0.0,1944
1053,0.04,broad,theta_current,13,0.32,0.036051306273757,0.03944125685308006,0.0,1920
1053,0.04,broad,theta_current,14,0.36,0.03716108730572915,0.051473158556578746,0.0,1944
1053,0.04,broad,theta_current,15,0.4,0.0150302344727306,0.07395846119238299,0.0,1920
1053,0.04,broad,theta_current,16,0.44,0.08083944222508482,0.0751200810468321,0.0,1944
1053,0.04,broad,theta_current,17,0.48,0.14637973698123644,0.09940287167478101,0.0,1920
1053,0.04,broad,theta_current,18,0.52,0.11807875673522568,0.1307111826719689,0.0,1968
1053,0.04,broad,theta_current,19,0.56,0.14086325485451465,0.1448915354399426,0.0,1920
1053,0.04,broad,theta_current,20,0.6,0.3008007655166514,0.23372878118763943,0.0,1920
1053,0.04,broad,theta_current,21,0.64,0.2218559452039733,0.23151245219108021,0.0,1920
1053,0.04,broad,theta_current,22,0.65,0.21459039020095308,0.25624424985552496,0.0,1920
1053,0.04,broad,theta_current,23,0.65,0.32353834671193377,0.2549175598502814,0.0,1944
1053,0.04,broad,theta_current,24,0.65,0.2623387496262483,0.24745302334878155,0.0,1920
1053,0.04,broad,theta_current,25,0.65,0.1481425109906089,0.21437715250303344,0.0,1920
1053,0.04,broad,theta_current,26,0.65,0.20341485177984056,0.2414304074896465,0.0,1920
1053,0.04,broad,theta_current,27,0.65,0.28974521166614625,0.28209967654167173,0.0,1920
1053,0.04,broad,theta_current,28,0.65,0.33673353028009334,0.24927441328999117,0.0,1968
1053,0.04,broad,theta_current,29,0.65,0.22664593621303805,0.2173475274772531,0.0,1944
1053,0.04,broad,joint_current,0,0.0,0.0,0.0,0.02518902388042667,1920
1053,0.04,broad,joint_current,1,0.0,0.0002682725846890547,0.00022414693959331918,0.014502170886699828,1920
1053,0.04,broad,joint_current,2,0.0,7.432686241946685e-05,7.80478162402657e-05,0.01605321298806538,1920
1053,0.04,broad,joint_current,3,0.0,0.00011799513072808652,0.00011747867307986353,0.012719985971722697,1920
1053,0.04,broad,joint_current,4,0.0,0.0003993670868048598,0.00033485241755715255,0.022429953717355244,1920
1053,0.04,broad,joint_current,5,0.0,0.00014689214877869114,0.00015014354760944432,0.02756987383560265,1920
1053,0.04,broad,joint_current,6,0.04,0.010278521582197357,0.007595291524433885,0.03808531913103927,1920
1053,0.04,broad,joint_current,7,0.08,0.004579007903811882,0.006590090179313866,0.08827923716248473,1920
1053,0.04,broad,joint_current,8,0.12,0.0034760371893545836,0.004769801297355174,0.11691590619924834,1920
1053,0.04,broad,joint_current,9,0.16,0.005107540942628386,0.00559908430714536,0.15579752107295747,1920
1053,0.04,broad,joint_current,10,0.2,0.004844255356838415,0.003957719529620177,0.1955707298068737,1920
1053,0.04,broad,joint_current,11,0.24,0.003776718503743551,0.0032756748244676015,0.2263061988650313,1920
1053,0.04,broad,joint_current,12,0.28,0.0036810335187636677,0.0033958858677170926,0.27655125486627746,1920
1053,0.04,broad,joint_current,13,0.32,0.0027885628238952984,0.003479832107876386,0.29315624143036534,1920
1053,0.04,broad,joint_current,14,0.36,0.0015577415616412373,0.0030398297629784703,0.34332920999814276,1920
1053,0.04,broad,joint_current,15,0.4,0.005708737424914425,0.007694272668827471,0.38618101310074104,1920
1053,0.04,broad,joint_current,16,0.44,0.0069540173951795825,0.008063413932653089,0.43271145210129797,1920
1053,0.04,broad,joint_current,17,0.48,0.008466996493318169,0.007839242941982216,0.4597898613037927,1920
1053,0.04,broad,joint_current,18,0.52,0.009796176281113214,0.011940650009957266,0.509687130873307,1920
1053,0.04,broad,joint_current,19,0.56,0.009496735119708838,0.006157807523490704,0.5525229881871991,1920
1053,0.04,broad,joint_current,20,0.6,0.006203948108872241,0.008069768734587483,0.561469987781852,1920
1053,0.04,broad,joint_current,21,0.64,0.007728268446791644,0.007450123441590605,0.5177137849336452,1920
1053,0.04,broad,joint_current,22,0.65,0.008150398962627821,0.007230821509035554,0.593762080928864,1920
1053,0.04,broad,joint_current,23,0.65,0.0014484172068048838,0.0020320946428309308,0.6015765102379008,1920
1053,0.04,broad,joint_current,24,0.65,0.001974146005999875,0.0016577116116167911,0.6220850810028378,1920
1053,0.04,broad,joint_current,25,0.65,0.00026324799630089474,0.00038328867782251645,0.5831127763724436,1920
1053,0.04,broad,joint_current,26,0.65,0.0011902381479057566,0.003345621343649261,0.5783416365125911,1920
1053,0.04,broad,joint_current,27,0.65,0.031184635588694234,0.01711982911560548,0.6273180644565767,1920
1053,0.04,broad,joint_current,28,0.65,0.0005962115057355725,0.0005577008977119609,0.6027530888315328,1920
1053,0.04,broad,joint_current,29,0.65,0.0015954497772151484,0.001310824663574425,0.6087824508446142,1920
1053,0.04,broad,joint_current_unpenalized,0,0.0,0.0,0.0,0.030553822315551853,1920
1053,0.04,broad,joint_current_unpenalized,1,0.0,0.00029754525288707274,0.0002404436144434029,0.018167016101760546,1920
1053,0.04,broad,joint_current_unpenalized,2,0.0,8.22704411945671e-05,8.619084895185948e-05,0.020102717110311148,1920
1053,0.04,broad,joint_current_unpenalized,3,0.0,0.00012456279551148746,0.00012745678758905966,0.01512276775584301,1920
1053,0.04,broad,joint_current_unpenalized,4,0.0,0.00042026253205824227,0.00034699440480707246,0.026131161676980534,1920
1053,0.04,broad,joint_current_unpenalized,5,0.0,0.00017157785374038886,0.00016963025024440193,0.03338502006432621,1920
1053,0.04,broad,joint_current_unpenalized,6,0.04,0.010247730376481716,0.007623460851232732,0.05393015006484881,1920
1053,0.04,broad,joint_current_unpenalized,7,0.08,0.005683511589527218,0.007604373016798433,0.09217366824249447,1920
1053,0.04,broad,joint_current_unpenalized,8,0.12,0.0033348360362194444,0.0046620050768740335,0.12043885203455018,1920
1053,0.04,broad,joint_current_unpenalized,9,0.16,0.004756231628567835,0.00520170649559743,0.15966781980573144,1920
1053,0.04,broad,joint_current_unpenalized,10,0.2,0.00478865961250033,0.003887147894296672,0.20234065607923224,1920
1053,0.04,broad,joint_current_unpenalized,11,0.24,0.003562689751965286,0.00324238381987176,0.24214274534253158,1920
1053,0.04,broad,joint_current_unpenalized,12,0.28,0.003523105435997351,0.0031617842691987223,0.29856846477060384,1920
1053,0.04,broad,joint_current_unpenalized,13,0.32,0.0024388190794145913,0.0033632028667328713,0.30403637406762724,1920
1053,0.04,broad,joint_current_unpenalized,14,0.36,0.0014368750390223017,0.00265649914035817,0.3633747192998989,1920
1053,0.04,broad,joint_current_unpenalized,15,0.4,0.004596671969217453,0.006493952524185236,0.3945751551877345,1920
1053,0.04,broad,joint_current_unpenalized,16,0.44,0.006427319005748219,0.007444875900595715,0.4422431309703246,1920
1053,0.04,broad,joint_current_unpenalized,17,0.48,0.007623749168234585,0.007195314838194707,0.48381601640796784,1920
1053,0.04,broad,joint_current_unpenalized,18,0.52,0.008707973736958573,0.008490874396326736,0.5230178193043635,1920
1053,0.04,broad,joint_current_unpenalized,19,0.56,0.00802376840232356,0.005149949074011015,0.5714549686619095,1920
1053,0.04,broad,joint_current_unpenalized,20,0.6,0.006731297772826328,0.007803929589836129,0.5898357773464115,1920
1053,0.04,broad,joint_current_unpenalized,21,0.64,0.005937254132161983,0.005579512517907127,0.633937640575754,1920
1053,0.04,broad,joint_current_unpenalized,22,0.65,0.000340376391968097,0.0005826920751965956,0.6301974793627981,1920
1053,0.04,broad,joint_current_unpenalized,23,0.65,0.00041772640450733284,0.0005303892048015651,0.6403076726531916,1920
1053,0.04,broad,joint_current_unpenalized,24,0.65,0.0005929493992206069,0.00042744881366019,0.6597075893209327,1920
1053,0.04,broad,joint_current_unpenalized,25,0.65,0.00015027250891065362,0.00012914044106152175,0.6449068636086356,1920
1053,0.04,broad,joint_current_unpenalized,26,0.65,0.0001658560811329811,0.00020710286254374386,0.6491469622270886,1920
1053,0.04,broad,joint_current_unpenalized,27,0.65,0.0004184150541033925,0.00026727886544179,0.6515425247444754,1920
1053,0.04,broad,joint_current_unpenalized,28,0.65,0.0001526005686278163,0.00013233557217260384,0.6606300777251696,1920
1053,0.04,broad,joint_current_unpenalized,29,0.65,0.0006372232762012,0.0005437677420535057,0.6419816332910318,1920
1053,0.04,broad,joint_recent2,0,0.0,0.0,0.0,0.02518902388042667,1920
1053,0.04,broad,joint_recent2,1,0.0,0.0002682725846890547,0.00022414693959331918,0.019876689766877398,1920
1053,0.04,broad,joint_recent2,2,0.0,0.000169020995372442,0.00013410034629835648,0.013564979880709108,1920
1053,0.04,broad,joint_recent2,3,0.0,6.922890646599118e-05,8.334994159305743e-05,0.007194576626724626,1920
1053,0.04,broad,joint_recent2,4,0.0,8.856061436558379e-05,8.99867832179194e-05,0.011574434134524338,1920
1053,0.04,broad,joint_recent2,5,0.0,7.246890930959596e-05,7.080721575396178e-05,0.007297641770854589,1920
1053,0.04,broad,joint_recent2,6,0.04,0.009171502858478882,0.0067508934120324125,0.03987647973114283,1920
1053,0.04,broad,joint_recent2,7,0.08,0.010292704879141891,0.012569360928986785,0.05273465209605263,1920
1053,0.04,broad,joint_recent2,8,0.12,0.013276836857415292,0.015601297130794233,0.09893842031530356,1920
1053,0.04,broad,joint_recent2,9,0.16,0.012989984623377221,0.012712658263406467,0.14920557071237378,1920
1053,0.04,broad,joint_recent2,10,0.2,0.007884930608016325,0.007521106312073721,0.17054367544174215,1920
1053,0.04,broad,joint_recent2,11,0.24,0.008443182584333362,0.007036631210557339,0.21153351914378188,1920
1053,0.04,broad,joint_recent2,12,0.28,0.00858449979598489,0.00746773392757645,0.24799384764664884,1920
1053,0.04,broad,joint_recent2,13,0.32,0.0059094572266047635,0.007209004757462533,0.28781301510648677,1920
1053,0.04,broad,joint_recent2,14,0.36,0.005228482875720197,0.011560245386088148,0.3067848251663881,1920
1053,0.04,broad,joint_recent2,15,0.4,0.009423703793781902,0.013000684074703865,0.38718812553582127,1920
1053,0.04,broad,joint_recent2,16,0.44,0.012327182886517692,0.012642917759230016,0.4112819711925688,1920
1053,0.04,broad,joint_recent2,17,0.48,0.020061678965120237,0.017295455914005133,0.451086466835153,1920
1053,0.04,broad,joint_recent2,18,0.52,0.01591274271569139,0.019171139539698828,0.49067762241039864,1920
1053,0.04,broad,joint_recent2,19,0.56,0.0280567339146774,0.020275338898235348,0.5444996071710168,1920
1053,0.04,broad,joint_recent2,20,0.6,0.011006017931334808,0.011698058107640644,0.5514221064403427,1920
1053,0.04,broad,joint_recent2,21,0.64,0.018428297814624867,0.016372952244581518,0.5945272896140179,1920
1053,0.04,broad,joint_recent2,22,0.65,0.0016129356162135572,0.003107963408953128,0.6031587739336423,1920
1053,0.04,broad,joint_recent2,23,0.65,0.0006867650354612987,0.0007547539606038039,0.6051252970034842,1920
1053,0.04,broad,joint_recent2,24,0.65,0.0009813440669128892,0.0009903363998810255,0.6262606058624418,1920
1053,0.04,broad,joint_recent2,25,0.65,0.00015485595342835433,0.00024519139524205373,0.621333046896376,1920
1053,0.04,broad,joint_recent2,26,0.65,0.0002911212799592727,0.0002830427722483828,0.6152973559827525,1920
1053,0.04,broad,joint_recent2,27,0.65,0.0008178579029327664,0.00046801171984221096,0.6298290191411892,1920
1053,0.04,broad,joint_recent2,28,0.65,0.0002406627880969103,0.00019099299350033651,0.6291507637551645,1920
1053,0.04,broad,joint_recent2,29,0.65,0.00019413582698579184,0.00018814550411849426,0.6183116864910484,1920
1054,0.015,narrow,theta_current,0,0.0,0.0,0.0,0.0,1920
1054,0.015,narrow,theta_current,1,0.0,1.599247676112325e-05,0.0015371840383386654,0.0,1920
1054,0.015,narrow,theta_current,2,0.0,3.268818347192245e-05,0.0030084946419960254,0.0,1920
1054,0.015,narrow,theta_current,3,0.0,6.122460034783314e-05,0.0038839400747069453,0.0,1920
1054,0.015,narrow,theta_current,4,0.0,6.9297759039717e-05,0.018410102549489635,0.0,1920
1054,0.015,narrow,theta_current,5,0.0,8.217661584330485e-05,0.016475591532222188,0.0,1920
1054,0.015,narrow,theta_current,6,0.015,8.19778522008484e-05,0.0024559470849806705,0.0,1920
1054,0.015,narrow,theta_current,7,0.03,7.17937015019187e-05,0.005032303685938636,0.0,1920
1054,0.015,narrow,theta_current,8,0.045,0.00011747886820902575,0.015897511933252468,0.0,1920
1054,0.015,narrow,theta_current,9,0.06,7.419571029086327e-05,0.013600480678488684,0.0,1920
1054,0.015,narrow,theta_current,10,0.075,8.976306124084033e-05,0.01846736929788817,0.0,1920
1054,0.015,narrow,theta_current,11,0.09,9.258251165014722e-05,0.01502566131771103,0.0,1920
1054,0.015,narrow,theta_current,12,0.105,0.00013924588774207874,0.03466239524569399,0.0,1920
1054,0.015,narrow,theta_current,13,0.12,0.00021578158352858479,0.032551946126451806,0.0,1920
1054,0.015,narrow,theta_current,14,0.135,6.469861090298293e-06,0.017969935929766197,0.0,1920
1054,0.015,narrow,theta_current,15,0.15,9.966780618488799e-05,0.018446129783579568,0.0,1920
1054,0.015,narrow,theta_current,16,0.16499999999999998,0.0003648051102779135,0.03785441566019587,0.0,1920
1054,0.015,narrow,theta_current,17,0.18,0.0002765539491058745,0.061882082449921855,0.0,1920
1054,0.015,narrow,theta_current,18,0.195,0.0002477267401795442,0.07615073900618113,0.0,1920
1054,0.015,narrow,theta_current,19,0.21,0.00025169273460852915,0.04290158796300177,0.0,1920
1054,0.015,narrow,theta_current,20,0.22499999999999998,0.00012980029813812737,0.047378285629084395,0.0,1920
1054,0.015,narrow,theta_current,21,0.24,0.00033243074869482146,0.04880760139194475,0.0,1920
1054,0.015,narrow,theta_current,22,0.255,0.0003923691038386437,0.03615358073915169,0.0,1920
1054,0.015,narrow,theta_current,23,0.27,0.0002819325981355362,0.048491968490292026,0.0,1920
1054,0.015,narrow,theta_current,24,0.285,0.00019580531590795698,0.04114528716930384,0.0,1920
1054,0.015,narrow,theta_current,25,0.3,0.00037928629382737075,0.06733707414976084,0.0,1920
1054,0.015,narrow,theta_current,26,0.315,9.212811077458235e-05,0.05422780503749411,0.0,1920
1054,0.015,narrow,theta_current,27,0.32999999999999996,0.00036202618469450675,0.0692708417077301,0.0,1920
1054,0.015,narrow,theta_current,28,0.345,0.0002873428956070755,0.0808006878727589,0.0,1920
1054,0.015,narrow,theta_current,29,0.36,0.0002520223574837517,0.07348114164885937,0.0,1920
1054,0.015,narrow,joint_current,0,0.0,0.0,0.0,0.0008844441137707241,1920
1054,0.015,narrow,joint_current,1,0.0,1.5941873158168058e-05,0.0014803054105390215,0.0038674173314312346,1920
1054,0.015,narrow,joint_current,2,0.0,3.260386924763793e-05,0.0028272389971087976,0.000839420301640312,1920
1054,0.015,narrow,joint_current,3,0.0,6.089005035404312e-05,0.003824347910697139,0.00835898059359823,1920
1054,0.015,narrow,joint_current,4,0.0,7.017413155818314e-05,0.018696146570613022,0.0028427420271756806,1920
1054,0.015,narrow,joint_current,5,0.0,8.019749011970957e-05,0.015213813922083395,0.01233754313621546,1920
1054,0.015,narrow,joint_current,6,0.015,8.424807845592963e-05,0.0019177976031715662,0.004618864781123317,1920
1054,0.015,narrow,joint_current,7,0.03,7.369415465193186e-05,0.004497235520393415,0.007317438825522092,1920
1054,0.015,narrow,joint_current,8,0.045,0.00011713656415866015,0.014926147121216158,0.00770086474601954,1920
1054,0.015,narrow,joint_current,9,0.06,7.590493302522676e-05,0.015508552365994674,0.009191054757277708,1920
1054,0.015,narrow,joint_current,10,0.075,8.957443226368637e-05,0.018375651235526945,0.00920869195741109,1920
1054,0.015,narrow,joint_current,11,0.09,9.409741705627643e-05,0.0174652192849759,0.012930968022221241,1920
1054,0.015,narrow,joint_current,12,0.105,0.0001371762610315468,0.03164364881117065,0.007927281378359834,1920
1054,0.015,narrow,joint_current,13,0.12,0.00022010016819165208,0.03309821883667202,0.0014330412576257152,1920
1054,0.015,narrow,joint_current,14,0.135,6.481752413603706e-06,0.01798555843396645,0.004112874921831705,1920
1054,0.015,narrow,joint_current,15,0.15,9.890289646678355e-05,0.017832083384473008,0.004917975336529596,1920
1054,0.015,narrow,joint_current,16,0.16499999999999998,0.0003645042696198639,0.03594270152365065,0.010350742091317597,1920
1054,0.015,narrow,joint_current,17,0.18,0.00027784010691089063,0.057364134930828675,0.003188775171053537,1920
1054,0.015,narrow,joint_current,18,0.195,0.0002475032288404932,0.07193710646738227,0.0019460094186133498,1920
1054,0.015,narrow,joint_current,19,0.21,0.0002490893979199857,0.041083167365425693,0.008490339969525643,1920
1054,0.015,narrow,joint_current,20,0.22499999999999998,0.00013216501085993313,0.0461962495293954,0.022475245658625527,1920
1054,0.015,narrow,joint_current,21,0.24,0.0003649842792447075,0.05135466837778597,0.007380542444185861,1920
1054,0.015,narrow,joint_current,22,0.255,0.0003998976919824958,0.03397604185908139,0.006207872355749475,1920
1054,0.015,narrow,joint_current,23,0.27,0.0002858165365231904,0.044606531299398275,0.006836952212102735,1920
1054,0.015,narrow,joint_current,24,0.285,0.00020158401508570651,0.03949433435588896,0.005551016626184169,1920
1054,0.015,narrow,joint_current,25,0.3,0.00038151926924278587,0.061099264736981816,0.00650108224596146,1920
1054,0.015,narrow,joint_current,26,0.315,9.377284878357782e-05,0.05187443728676133,0.011590007287069009,1920
1054,0.015,narrow,joint_current,27,0.32999999999999996,0.00036115600662343423,0.062388797583605424,0.0008947384322448204,1920
1054,0.015,narrow,joint_current,28,0.345,0.00028595025708857757,0.07356811405477506,0.0010484653629283963,1920
1054,0.015,narrow,joint_current,29,0.36,0.00025339933709760283,0.06790366334060877,0.008215036896311123,1920
1054,0.015,narrow,joint_current_unpenalized,0,0.0,0.0,0.0,0.013808921038513538,1920
1054,0.015,narrow,joint_current_unpenalized,1,0.0,1.531970583485842e-05,0.001069218794274977,0.044480573125308016,1920
1054,0.015,narrow,joint_current_unpenalized,2,0.0,3.291702256780537e-05,0.003602626964869131,0.04207816988580011,1920
1054,0.015,narrow,joint_current_unpenalized,3,0.0,6.174329711521825e-05,0.005750075174890741,0.12116171211618641,1920
1054,0.015,narrow,joint_current_unpenalized,4,0.0,8.922647086390981e-05,0.036462041843164136,0.06415052208508569,1920
1054,0.015,narrow,joint_current_unpenalized,5,0.0,7.822358478248929e-05,0.01852517959293501,0.0674776279453161,1920
1054,0.015,narrow,joint_current_unpenalized,6,0.015,0.00012401724763257485,0.005731069518910865,0.09575908935492053,1920
1054,0.015,narrow,joint_current_unpenalized,7,0.03,5.585727625376466e-05,0.005342713787535945,0.13896985975683884,1920
1054,0.015,narrow,joint_current_unpenalized,8,0.045,0.00014224433099742793,0.018941815791934397,0.03965831403594692,1920
1054,0.015,narrow,joint_current_unpenalized,9,0.06,8.173445238705737e-05,0.014315034866505887,0.15557616213039083,1920
1054,0.015,narrow,joint_current_unpenalized,10,0.075,8.566951379834362e-05,0.021726612550214925,0.03054506578034931,1920
1054,0.015,narrow,joint_current_unpenalized,11,0.09,0.00010697949150628776,0.01643865504184626,0.2116264941711128,1920
1054,0.015,narrow,joint_current_unpenalized,12,0.105,0.000103834758330327,0.029362198926406236,0.14597028175753998,1944
1054,0.015,narrow,joint_current_unpenalized,13,0.12,0.0002076831923110148,0.011097851558690145,0.08722803682300509,1920
1054,0.015,narrow,joint_current_unpenalized,14,0.135,6.465289876130756e-06,0.002765431479386646,0.13957517618887288,1920
1054,0.015,narrow,joint_current_unpenalized,15,0.15,8.927249465502417e-05,0.002197203418781592,0.17110650439476832,1920
1054,0.015,narrow,joint_current_unpenalized,16,0.16499999999999998,0.00035802231648933235,0.004926018122829362,0.27229021650848007,1920
1054,0.015,narrow,joint_current_unpenalized,17,0.18,0.00027802241551126006,0.037611889276877565,0.24866012962523742,1920
1054,0.015,narrow,joint_current_unpenalized,18,0.195,0.0002484039373046424,0.02992612863287171,0.21136558416991788,1920
1054,0.015,narrow,joint_current_unpenalized,19,0.21,0.0002538897017817271,0.006339615238102614,0.3460490987049175,1920
1054,0.015,narrow,joint_current_unpenalized,20,0.22499999999999998,0.00016292985812756938,0.06830415432463834,0.1970180305961657,1944
1054,0.015,narrow,joint_current_unpenalized,21,0.24,0.00025918084150174423,0.009635379123459539,0.2445363622733501,1920
1054,0.015,narrow,joint_current_unpenalized,22,0.255,0.00043378879470186616,0.01414914215424868,0.2871159763365857,1920
1054,0.015,narrow,joint_current_unpenalized,23,0.27,0.0003217523070916061,0.027444721111092217,0.15649098746926918,1920
1054,0.015,narrow,joint_current_unpenalized,24,0.285,0.00022617338545099575,0.014426236171100709,0.26486267868601243,1920
1054,0.015,narrow,joint_current_unpenalized,25,0.3,0.0003802886726991465,0.015393511185414597,0.16173708790247113,1920
1054,0.015,narrow,joint_current_unpenalized,26,0.315,0.0001141749022218283,0.03260127337408942,0.24414501030352628,1944
1054,0.015,narrow,joint_current_unpenalized,27,0.32999999999999996,0.00038643214135352944,0.009484839521228337,0.2722242953563485,1920
1054,0.015,narrow,joint_current_unpenalized,28,0.345,0.0002867898262344446,0.013099875850859428,0.265148525815194,1920
1054,0.015,narrow,joint_current_unpenalized,29,0.36,0.0002476292519238955,0.011923929145878337,0.17950458112024506,1920
1054,0.015,narrow,joint_recent2,0,0.0,0.0,0.0,0.0008844441137707241,1920
1054,0.015,narrow,joint_recent2,1,0.0,1.5941873158168058e-05,0.0014803054105390215,0.004564107929084827,1920
1054,0.015,narrow,joint_recent2,2,0.0,2.4116795867023876e-05,0.0023817907004205236,0.0031774610866434536,1920
1054,0.015,narrow,joint_recent2,3,0.0,4.350360555400529e-05,0.0024126280142515964,0.006461230066326516,1920
1054,0.015,narrow,joint_recent2,4,0.0,4.141092271397141e-05,0.0046032091326033645,0.009314742068267557,1920
1054,0.015,narrow,joint_recent2,5,0.0,2.6007080557559518e-05,0.010873233930822457,0.010072806513195143,1920
1054,0.015,narrow,joint_recent2,6,0.015,3.579590181665572e-05,0.0039463927497681225,0.010101751113745935,1920
1054,0.015,narrow,joint_recent2,7,0.03,0.0003384341891815848,0.002240092196532059,0.014641657996510614,1920
1054,0.015,narrow,joint_recent2,8,0.045,0.0001650238250130451,0.001581483082933056,0.0010441870567495053,1920
1054,0.015,narrow,joint_recent2,9,0.06,0.00012889148080417302,0.004242325486084399,0.008386263019329352,1920
1054,0.015,narrow,joint_recent2,10,0.075,8.784279928019088e-05,0.0045323867262882745,0.004289885659718965,1920
1054,0.015,narrow,joint_recent2,11,0.09,0.0001739855079002872,0.006442136704355203,0.009838913944708743,1920
1054,0.015,narrow,joint_recent2,12,0.105,0.00021978877878896483,0.012502999655295551,0.010394376427481465,1920
1054,0.015,narrow,joint_recent2,13,0.12,0.0002601446958136961,0.018304618751955094,0.002484150908276919,1920
1054,0.015,narrow,joint_recent2,14,0.135,0.00018035069050127575,0.01803460578613664,0.002238363775414179,1920
1054,0.015,narrow,joint_recent2,15,0.15,8.906677905893359e-05,0.01666631944684078,0.010822451770069455,1920
1054,0.015,narrow,joint_recent2,16,0.16499999999999998,0.00030930068253178433,0.02267494202349289,0.012169860148224314,1920
1054,0.015,narrow,joint_recent2,17,0.18,0.0005469676781752743,0.03411890828156317,0.011175997946681997,1920
1054,0.015,narrow,joint_recent2,18,0.195,0.0003225843466690115,0.04389405714535262,0.004058181503048236,1920
1054,0.015,narrow,joint_recent2,19,0.21,0.0005885007895051177,0.04151504760683531,0.0027037732577627227,1920
1054,0.015,narrow,joint_recent2,20,0.22499999999999998,0.000342507530120704,0.03268784253712404,0.0029814165290320605,1920
1054,0.015,narrow,joint_recent2,21,0.24,0.0003357868108631258,0.03697159452618743,0.004628620244401426,1920
1054,0.015,narrow,joint_recent2,22,0.255,0.0005856519022203654,0.037662591641439785,0.0016535567916374366,1920
1054,0.015,narrow,joint_recent2,23,0.27,0.000629003094774065,0.0349642107447595,0.006898865395335491,1920
1054,0.015,narrow,joint_recent2,24,0.285,0.00045961566849543584,0.03807347974869931,0.006794193359474838,1920
1054,0.015,narrow,joint_recent2,25,0.3,0.0004878602194516907,0.04183158553207495,0.0004994778155122806,1920
1054,0.015,narrow,joint_recent2,26,0.315,0.00044781834906288987,0.04661627205115438,0.004593139211748189,1920
1054,0.015,narrow,joint_recent2,27,0.32999999999999996,0.0005144943340719709,0.04717737253259892,0.01327163706481732,1920
1054,0.015,narrow,joint_recent2,28,0.345,0.0006656707288855923,0.053100052952287424,0.003476761544588027,1920
1054,0.015,narrow,joint_recent2,29,0.36,0.0006743046344468298,0.05707601886862706,0.005229401035513957,1920
1054,0.015,broad,theta_current,0,0.0,0.0,0.0,0.0,1920
1054,0.015,broad,theta_current,1,0.0,3.113702603176091e-05,3.578931759792996e-05,0.0,1920
1054,0.015,broad,theta_current,2,0.0,0.0003897218500149223,0.00025562276229957313,0.0,1920
1054,0.015,broad,theta_current,3,0.0,0.00012178189822086445,0.0001211099525078174,0.0,1920
1054,0.015,broad,theta_current,4,0.0,0.0005479532443354858,0.00043036654980405103,0.0,1920
1054,0.015,broad,theta_current,5,0.0,6.517614732107206e-05,6.227406407959162e-05,0.0,1920
1054,0.015,broad,theta_current,6,0.015,0.000442977629137793,0.0003869103901474522,0.0,1920
1054,0.015,broad,theta_current,7,0.03,0.001636994948944059,0.000897389222578284,0.0,1920
1054,0.015,broad,theta_current,8,0.045,0.0012101999323718652,0.0015966410923343908,0.0,1920
1054,0.015,broad,theta_current,9,0.06,0.0035641128694023725,0.0026046903067597138,0.0,1920
1054,0.015,broad,theta_current,10,0.075,0.004269861247693879,0.0033197516093709497,0.0,1920
1054,0.015,broad,theta_current,11,0.09,0.009076859534113009,0.005723886459271124,0.0,1920
1054,0.015,broad,theta_current,12,0.105,0.008466091943783479,0.009130886874711457,0.0,1920
1054,0.015,broad,theta_current,13,0.12,0.009939305511382198,0.008154516284823674,0.0,1920
1054,0.015,broad,theta_current,14,0.135,0.016650885692772347,0.014813509382955333,0.0,1920
1054,0.015,broad,theta_current,15,0.15,0.014371384476684462,0.014967548802317002,0.0,1920
1054,0.015,broad,theta_current,16,0.16499999999999998,0.0086078229919391,0.014218830145103941,0.0,1920
1054,0.015,broad,theta_current,17,0.18,0.02366330350099652,0.017802518908069657,0.0,1920
1054,0.015,broad,theta_current,18,0.195,0.029142437365731588,0.030093212158663646,0.0,1920
1054,0.015,broad,theta_current,19,0.21,0.01495987570279963,0.021389375623256178,0.0,1920
1054,0.015,broad,theta_current,20,0.22499999999999998,0.03289085035728065,0.029653967895056525,0.0,1920
1054,0.015,broad,theta_current,21,0.24,0.04331951112979415,0.03223088297498543,0.0,1920
1054,0.015,broad,theta_current,22,0.255,0.020487511210435853,0.03905830721795492,0.0,1944
1054,0.015,broad,theta_current,23,0.27,0.024870219978282416,0.03856830963391154,0.0,1920
1054,0.015,broad,theta_current,24,0.285,0.028747647268637943,0.03830712300583286,0.0,1920
1054,0.015,broad,theta_current,25,0.3,0.04995947345946339,0.03636482489187277,0.0,1920
1054,0.015,broad,theta_current,26,0.315,0.0475036062077695,0.046143792140951226,0.0,1920
1054,0.015,broad,theta_current,27,0.32999999999999996,0.05299927576284136,0.05078656334538169,0.0,1920
1054,0.015,broad,theta_current,28,0.345,0.04570858777138292,0.05753127863586256,0.0,1920
1054,0.015,broad,theta_current,29,0.36,0.03552428349169592,0.0445609663071353,0.0,1920
1054,0.015,broad,joint_current,0,0.0,0.0,0.0,0.008471196270911906,1920
1054,0.015,broad,joint_current,1,0.0,5.438806937772343e-05,4.579339102933902e-05,0.003203337673618065,1920
1054,0.015,broad,joint_current,2,0.0,0.00042219353171397603,0.0002480810788781524,0.007775032497184537,1920
1054,0.015,broad,joint_current,3,0.0,0.00021181827535958868,0.00013982588188220607,0.012452739378862862,1920
1054,0.015,broad,joint_current,4,0.0,0.0011579115605937758,0.000951775342107482,0.011392163973994559,1920
1054,0.015,broad,joint_current,5,0.0,0.0002387740053356427,0.00021273955772507777,0.014054933926451959,1920
1054,0.015,broad,joint_current,6,0.015,0.0005926852407643303,0.0006280072393494373,0.010876962338666913,1920
1054,0.015,broad,joint_current,7,0.03,0.0008515369029950858,0.0005158942877287877,0.04275456091672563,1920
1054,0.015,broad,joint_current,8,0.045,0.0011009247373576865,0.0010026359417280612,0.04796660634087335,1920
1054,0.015,broad,joint_current,9,0.06,0.0006477120914301474,0.00046905195681148904,0.052229504933311376,1920
1054,0.015,broad,joint_current,10,0.075,0.0007953887512173492,0.0006150701446692489,0.07971606469891264,1920
1054,0.015,broad,joint_current,11,0.09,0.0014447181496896931,0.0008864131966066469,0.09212392458274006,1920
1054,0.015,broad,joint_current,12,0.105,0.00041444055042280745,0.0004116920226293476,0.1089386465038613,1920
1054,0.015,broad,joint_current,13,0.12,0.00105314557144693,0.0006764752490962047,0.11678307185958503,1920
1054,0.015,broad,joint_current,14,0.135,0.0008181080029216126,0.0009663056840872806,0.11916607186814193,1920
1054,0.015,broad,joint_current,15,0.15,0.0014778462658180417,0.0014052206570557952,0.15405611201830804,1920
1054,0.015,broad,joint_current,16,0.16499999999999998,0.0005666543489743196,0.0005922774662676432,0.1729476053932181,1920
1054,0.015,broad,joint_current,17,0.18,0.0005031005577105285,0.0004334360458686765,0.18135108003100173,1920
1054,0.015,broad,joint_current,18,0.195,0.0006089342301777867,0.0004942696055998072,0.18434452839998042,1920
1054,0.015,broad,joint_current,19,0.21,0.00048584370196096436,0.0006935084032474543,0.20842943631827496,1920
1054,0.015,broad,joint_current,20,0.22499999999999998,0.00026009857126253077,0.0004209051160521411,0.22084623293366673,1920
1054,0.015,broad,joint_current,21,0.24,0.001398237864878948,0.001045931988857982,0.21085365946685006,1920
1054,0.015,broad,joint_current,22,0.255,0.0010540365353693376,0.0013806162901802829,0.2544169077823852,1920
1054,0.015,broad,joint_current,23,0.27,0.0004053174375700154,0.0005425504131780475,0.2601023738576176,1920
1054,0.015,broad,joint_current,24,0.285,0.0010109080094340536,0.0008149269141919904,0.2726747991383487,1920
1054,0.015,broad,joint_current,25,0.3,0.0010978851030087188,0.0008839635175164247,0.30112032192474275,1920
1054,0.015,broad,joint_current,26,0.315,0.0007194372440143252,0.0005331499895240807,0.2976927882982549,1920
1054,0.015,broad,joint_current,27,0.32999999999999996,0.0013333384755180604,0.0009328615003868283,0.3041872227660029,1920
1054,0.015,broad,joint_current,28,0.345,0.0007071887623727339,0.0009025404218719867,0.3245920349103782,1920
1054,0.015,broad,joint_current,29,0.36,0.0006370518564344703,0.0007594185116026441,0.35375206565793665,1920
1054,0.015,broad,joint_current_unpenalized,0,0.0,0.0,0.0,0.009388032362486455,1920
1054,0.015,broad,joint_current_unpenalized,1,0.0,5.757797501496978e-05,4.734154744600672e-05,0.003257045084322474,1920
1054,0.015,broad,joint_current_unpenalized,2,0.0,0.0004231548861546761,0.00024780068084102327,0.008702520324262384,1920
1054,0.015,broad,joint_current_unpenalized,3,0.0,0.00022388011945834283,0.0001438449069152401,0.014673010667091795,1920
1054,0.015,broad,joint_current_unpenalized,4,0.0,0.0012941136696311998,0.0010653631343151807,0.011805323204284398,1920
1054,0.015,broad,joint_current_unpenalized,5,0.0,0.0002491601420027024,0.0002225510584581652,0.01569661521901869,1920
1054,0.015,broad,joint_current_unpenalized,6,0.015,0.0005928613807914529,0.0006454208803488579,0.011351369141423921,1920
1054,0.015,broad,joint_current_unpenalized,7,0.03,0.0008398835579431066,0.0005131033870942619,0.05281964762919452,1920
1054,0.015,broad,joint_current_unpenalized,8,0.045,0.0012560677351214815,0.0011414888526513935,0.05217654685419816,1920
1054,0.015,broad,joint_current_unpenalized,9,0.06,0.0005928321165610593,0.0004360743151300105,0.06018355121950643,1920
1054,0.015,broad,joint_current_unpenalized,10,0.075,0.0007797206293265819,0.0005979722254220676,0.08931306570528529,1920
1054,0.015,broad,joint_current_unpenalized,11,0.09,0.001252026471016609,0.0009380879515026371,0.10812108407876914,1920
1054,0.015,broad,joint_current_unpenalized,12,0.105,0.0009569810450315623,0.0008650992481033125,0.1146872250553812,1920
1054,0.015,broad,joint_current_unpenalized,13,0.12,0.0010350554606470463,0.0006838312284626684,0.12026353275301023,1920
1054,0.015,broad,joint_current_unpenalized,14,0.135,0.0007903625803300945,0.0009458889168316238,0.12527693063961004,1920
1054,0.015,broad,joint_current_unpenalized,15,0.15,0.0011934606520758709,0.0011686400989961306,0.1650279915389215,1920
1054,0.015,broad,joint_current_unpenalized,16,0.16499999999999998,0.0005346612193662705,0.0006292525617736525,0.18524151077835066,1920
1054,0.015,broad,joint_current_unpenalized,17,0.18,0.0006436544883277987,0.0005123590078835877,0.19020915527969925,1920
1054,0.015,broad,joint_current_unpenalized,18,0.195,0.0004930974942823505,0.00038648868129605716,0.19289314140021901,1920
1054,0.015,broad,joint_current_unpenalized,19,0.21,0.00040331939970667343,0.000607256187474042,0.23081827741494548,1920
1054,0.015,broad,joint_current_unpenalized,20,0.22499999999999998,0.00020967449183639816,0.0002834347919091414,0.22887004597333435,1920
1054,0.015,broad,joint_current_unpenalized,21,0.24,0.0010828036238719134,0.0009036218163871932,0.22103958213143418,1920
1054,0.015,broad,joint_current_unpenalized,22,0.255,0.0008134849150744843,0.0009881799063216545,0.264739266199144,1920
1054,0.015,broad,joint_current_unpenalized,23,0.27,0.00040489208220936764,0.00046967240162410753,0.27208392570171164,1920
1054,0.015,broad,joint_current_unpenalized,24,0.285,0.0007618374912279893,0.0006016867971111544,0.2826356925240723,1920
1054,0.015,broad,joint_current_unpenalized,25,0.3,0.0007098093097161842,0.000655671174863153,0.3111917748775237,1920
1054,0.015,broad,joint_current_unpenalized,26,0.315,0.0006142265705044091,0.00048185259019872996,0.33037147460941985,1920
1054,0.015,broad,joint_current_unpenalized,27,0.32999999999999996,0.0012654451863623373,0.001043962078339982,0.32652087912780015,1920
1054,0.015,broad,joint_current_unpenalized,28,0.345,0.0004769137040020273,0.0004976654682831218,0.34285029635866315,1920
1054,0.015,broad,joint_current_unpenalized,29,0.36,0.0004302619713471365,0.0006012709902352085,0.3657240075160568,1920
1054,0.015,broad,joint_recent2,0,0.0,0.0,0.0,0.008471196270911906,1920
1054,0.015,broad,joint_recent2,1,0.0,5.438806937772343e-05,4.579339102933902e-05,0.0037535525874609382,1920
1054,0.015,broad,joint_recent2,2,0.0,0.00012172344268203677,6.880196562431611e-05,0.002715714347233559,1920
1054,0.015,broad,joint_recent2,3,0.0,5.087346022427939e-05,6.432746128285299e-05,0.005573918063937955,1920
1054,0.015,broad,joint_recent2,4,0.0,0.00019742615115140452,0.00015167848481132353,0.002714961098801912,1920
1054,0.015,broad,joint_recent2,5,0.0,0.0001079201587218612,0.00011798222561551809,0.007717665590630417,1920
1054,0.015,broad,joint_recent2,6,0.015,0.0005162400276612035,0.0004637062200501592,0.008732554690658327,1920
1054,0.015,broad,joint_recent2,7,0.03,0.002298826609897514,0.0012763631184220061,0.01929161042648171,1920
1054,0.015,broad,joint_recent2,8,0.045,0.0013078341152041057,0.0011925943027381893,0.03458796143039595,1920
1054,0.015,broad,joint_recent2,9,0.06,0.0018354392074269611,0.001343250639334356,0.05756323319929921,1920
1054,0.015,broad,joint_recent2,10,0.075,0.0013117498707842423,0.001110444156664561,0.06797212240368246,1920
1054,0.015,broad,joint_recent2,11,0.09,0.0023979073795094927,0.001435090891951694,0.0934428912024899,1920
1054,0.015,broad,joint_recent2,12,0.105,0.0012581427832680525,0.0011181978971047195,0.09395631281363166,1920
1054,0.015,broad,joint_recent2,13,0.12,0.001645272283887022,0.0011659571177483992,0.11726010187896574,1920
1054,0.015,broad,joint_recent2,14,0.135,0.0005830254717449296,0.0012401555746057794,0.11851359689532354,1920
1054,0.015,broad,joint_recent2,15,0.15,0.0019552021452085683,0.001947273849111474,0.14354454684852136,1920
1054,0.015,broad,joint_recent2,16,0.16499999999999998,0.0009679227833562024,0.0010753564138066597,0.16378668191028473,1920
1054,0.015,broad,joint_recent2,17,0.18,0.0009261327545424837,0.001015085220290362,0.17629053111157902,1920
1054,0.015,broad,joint_recent2,18,0.195,0.0009340045693449788,0.0008084614738632706,0.19073443250954816,1920
1054,0.015,broad,joint_recent2,19,0.21,0.0005641791825175177,0.000804160836737964,0.19077265500891588,1920
1054,0.015,broad,joint_recent2,20,0.22499999999999998,0.0013134613663002075,0.0013225647143079128,0.21795059901121172,1920
1054,0.015,broad,joint_recent2,21,0.24,0.00115061960365781,0.0009769419218907242,0.2229549943697295,1920
1054,0.015,broad,joint_recent2,22,0.255,0.0011820956843293408,0.0013057906317074052,0.23607503978990307,1920
1054,0.015,broad,joint_recent2,23,0.27,0.0008667566161238942,0.0011977570452780758,0.25601008663560504,1920
1054,0.015,broad,joint_recent2,24,0.285,0.0014160922247246814,0.001230340216929713,0.27121624267961103,1920
1054,0.015,broad,joint_recent2,25,0.3,0.0015120532380573446,0.0010877657981251583,0.2900526319503467,1920
1054,0.015,broad,joint_recent2,26,0.315,0.0013510121386187829,0.0011093538665427646,0.3036334737623231,1920
1054,0.015,broad,joint_recent2,27,0.32999999999999996,0.0015951348516830323,0.0011519656981629814,0.3088349909001687,1920
1054,0.015,broad,joint_recent2,28,0.345,0.001282386513968366,0.0011978970793816788,0.3140272793825047,1920
1054,0.015,broad,joint_recent2,29,0.36,0.0011873223847048496,0.0014204335541735849,0.34158207829642373,1920
1054,0.04,narrow,theta_current,0,0.0,0.0,0.0,0.0,1920
1054,0.04,narrow,theta_current,1,0.0,1.599247676112325e-05,0.0015371840383386654,0.0,1920
1054,0.04,narrow,theta_current,2,0.0,3.268818347192245e-05,0.0030084946419960254,0.0,1920
1054,0.04,narrow,theta_current,3,0.0,6.122460034783314e-05,0.0038839400747069453,0.0,1920
1054,0.04,narrow,theta_current,4,0.0,6.9297759039717e-05,0.018410102549489635,0.0,1920
1054,0.04,narrow,theta_current,5,0.0,8.217661584330485e-05,0.016475591532222188,0.0,1920
1054,0.04,narrow,theta_current,6,0.04,0.0004608225675968211,0.00642920771174217,0.0,1920
1054,0.04,narrow,theta_current,7,0.08,0.0005843719723472124,0.015043288863291614,0.0,1920
1054,0.04,narrow,theta_current,8,0.12,0.0004290312440051643,0.033152081053556756,0.0,1920
1054,0.04,narrow,theta_current,9,0.16,0.0003993983170493367,0.048325159468929166,0.0,1920
1054,0.04,narrow,theta_current,10,0.2,0.0007946960701707535,0.050729898791073647,0.0,1920
1054,0.04,narrow,theta_current,11,0.24,0.0009181025943963162,0.059850876885291414,0.0,1920
1054,0.04,narrow,theta_current,12,0.28,0.0018525240875640336,0.09201950654389246,0.0,1920
1054,0.04,narrow,theta_current,13,0.32,0.001890684526803529,0.08745778783726427,0.0,1920
1054,0.04,narrow,theta_current,14,0.36,0.0014766386192703628,0.06922536288971107,0.0,1920
1054,0.04,narrow,theta_current,15,0.4,0.0022308078055711983,0.0644199837326908,0.0,1920
1054,0.04,narrow,theta_current,16,0.44,0.0033199974451583515,0.10229634540936858,0.0,1920
1054,0.04,narrow,theta_current,17,0.48,0.002386624631904078,0.1420622900130162,0.0,1920
1054,0.04,narrow,theta_current,18,0.52,0.001933026277516909,0.1349630469917566,0.0,1920
1054,0.04,narrow,theta_current,19,0.56,0.0015015005375752797,0.13418188678330858,0.0,1920
1054,0.04,narrow,theta_current,20,0.6,0.0017013109162471649,0.1885379738429701,0.0,1920
1054,0.04,narrow,theta_current,21,0.64,0.0011552770257050816,0.2311147479057617,0.0,1920
1054,0.04,narrow,theta_current,22,0.65,7.575669220137369e-05,0.22776400743555736,0.0,1920
1054,0.04,narrow,theta_current,23,0.65,4.155114917933907e-06,0.2275962663679746,0.0,1920
1054,0.04,narrow,theta_current,24,0.65,2.781243580319605e-05,0.22537459751190858,0.0,1920
1054,0.04,narrow,theta_current,25,0.65,6.760492957027614e-05,0.2435118003413464,0.0,1920
1054,0.04,narrow,theta_current,26,0.65,7.418886308618606e-05,0.21743792181716898,0.0,1920
1054,0.04,narrow,theta_current,27,0.65,3.4384021217288e-05,0.22603655542401754,0.0,1920
1054,0.04,narrow,theta_current,28,0.65,1.1071609348975745e-05,0.22223388932621574,0.0,1920
1054,0.04,narrow,theta_current,29,0.65,1.3447018197139232e-05,0.2205205360957826,0.0,1920
1054,0.04,narrow,joint_current,0,0.0,0.0,0.0,0.0008844441137707241,1920
1054,0.04,narrow,joint_current,1,0.0,1.5941873158168058e-05,0.0014803054105390215,0.0038674173314312346,1920
1054,0.04,narrow,joint_current,2,0.0,3.260386924763793e-05,0.0028272389971087976,0.000839420301640312,1920
1054,0.04,narrow,joint_current,3,0.0,6.089005035404312e-05,0.003824347910697139,0.00835898059359823,1920
1054,0.04,narrow,joint_current,4,0.0,7.017413155818314e-05,0.018696146570613022,0.0028427420271756806,1920
1054,0.04,narrow,joint_current,5,0.0,8.019749011970957e-05,0.015213813922083395,0.01233754313621546,1920
1054,0.04,narrow,joint_current,6,0.04,0.00046616719249972907,0.005387849951895439,0.00579974926119688,1920
1054,0.04,narrow,joint_current,7,0.08,0.0005911266295714994,0.014129374758472545,0.009702186394934855,1920
1054,0.04,narrow,joint_current,8,0.12,0.0004289320176430471,0.03044453628666402,0.004261454220011733,1920
1054,0.04,narrow,joint_current,9,0.16,0.0004033806393108319,0.04972940228040969,0.011926146063600476,1920
1054,0.04,narrow,joint_current,10,0.2,0.0007962411972536944,0.04768617243010849,0.005218827136564107,1920
1054,0.04,narrow,joint_current,11,0.24,0.0009189638612763675,0.06095573781033067,0.015114584504128831,1920
1054,0.04,narrow,joint_current,12,0.28,0.0018572716138529632,0.08448522829002664,0.003220049183028562,1920
1054,0.04,narrow,joint_current,13,0.32,0.0018969298856139662,0.083613839203454,0.0007938606695155382,1920
1054,0.04,narrow,joint_current,14,0.36,0.0014787290447238575,0.0669246551412942,0.005205019182854878,1920
1054,0.04,narrow,joint_current,15,0.4,0.002229860453358504,0.061909864767377046,0.008263627797094839,1920
1054,0.04,narrow,joint_current,16,0.44,0.003320407698534499,0.09784339422591301,0.011641636725270528,1920
1054,0.04,narrow,joint_current,17,0.48,0.0023999281162556084,0.1376117074508459,0.007020231605911032,1920
1054,0.04,narrow,joint_current,18,0.52,0.0019285984045422913,0.13138763306736037,0.005952917313756235,1920
1054,0.04,narrow,joint_current,19,0.56,0.0015229832958480397,0.13571800467745562,0.010444692979138028,1920
1054,0.04,narrow,joint_current,20,0.6,0.0017411310313024102,0.19292723188057082,0.019661394599239778,1920
1054,0.04,narrow,joint_current,21,0.64,0.0012169480262882722,0.25286439261929083,0.005988305876214519,1920
1054,0.04,narrow,joint_current,22,0.65,8.103866120082184e-05,0.24113559344345775,0.007442757683547356,1920
1054,0.04,narrow,joint_current,23,0.65,5.499630045572628e-06,0.23676609543277458,0.0029778762904397516,1920
1054,0.04,narrow,joint_current,24,0.65,2.8396139347089864e-05,0.23733204764511473,0.0011331509003419487,1920
1054,0.04,narrow,joint_current,25,0.65,7.20570106463131e-05,0.2437080705037877,0.0027113219246857343,1920
1054,0.04,narrow,joint_current,26,0.65,7.896213790727277e-05,0.22661990527510048,0.005708483720690312,1920
1054,0.04,narrow,joint_current,27,0.65,3.154468756792847e-05,0.23063706150659652,0.003406058976376567,1920
1054,0.04,narrow,joint_current,28,0.65,1.0233024055909618e-05,0.22406874092590517,0.0026747098939552735,1920
1054,0.04,narrow,joint_current,29,0.65,1.2844051643781492e-05,0.22487063646007868,0.004792655092384724,1920
1054,0.04,narrow,joint_current_unpenalized,0,0.0,0.0,0.0,0.013808921038513538,1920
1054,0.04,narrow,joint_current_unpenalized,1,0.0,1.531970583485842e-05,0.001069218794274977,0.044480573125308016,1920
1054,0.04,narrow,joint_current_unpenalized,2,0.0,3.291702256780537e-05,0.003602626964869131,0.04207816988580011,1920
1054,0.04,narrow,joint_current_unpenalized,3,0.0,6.174329711521825e-05,0.005750075174890741,0.12116171211618641,1920
1054,0.04,narrow,joint_current_unpenalized,4,0.0,8.922647086390981e-05,0.036462041843164136,0.06415052208508569,1920
1054,0.04,narrow,joint_current_unpenalized,5,0.0,7.822358478248929e-05,0.01852517959293501,0.0674776279453161,1920
1054,0.04,narrow,joint_current_unpenalized,6,0.04,0.0005494156958215003,0.007470502196808377,0.11647891093852614,1920
1054,0.04,narrow,joint_current_unpenalized,7,0.08,0.0004730555452293599,0.006918906773800149,0.18730495687525617,1920
1054,0.04,narrow,joint_current_unpenalized,8,0.12,0.00043647008720992635,0.022080343483801543,0.08631700775044694,1920
1054,0.04,narrow,joint_current_unpenalized,9,0.16,0.0004043617523746028,0.02538116559338145,0.2569324952787077,1920
1054,0.04,narrow,joint_current_unpenalized,10,0.2,0.0007983624190077547,0.03397916771999612,0.12069717081625365,1920
1054,0.04,narrow,joint_current_unpenalized,11,0.24,0.0009170552495460275,0.025873731235654257,0.352014843787765,1920
1054,0.04,narrow,joint_current_unpenalized,12,0.28,0.001729153488184057,0.06285686815294655,0.2278079462653149,1920
1054,0.04,narrow,joint_current_unpenalized,13,0.32,0.0018641037259348292,0.01873006484094024,0.24470472597575935,1920
1054,0.04,narrow,joint_current_unpenalized,14,0.36,0.0014713535282789467,0.018238330373071807,0.3437770960384761,1920
1054,0.04,narrow,joint_current_unpenalized,15,0.4,0.0022809440084825268,0.0047927624803245005,0.4133096135840532,1920
1054,0.04,narrow,joint_current_unpenalized,16,0.44,0.003233582369133373,0.024820447488943534,0.4381591439170547,1920
1054,0.04,narrow,joint_current_unpenalized,17,0.48,0.0024123021204490607,0.06042709802802924,0.5388453414908385,1920
1054,0.04,narrow,joint_current_unpenalized,18,0.52,0.0019531939099133376,0.09529944616699475,0.5478568629585661,1920
1054,0.04,narrow,joint_current_unpenalized,19,0.56,0.001674567626044512,0.19105310144127297,0.5335434288912414,1920
1054,0.04,narrow,joint_current_unpenalized,20,0.6,0.001641487499887244,0.2183805038709295,0.4992863400493991,1920
1054,0.04,narrow,joint_current_unpenalized,21,0.64,0.0009496494285449265,0.34301837343569885,0.5478991252878088,1920
1054,0.04,narrow,joint_current_unpenalized,22,0.65,9.091708821695815e-05,0.29728856316721686,0.541601806119091,1920
1054,0.04,narrow,joint_current_unpenalized,23,0.65,7.497650106585937e-06,0.2003258351872204,0.5639682614042122,1944
1054,0.04,narrow,joint_current_unpenalized,24,0.65,1.8650601650462736e-05,0.22379383599168734,0.5105349354104938,1944
1054,0.04,narrow,joint_current_unpenalized,25,0.65,5.679539242789848e-05,0.18281751618297978,0.5500920498441785,1944
1054,0.04,narrow,joint_current_unpenalized,26,0.65,7.812767323055525e-05,0.1997512550470466,0.5318373033440247,1920
1054,0.04,narrow,joint_current_unpenalized,27,0.65,3.1186797818707186e-05,0.15879090619022368,0.5379375658253774,1920
1054,0.04,narrow,joint_current_unpenalized,28,0.65,1.3020497240167226e-05,0.146420623689683,0.5404704759659399,1920
1054,0.04,narrow,joint_current_unpenalized,29,0.65,1.3520002831159228e-05,0.188414805166166,0.5503564243363778,1920
1054,0.04,narrow,joint_recent2,0,0.0,0.0,0.0,0.0008844441137707241,1920
1054,0.04,narrow,joint_recent2,1,0.0,1.5941873158168058e-05,0.0014803054105390215,0.004564107929084827,1920
1054,0.04,narrow,joint_recent2,2,0.0,2.4116795867023876e-05,0.0023817907004205236,0.0031774610866434536,1920
1054,0.04,narrow,joint_recent2,3,0.0,4.350360555400529e-05,0.0024126280142515964,0.006461230066326516,1920
1054,0.04,narrow,joint_recent2,4,0.0,4.141092271397141e-05,0.0046032091326033645,0.009314742068267557,1920
1054,0.04,narrow,joint_recent2,5,0.0,2.6007080557559518e-05,0.010873233930822457,0.010072806513195143,1920
1054,0.04,narrow,joint_recent2,6,0.04,0.00033327304228512937,0.008600681365753858,0.004580514720259189,1920
1054,0.04,narrow,joint_recent2,7,0.08,0.0019819549705257563,0.019637413723093168,0.025105980738895587,1920
1054,0.04,narrow,joint_recent2,8,0.12,0.0008748671878417279,0.016161704763669335,0.007749003613879788,1920
1054,0.04,narrow,joint_recent2,9,0.16,0.0009825855313905774,0.027647270908110304,0.014154206247981152,1920
1054,0.04,narrow,joint_recent2,10,0.2,0.0016719504425586021,0.03195589552601939,0.008529997108710028,1920
1054,0.04,narrow,joint_recent2,11,0.24,0.0019704564167852207,0.036811052156637686,0.012956899352455213,1920
1054,0.04,narrow,joint_recent2,12,0.28,0.0036559024237895824,0.06040775236787735,0.0231153339978213,1920
1054,0.04,narrow,joint_recent2,13,0.32,0.003600153455501963,0.054001394875848305,0.00554728885026378,1920
1054,0.04,narrow,joint_recent2,14,0.36,0.004831880948564117,0.054590499744042925,0.007779787035169178,1920
1054,0.04,narrow,joint_recent2,15,0.4,0.003982180889320233,0.06560411686065677,0.00218668246510745,1920
1054,0.04,narrow,joint_recent2,16,0.44,0.005650695435153547,0.0823049818411914,0.02148055629923954,1920
1054,0.04,narrow,joint_recent2,17,0.48,0.005624230242749902,0.09911394264232451,0.01726227287424989,1920
1054,0.04,narrow,joint_recent2,18,0.52,0.0046670043277936965,0.1121774148875194,0.007529541611953579,1920
1054,0.04,narrow,joint_recent2,19,0.56,0.003997902156903526,0.1409060453505896,0.009813119121411426,1920
1054,0.04,narrow,joint_recent2,20,0.6,0.0033959615134103046,0.17264008095950586,0.004339315035493398,1920
1054,0.04,narrow,joint_recent2,21,0.64,0.0032371086268390193,0.21381187307028032,0.0037220507726373497,1920
1054,0.04,narrow,joint_recent2,22,0.65,0.0004567192735232798,0.23860743131993775,0.00675718421932916,1920
1054,0.04,narrow,joint_recent2,23,0.65,2.233755647181035e-05,0.22405239520723974,0.0028161880275847464,1920
1054,0.04,narrow,joint_recent2,24,0.65,8.290035525882575e-06,0.2234985822473592,0.00201608499712173,1920
1054,0.04,narrow,joint_recent2,25,0.65,7.140856739441604e-06,0.22535278448305118,0.002120537104303216,1920
1054,0.04,narrow,joint_recent2,26,0.65,1.8024554669271903e-05,0.22766683146233238,0.0025664369688246824,1920
1054,0.04,narrow,joint_recent2,27,0.65,2.4417293847500064e-05,0.22264230738175633,0.003644220985618045,1920
1054,0.04,narrow,joint_recent2,28,0.65,1.865536967826665e-05,0.22750847319651352,0.001019228443135364,1920
1054,0.04,narrow,joint_recent2,29,0.65,8.134727595985815e-06,0.22645034184045248,0.004293725893530872,1920
1054,0.04,broad,theta_current,0,0.0,0.0,0.0,0.0,1920
1054,0.04,broad,theta_current,1,0.0,3.113702603176091e-05,3.578931759792996e-05,0.0,1920
1054,0.04,broad,theta_current,2,0.0,0.0003897218500149223,0.00025562276229957313,0.0,1920
1054,0.04,broad,theta_current,3,0.0,0.00012178189822086445,0.0001211099525078174,0.0,1920
1054,0.04,broad,theta_current,4,0.0,0.0005479532443354858,0.00043036654980405103,0.0,1920
1054,0.04,broad,theta_current,5,0.0,6.517614732107206e-05,6.227406407959162e-05,0.0,1920
1054,0.04,broad,theta_current,6,0.04,0.003410882788895422,0.0033144395037036914,0.0,1920
1054,0.04,broad,theta_current,7,0.08,0.01206109429588186,0.0066470303401063085,0.0,1920
1054,0.04,broad,theta_current,8,0.12,0.008794630018442572,0.010068996037591623,0.0,1920
1054,0.04,broad,theta_current,9,0.16,0.01665679192690667,0.015600075049309046,0.0,1920
1054,0.04,broad,theta_current,10,0.2,0.02624953522029393,0.021528474176529602,0.0,1920
1054,0.04,broad,theta_current,11,0.24,0.06112093153456983,0.030853380960573523,0.0,1920
1054,0.04,broad,theta_current,12,0.28,0.04825390787093053,0.05835540237911207,0.0,1920
1054,0.04,broad,theta_current,13,0.32,0.04839966238168372,0.043046137530276786,0.0,1920
1054,0.04,broad,theta_current,14,0.36,0.06656107546069548,0.04489909342972498,0.0,1944
1054,0.04,broad,theta_current,15,0.4,0.0648767445653989,0.06447401176556615,0.0,1920
1054,0.04,broad,theta_current,16,0.44,0.07095391990123794,0.07337962493199623,0.0,1920
1054,0.04,broad,theta_current,17,0.48,0.1281054371158528,0.09801959691542639,0.0,1920
1054,0.04,broad,theta_current,18,0.52,0.10685273722561717,0.11132684558390492,0.0,1920
1054,0.04,broad,theta_current,19,0.56,0.09631402422096354,0.10789272147249199,0.0,1920
1054,0.04,broad,theta_current,20,0.6,0.19400767974319102,0.15303019839454687,0.0,1944
1054,0.04,broad,theta_current,21,0.64,0.13006380556025818,0.1557949128910606,0.0,1920
1054,0.04,broad,theta_current,22,0.65,0.12284812160908826,0.18216275164155235,0.0,1920
1054,0.04,broad,theta_current,23,0.65,0.19530131767332728,0.1851032340356606,0.0,1944
1054,0.04,broad,theta_current,24,0.65,0.14106399418853974,0.16072456066640217,0.0,1920
1054,0.04,broad,theta_current,25,0.65,0.1414129580222557,0.15575738825473262,0.0,1920
1054,0.04,broad,theta_current,26,0.65,0.22079363105430863,0.2283035807536865,0.0,1920
1054,0.04,broad,theta_current,27,0.65,0.11812089156545358,0.14743537981588178,0.0,1920
1054,0.04,broad,theta_current,28,0.65,0.16376823753365224,0.13890720740258763,0.0,1920
1054,0.04,broad,theta_current,29,0.65,0.15358783625355754,0.1462213844818968,0.0,1920
1054,0.04,broad,joint_current,0,0.0,0.0,0.0,0.008471196270911906,1920
1054,0.04,broad,joint_current,1,0.0,5.438806937772343e-05,4.579339102933902e-05,0.003203337673618065,1920
1054,0.04,broad,joint_current,2,0.0,0.00042219353171397603,0.0002480810788781524,0.007775032497184537,1920
1054,0.04,broad,joint_current,3,0.0,0.00021181827535958868,0.00013982588188220607,0.012452739378862862,1920
1054,0.04,broad,joint_current,4,0.0,0.0011579115605937758,0.000951775342107482,0.011392163973994559,1920
1054,0.04,broad,joint_current,5,0.0,0.0002387740053356427,0.00021273955772507777,0.014054933926451959,1920
1054,0.04,broad,joint_current,6,0.04,0.0034871206770511367,0.0037111234215491513,0.027531108361901632,1920
1054,0.04,broad,joint_current,7,0.08,0.006472890262011832,0.003865573310448394,0.07581846551974761,1920
1054,0.04,broad,joint_current,8,0.12,0.005693544445859423,0.00476025510974995,0.11744348559174572,1920
1054,0.04,broad,joint_current,9,0.16,0.0030150230894633767,0.0032331156151460755,0.14513589189262605,1920
1054,0.04,broad,joint_current,10,0.2,0.003814041178087209,0.0033080885509200403,0.19412872540019396,1920
1054,0.04,broad,joint_current,11,0.24,0.007026978797556105,0.003735451332696231,0.19334422926074532,1920
1054,0.04,broad,joint_current,12,0.28,0.008515732764089875,0.0073615566570217035,0.2754981404490311,1920
1054,0.04,broad,joint_current,13,0.32,0.002843188615024316,0.0027071467192907976,0.3100144150974321,1920
1054,0.04,broad,joint_current,14,0.36,0.005311565334491324,0.004432273131968868,0.3392566298352244,1920
1054,0.04,broad,joint_current,15,0.4,0.0038133178313193724,0.004572245595892603,0.38069881123927785,1920
1054,0.04,broad,joint_current,16,0.44,0.004217837450657712,0.004454489393375891,0.3857327179708164,1920
1054,0.04,broad,joint_current,17,0.48,0.006563096547508581,0.0055317590041290745,0.4604477812234506,1920
1054,0.04,broad,joint_current,18,0.52,0.005990268057852372,0.005481614336619119,0.5084740367888569,1920
1054,0.04,broad,joint_current,19,0.56,0.0025593712376795596,0.004488643107640198,0.5203097583139599,1920
1054,0.04,broad,joint_current,20,0.6,0.016321379751777425,0.00864833818023365,0.5955353969134031,1920
1054,0.04,broad,joint_current,21,0.64,0.004678926432395169,0.0044688078594933185,0.6149899680316635,1920
1054,0.04,broad,joint_current,22,0.65,0.001148563461442712,0.0023547817477181125,0.6218979327751779,1920
1054,0.04,broad,joint_current,23,0.65,0.0005297616748754686,0.0005930334054136701,0.6251024061806864,1920
1054,0.04,broad,joint_current,24,0.65,0.00028306744459806634,0.00035916844541783135,0.6198731502932905,1920
1054,0.04,broad,joint_current,25,0.65,0.0003089966773908548,0.0007305011789482366,0.6261756935598636,1920
1054,0.04,broad,joint_current,26,0.65,0.0002869414281866512,0.0004981466385989623,0.49322756524188593,1920
1054,0.04,broad,joint_current,27,0.65,0.03324836295490408,0.02432023305206349,0.6203720191549431,1920
1054,0.04,broad,joint_current,28,0.65,0.0003035186594053607,0.0005093655848444483,0.6221551595100324,1920
1054,0.04,broad,joint_current,29,0.65,0.000753745413701627,0.00038009997556678904,0.6355847663199559,1920
1054,0.04,broad,joint_current_unpenalized,0,0.0,0.0,0.0,0.009388032362486455,1920
1054,0.04,broad,joint_current_unpenalized,1,0.0,5.757797501496978e-05,4.734154744600672e-05,0.003257045084322474,1920
1054,0.04,broad,joint_current_unpenalized,2,0.0,0.0004231548861546761,0.00024780068084102327,0.008702520324262384,1920
1054,0.04,broad,joint_current_unpenalized,3,0.0,0.00022388011945834283,0.0001438449069152401,0.014673010667091795,1920
1054,0.04,broad,joint_current_unpenalized,4,0.0,0.0012941136696311998,0.0010653631343151807,0.011805323204284398,1920
1054,0.04,broad,joint_current_unpenalized,5,0.0,0.0002491601420027024,0.0002225510584581652,0.01569661521901869,1920
1054,0.04,broad,joint_current_unpenalized,6,0.04,0.003464917004101223,0.0037316901393567607,0.02895395869144516,1920
1054,0.04,broad,joint_current_unpenalized,7,0.08,0.0064465059396731465,0.0038465375018890908,0.08487198647051712,1920
1054,0.04,broad,joint_current_unpenalized,8,0.12,0.005935588424189034,0.0048995364202434315,0.12409664266080604,1920
1054,0.04,broad,joint_current_unpenalized,9,0.16,0.0028884672127866434,0.0030820341389321618,0.15961317178699388,1920
1054,0.04,broad,joint_current_unpenalized,10,0.2,0.0033896129477399826,0.002894116242898784,0.20904372796931994,1920
1054,0.04,broad,joint_current_unpenalized,11,0.24,0.005862200773198413,0.003491799576733492,0.2255015731884511,1920
1054,0.04,broad,joint_current_unpenalized,12,0.28,0.0031459753658363947,0.0030681370113744256,0.2850349693510765,1920
1054,0.04,broad,joint_current_unpenalized,13,0.32,0.002575071104743351,0.002507458756296657,0.32099009835970155,1920
1054,0.04,broad,joint_current_unpenalized,14,0.36,0.005020952368574771,0.0040382970545493595,0.3517493604945322,1920
1054,0.04,broad,joint_current_unpenalized,15,0.4,0.003549561585235688,0.004213780891592031,0.4086677786357377,1920
1054,0.04,broad,joint_current_unpenalized,16,0.44,0.003836546225178454,0.0042857790889135735,0.48800973259287755,1920
1054,0.04,broad,joint_current_unpenalized,17,0.48,0.007263172361593464,0.005732099614675226,0.47905905419128003,1920
1054,0.04,broad,joint_current_unpenalized,18,0.52,0.005142095429505603,0.004234297211896167,0.5384727481125215,1920
1054,0.04,broad,joint_current_unpenalized,19,0.56,0.002808080009581005,0.004199004362171974,0.5571690401412924,1920
1054,0.04,broad,joint_current_unpenalized,20,0.6,0.01283263082838066,0.006905777862312784,0.6123395631037298,1920
1054,0.04,broad,joint_current_unpenalized,21,0.64,0.0043535686310485905,0.004226203879726019,0.6402876738045202,1920
1054,0.04,broad,joint_current_unpenalized,22,0.65,0.00022874573515804653,0.00028826681237682577,0.6429327884918847,1920
1054,0.04,broad,joint_current_unpenalized,23,0.65,0.00019336020500451773,0.00020510812152346757,0.6481534233702404,1920
1054,0.04,broad,joint_current_unpenalized,24,0.65,5.0211649856698657e-05,6.19725096554762e-05,0.6416858632655884,1920
1054,0.04,broad,joint_current_unpenalized,25,0.65,0.00013313465708249887,0.00026288179445864044,0.6662052853438816,1920
1054,0.04,broad,joint_current_unpenalized,26,0.65,0.000374270869370315,0.00034927080987939965,0.6824342083476587,1920
1054,0.04,broad,joint_current_unpenalized,27,0.65,0.0006700053896592503,0.0006044835705087085,0.6458680448066074,1920
1054,0.04,broad,joint_current_unpenalized,28,0.65,6.915431112949263e-05,7.36073426216141e-05,0.6508038389944345,1920
1054,0.04,broad,joint_current_unpenalized,29,0.65,5.545233997805528e-05,7.141658277617718e-05,0.6571238026827224,1920
1054,0.04,broad,joint_recent2,0,0.0,0.0,0.0,0.008471196270911906,1920
1054,0.04,broad,joint_recent2,1,0.0,5.438806937772343e-05,4.579339102933902e-05,0.0037535525874609382,1920
1054,0.04,broad,joint_recent2,2,0.0,0.00012172344268203677,6.880196562431611e-05,0.002715714347233559,1920
1054,0.04,broad,joint_recent2,3,0.0,5.087346022427939e-05,6.432746128285299e-05,0.005573918063937955,1920
1054,0.04,broad,joint_recent2,4,0.0,0.00019742615115140452,0.00015167848481132353,0.002714961098801912,1920
1054,0.04,broad,joint_recent2,5,0.0,0.0001079201587218612,0.00011798222561551809,0.007717665590630417,1920
1054,0.04,broad,joint_recent2,6,0.04,0.0037617700706778397,0.003690383446549414,0.03242615059896723,1920
1054,0.04,broad,joint_recent2,7,0.08,0.017380665931855197,0.0095797649630112,0.05279834349791649,1920
1054,0.04,broad,joint_recent2,8,0.12,0.00950939842482021,0.008299851138437595,0.08294820809296209,1920
1054,0.04,broad,joint_recent2,9,0.16,0.008309853362282762,0.00848703403811526,0.13215809747773458,1920
1054,0.04,broad,joint_recent2,10,0.2,0.008574259940584587,0.008258601773341522,0.18267393449122726,1920
1054,0.04,broad,joint_recent2,11,0.24,0.012403621523840907,0.006425257510342111,0.22867848133189408,1920
1054,0.04,broad,joint_recent2,12,0.28,0.004705021877456697,0.0054523295328530955,0.25382378771910785,1920
1054,0.04,broad,joint_recent2,13,0.32,0.005144979814794324,0.005746440014400685,0.29413514326654394,1920
1054,0.04,broad,joint_recent2,14,0.36,0.008486310656537883,0.0070577881184195656,0.32567767145579607,1920
1054,0.04,broad,joint_recent2,15,0.4,0.007430024964975202,0.008992377015713926,0.3583027424256244,1920
1054,0.04,broad,joint_recent2,16,0.44,0.009801889114752766,0.009598661378021959,0.4039868783847242,1920
1054,0.04,broad,joint_recent2,17,0.48,0.009731442844826932,0.00982732828979766,0.44272699150691874,1920
1054,0.04,broad,joint_recent2,18,0.52,0.010697217426507213,0.010165900800659142,0.49115166539112615,1920
1054,0.04,broad,joint_recent2,19,0.56,0.005458798783171984,0.009814680359444791,0.5119249059587315,1920
1054,0.04,broad,joint_recent2,20,0.6,0.024968066151832804,0.013316025647865801,0.5855486150197656,1920
1054,0.04,broad,joint_recent2,21,0.64,0.006517550572354601,0.0061930940362012465,0.6093717576273748,1920
1054,0.04,broad,joint_recent2,22,0.65,0.0021688017207530993,0.0030180940131799214,0.6237120179208322,1920
1054,0.04,broad,joint_recent2,23,0.65,0.0003387093812765695,0.00039446606587087364,0.6249740505509704,1920
1054,0.04,broad,joint_recent2,24,0.65,0.0003446660433410539,0.0003505988496143251,0.6226493684588084,1920
1054,0.04,broad,joint_recent2,25,0.65,0.0002909150693562522,0.00047886336655968777,0.6238795572533196,1920
1054,0.04,broad,joint_recent2,26,0.65,0.000417097262843518,0.0005245403911946126,0.6230695348375158,1920
1054,0.04,broad,joint_recent2,27,0.65,0.0005993738242861869,0.00043659188574569734,0.6254990439157652,1920
1054,0.04,broad,joint_recent2,28,0.65,0.0002476291115837822,0.0002787267816796882,0.6217552557664596,1920
1054,0.04,broad,joint_recent2,29,0.65,0.0007898435480369653,0.00039990144721115703,0.635584035460467,1920
1055,0.015,narrow,theta_current,0,0.0,0.0,0.0,0.0,1920
1055,0.015,narrow,theta_current,1,0.0,4.1127701248380335e-05,0.0014043237152101605,0.0,1920
1055,0.015,narrow,theta_current,2,0.0,1.4561147002984865e-05,0.0037058784604768065,0.0,1920
1055,0.015,narrow,theta_current,3,0.0,0.00010883249364945384,0.0048712666823283405,0.0,1920
1055,0.015,narrow,theta_current,4,0.0,3.682343869929011e-05,0.014457508284732837,0.0,1920
1055,0.015,narrow,theta_current,5,0.0,1.2093744794946055e-05,0.006459762822770486,0.0,1920
1055,0.015,narrow,theta_current,6,0.015,1.5107289819237405e-05,0.01761592292111381,0.0,1920
1055,0.015,narrow,theta_current,7,0.03,8.763405066462524e-05,0.014269077488262533,0.0,1920
1055,0.015,narrow,theta_current,8,0.045,7.679982499283741e-05,0.021494463353753154,0.0,1920
1055,0.015,narrow,theta_current,9,0.06,4.986304402646813e-05,0.012672122525440081,0.0,1920
1055,0.015,narrow,theta_current,10,0.075,0.00011276464157307035,0.01898419256634787,0.0,1920
1055,0.015,narrow,theta_current,11,0.09,1.8411709302259733e-05,0.013315217376416435,0.0,1920
1055,0.015,narrow,theta_current,12,0.105,7.441461648725358e-05,0.01839264749810301,0.0,1920
1055,0.015,narrow,theta_current,13,0.12,7.134961159210645e-05,0.008307881432835763,0.0,1920
1055,0.015,narrow,theta_current,14,0.135,3.063735116051808e-05,0.002169014311894286,0.0,1920
1055,0.015,narrow,theta_current,15,0.15,2.943625349939326e-05,0.0006439163347292249,0.0,1920
1055,0.015,narrow,theta_current,16,0.16499999999999998,2.0841073729067105e-05,0.0014964005396915967,0.0,1920
1055,0.015,narrow,theta_current,17,0.18,7.93535404168312e-05,0.0027423019624640355,0.0,1920
1055,0.015,narrow,theta_current,18,0.195,2.943424843280088e-05,0.0038157391542597736,0.0,1920
1055,0.015,narrow,theta_current,19,0.21,5.011430881659932e-05,0.02355158540119123,0.0,1920
1055,0.015,narrow,theta_current,20,0.22499999999999998,2.3858627396701395e-05,0.0049728275237218116,0.0,1920
1055,0.015,narrow,theta_current,21,0.24,4.6652427343601695e-05,0.005315637597562021,0.0,1920
1055,0.015,narrow,theta_current,22,0.255,7.915976663951583e-06,0.0037428988907813655,0.0,1920
1055,0.015,narrow,theta_current,23,0.27,0.000243313447477233,0.004721395080410747,0.0,1920
1055,0.015,narrow,theta_current,24,0.285,8.118137550081732e-05,0.002128202398401293,0.0,1920
1055,0.015,narrow,theta_current,25,0.3,4.204909723611909e-05,0.01650644449148769,0.0,1920
1055,0.015,narrow,theta_current,26,0.315,9.242298170370009e-05,0.005157221692824619,0.0,1920
1055,0.015,narrow,theta_current,27,0.32999999999999996,5.8872240535053804e-05,0.009313180744447369,0.0,1920
1055,0.015,narrow,theta_current,28,0.345,4.753507415920179e-05,0.0043536348979520325,0.0,1920
1055,0.015,narrow,theta_current,29,0.36,8.46818185156378e-05,0.005907025757002171,0.0,1920
1055,0.015,narrow,joint_current,0,0.0,0.0,0.0,0.001113742261476936,1920
1055,0.015,narrow,joint_current,1,0.0,4.109164081150568e-05,0.0014705776033701377,0.001961649298947334,1920
1055,0.015,narrow,joint_current,2,0.0,1.4391217993396375e-05,0.0040798518107820194,0.0006575249906445772,1920
1055,0.015,narrow,joint_current,3,0.0,0.00010876433018574226,0.005119408258555837,0.002419916935038304,1920
1055,0.015,narrow,joint_current,4,0.0,3.6732912122511154e-05,0.015437887625532259,0.0019418225677807497,1920
1055,0.015,narrow,joint_current,5,0.0,1.1947021289902783e-05,0.00662825731563691,0.0010699111898861027,1920
1055,0.015,narrow,joint_current,6,0.015,1.4930756782245973e-05,0.018437500149298403,0.0011442687597931457,1920
1055,0.015,narrow,joint_current,7,0.03,8.762449786281713e-05,0.014303565941384969,0.004066225067243255,1920
1055,0.015,narrow,joint_current,8,0.045,7.702938419177617e-05,0.023768005618705172,0.0016501987913762363,1920
1055,0.015,narrow,joint_current,9,0.06,4.936086628681678e-05,0.012638552115011257,0.0012283405176606499,1920
1055,0.015,narrow,joint_current,10,0.075,0.00011335979554332331,0.019556312684332493,0.0010603256657849356,1920
1055,0.015,narrow,joint_current,11,0.09,1.8399785645885657e-05,0.0136230912367326,0.0015058769433183678,1920
1055,0.015,narrow,joint_current,12,0.105,7.420507746098199e-05,0.018300521199636054,0.0010640003406816717,1920
1055,0.015,narrow,joint_current,13,0.12,7.099428070096466e-05,0.009005600322785856,0.004761726574360358,1920
1055,0.015,narrow,joint_current,14,0.135,3.050986101973782e-05,0.0018977464295785028,0.0015064504246433922,1920
1055,0.015,narrow,joint_current,15,0.15,2.9366020288916556e-05,0.0004762660662757732,0.001972154996200092,1920
1055,0.015,narrow,joint_current,16,0.16499999999999998,2.0592151334797157e-05,0.0014880244325346768,0.0027443022344356073,1920
1055,0.015,narrow,joint_current,17,0.18,7.914705096826842e-05,0.002801780505897561,0.0006175353608534874,1920
1055,0.015,narrow,joint_current,18,0.195,2.9404976698186746e-05,0.0034625562585621724,0.004294027818928383,1920
1055,0.015,narrow,joint_current,19,0.21,4.9880332395046305e-05,0.023276185966054335,0.0034668050774703933,1920
1055,0.015,narrow,joint_current,20,0.22499999999999998,2.3590516514783926e-05,0.004126141023528072,0.0012161225610951645,1920
1055,0.015,narrow,joint_current,21,0.24,4.624658298198425e-05,0.0053507634588066105,0.0015212931318986163,1920
1055,0.015,narrow,joint_current,22,0.255,7.818050775099637e-06,0.0032155691370837343,0.0018180848962309926,1920
1055,0.015,narrow,joint_current,23,0.27,0.00024185343006069484,0.004737321117008327,0.003977373190647212,1920
1055,0.015,narrow,joint_current,24,0.285,8.067248894633562e-05,0.0014589572842453034,0.003951792834806095,1920
1055,0.015,narrow,joint_current,25,0.3,4.164652084053159e-05,0.014634713987714255,0.003206172873805186,1920
1055,0.015,narrow,joint_current,26,0.315,9.249902709155285e-05,0.004669266460391669,0.0011644521935335684,1920
1055,0.015,narrow,joint_current,27,0.32999999999999996,5.958654238677458e-05,0.007594906502288381,0.0013233063563370961,1920
1055,0.015,narrow,joint_current,28,0.345,4.766598829241206e-05,0.003780778766556009,0.0007308405591771103,1920
1055,0.015,narrow,joint_current,29,0.36,8.518347126291763e-05,0.005012874707441871,0.004577620707415696,1920
1055,0.015,narrow,joint_current_unpenalized,0,0.0,0.0,0.0,0.02842972733833521,1920
1055,0.015,narrow,joint_current_unpenalized,1,0.0,3.929815853968816e-05,0.007260638068801693,0.05008043287287157,1920
1055,0.015,narrow,joint_current_unpenalized,2,0.0,2.3308922784917954e-05,0.023247947258694758,0.05970706201073866,1920
1055,0.015,narrow,joint_current_unpenalized,3,0.0,0.00010516907473514315,0.03178891469127032,0.123927717668485,1920
1055,0.015,narrow,joint_current_unpenalized,4,0.0,2.7561311877488288e-05,0.10595894179362861,0.14665891352555022,1920
1055,0.015,narrow,joint_current_unpenalized,5,0.0,1.5906710037111948e-05,0.13678844956265532,0.12297211362578762,1920
1055,0.015,narrow,joint_current_unpenalized,6,0.015,2.1697803815063927e-05,0.11615043150384892,0.0841299208905313,1920
1055,0.015,narrow,joint_current_unpenalized,7,0.03,9.034476249456528e-05,0.05461578304280227,0.13448711923216058,1944
1055,0.015,narrow,joint_current_unpenalized,8,0.045,8.927680640947375e-05,0.09999697405499365,0.13522972559774937,1920
1055,0.015,narrow,joint_current_unpenalized,9,0.06,5.2156581790409394e-05,0.08656582990494963,0.09779265512859038,1920
1055,0.015,narrow,joint_current_unpenalized,10,0.075,0.00010972091995889411,0.05566164379270641,0.07445212428196256,1920
1055,0.015,narrow,joint_current_unpenalized,11,0.09,1.4665479081091512e-05,0.010116807216540227,0.09281020064171275,1920
1055,0.015,narrow,joint_current_unpenalized,12,0.105,6.425030924038142e-05,0.0016822110398360293,0.06175911646017719,1920
1055,0.015,narrow,joint_current_unpenalized,13,0.12,7.73028798833002e-05,0.00017123255360027646,0.14920711296530517,1944
1055,0.015,narrow,joint_current_unpenalized,14,0.135,2.4579767277510963e-05,0.014676461407112495,0.09698669870721027,1920
1055,0.015,narrow,joint_current_unpenalized,15,0.15,2.4879549789747423e-05,0.022325787582149745,0.1333717293376991,1920
1055,0.015,narrow,joint_current_unpenalized,16,0.16499999999999998,1.8507734025698385e-05,0.008674607402058665,0.1751634727050263,1920
1055,0.015,narrow,joint_current_unpenalized,17,0.18,0.00010211120482377164,0.051926005208421486,0.13704946110868568,1920
1055,0.015,narrow,joint_current_unpenalized,18,0.195,2.5193947027113573e-05,0.02904821616466989,0.13168789863324504,1920
1055,0.015,narrow,joint_current_unpenalized,19,0.21,5.670245190730164e-05,0.11048363547607354,0.14013831964670537,1920
1055,0.015,narrow,joint_current_unpenalized,20,0.22499999999999998,2.3247075455080212e-05,0.01931935793827555,0.12511593784409106,1944
1055,0.015,narrow,joint_current_unpenalized,21,0.24,3.749725131973269e-05,0.004122931386843839,0.1379009235626079,1944
1055,0.015,narrow,joint_current_unpenalized,22,0.255,6.697442249700995e-06,0.01626223226150653,0.12136208445212963,1920
1055,0.015,narrow,joint_current_unpenalized,23,0.27,0.00024360469777415074,0.005689304881537839,0.11038971569480219,1944
1055,0.015,narrow,joint_current_unpenalized,24,0.285,7.02897267395429e-05,0.018107858130644146,0.11284515895249214,1944
1055,0.015,narrow,joint_current_unpenalized,25,0.3,3.48929523029219e-05,0.035313115150046155,0.15779446541617934,1944
1055,0.015,narrow,joint_current_unpenalized,26,0.315,9.993828127445e-05,0.005178745462671686,0.15405267370005127,1920
1055,0.015,narrow,joint_current_unpenalized,27,0.32999999999999996,5.676967469548166e-05,0.025960895342013585,0.16702951699119686,1920
1055,0.015,narrow,joint_current_unpenalized,28,0.345,4.75304522090331e-05,0.004918270036020004,0.16518821206487902,1944
1055,0.015,narrow,joint_current_unpenalized,29,0.36,9.167210322641277e-05,0.0056403609691975075,0.14987493304182048,1944
1055,0.015,narrow,joint_recent2,0,0.0,0.0,0.0,0.001113742261476936,1920
1055,0.015,narrow,joint_recent2,1,0.0,4.109164081150568e-05,0.0014705776033701377,0.0024210760086308073,1920
1055,0.015,narrow,joint_recent2,2,0.0,1.1230357592224653e-06,6.950535825614233e-05,0.0035075589625733696,1920
1055,0.015,narrow,joint_recent2,3,0.0,1.6627181930340373e-05,0.0044925174082838,0.0028365426348474373,1920
1055,0.015,narrow,joint_recent2,4,0.0,2.9822079682997305e-05,0.00843012982386103,0.004216764114114365,1920
1055,0.015,narrow,joint_recent2,5,0.0,4.319829845307065e-06,0.004311604027807316,0.0008694082499961695,1920
1055,0.015,narrow,joint_recent2,6,0.015,7.313674703087725e-06,0.0053385295435415675,0.0013568419776604458,1920
1055,0.015,narrow,joint_recent2,7,0.03,2.3174096748807027e-05,0.004933810704497609,0.001274287518008086,1920
1055,0.015,narrow,joint_recent2,8,0.045,4.630137608807724e-05,0.006266130580914463,0.0017305266250164835,1920
1055,0.015,narrow,joint_recent2,9,0.06,4.497817512342415e-05,0.0059810137688057425,0.0013153666062536784,1920
1055,0.015,narrow,joint_recent2,10,0.075,3.675844083515868e-05,0.005985610823916547,0.00349239504986898,1920
1055,0.015,narrow,joint_recent2,11,0.09,5.426468036651567e-05,0.008814285230546549,0.0016089674212973837,1920
1055,0.015,narrow,joint_recent2,12,0.105,6.208632149387063e-05,0.010651642617031285,0.00044047387529030403,1920
1055,0.015,narrow,joint_recent2,13,0.12,1.763121885527508e-05,0.008958095931400529,0.001985822107767001,1920
1055,0.015,narrow,joint_recent2,14,0.135,2.916699076825017e-05,0.005214768206997357,0.002298721015148738,1920
1055,0.015,narrow,joint_recent2,15,0.15,3.113103911814273e-05,0.0020419952834066645,0.0010643666615225262,1920
1055,0.015,narrow,joint_recent2,16,0.16499999999999998,1.7476372276030115e-05,0.0011139191165012068,0.004633561587758404,1920
1055,0.015,narrow,joint_recent2,17,0.18,1.2723906505185491e-05,0.004751345618309604,0.0015930902371736003,1920
1055,0.015,narrow,joint_recent2,18,0.195,1.1842757591953331e-05,0.002487738830497205,0.0022570275298377748,1920
1055,0.015,narrow,joint_recent2,19,0.21,9.159617232633246e-06,0.0009128323670575065,0.0015054387955815833,1920
1055,0.015,narrow,joint_recent2,20,0.22499999999999998,2.7636873501047314e-06,0.001149377080315826,0.003646836671352199,1920
1055,0.015,narrow,joint_recent2,21,0.24,3.1849002097026755e-05,0.003612632160055259,0.0008649549137420515,1920
1055,0.015,narrow,joint_recent2,22,0.255,2.243360426939679e-05,0.0035996457152377946,0.0009754123906457736,1920
1055,0.015,narrow,joint_recent2,23,0.27,8.03677546691643e-05,0.0019110160871233838,0.0013153020621826921,1920
1055,0.015,narrow,joint_recent2,24,0.285,5.466117618843199e-05,0.001336431530896737,0.0031736864328436886,1920
1055,0.015,narrow,joint_recent2,25,0.3,7.006094789002648e-05,0.0013564028069961232,0.002990410708031962,1920
1055,0.015,narrow,joint_recent2,26,0.315,7.387471362908367e-06,0.0015213497447940853,0.0031930008893397144,1920
1055,0.015,narrow,joint_recent2,27,0.32999999999999996,5.140330506763168e-05,0.003255566428485588,0.001174276456196617,1920
1055,0.015,narrow,joint_recent2,28,0.345,5.165701486604331e-05,0.002150512940752162,0.000508858414691857,1920
1055,0.015,narrow,joint_recent2,29,0.36,9.799542868311246e-05,0.0025531874700590613,0.0034370631258552487,1920
1055,0.015,broad,theta_current,0,0.0,0.0,0.0,0.0,1920
1055,0.015,broad,theta_current,1,0.0,3.617413811865352e-05,4.402735349979258e-05,0.0,1920
1055,0.015,broad,theta_current,2,0.0,7.581243912816989e-05,5.739658055137561e-05,0.0,1920
1055,0.015,broad,theta_current,3,0.0,6.109006522221631e-05,8.125907337847601e-05,0.0,1920
1055,0.015,broad,theta_current,4,0.0,0.00011409540618135027,0.0001537572901125606,0.0,1920
1055,0.015,broad,theta_current,5,0.0,5.737357750156075e-05,5.5631372750777655e-05,0.0,1920
1055,0.015,broad,theta_current,6,0.015,2.0939964390854217e-05,1.397784471216036e-05,0.0,1920
1055,0.015,broad,theta_current,7,0.03,4.4419074183061274e-05,5.527573482626058e-05,0.0,1920
1055,0.015,broad,theta_current,8,0.045,0.00010741844371140103,0.00010365758468517998,0.0,1920
1055,0.015,broad,theta_current,9,0.06,3.3518077146154414e-05,3.650256291613753e-05,0.0,1920
1055,0.015,broad,theta_current,10,0.075,0.00015986981031779153,0.00020478977280243213,0.0,1920
1055,0.015,broad,theta_current,11,0.09,0.00010022668654058668,7.547493062697273e-05,0.0,1920
1055,0.015,broad,theta_current,12,0.105,0.00015071000436740864,0.00022997860917856738,0.0,1920
1055,0.015,broad,theta_current,13,0.12,0.0002135072273786127,0.00026849995550573964,0.0,1920
1055,0.015,broad,theta_current,14,0.135,0.00035004025352832147,0.0003338550688862885,0.0,1920
1055,0.015,broad,theta_current,15,0.15,0.0001423014170873722,0.00017490512743905886,0.0,1920
1055,0.015,broad,theta_current,16,0.16499999999999998,0.00018744252732593141,0.0001907900053981358,0.0,1920
1055,0.015,broad,theta_current,17,0.18,0.0005820500721486988,0.00038527417604648025,0.0,1920
1055,0.015,broad,theta_current,18,0.195,0.00046268777533924337,0.00032396188495396395,0.0,1920
1055,0.015,broad,theta_current,19,0.21,0.00034029468789336244,0.0004027253801389722,0.0,1920
1055,0.015,broad,theta_current,20,0.22499999999999998,0.00044519414055132025,0.00032585769618797503,0.0,1920
1055,0.015,broad,theta_current,21,0.24,0.0006762984881988433,0.000514261838296084,0.0,1920
1055,0.015,broad,theta_current,22,0.255,0.00036465941728037397,0.0005952274570558995,0.0,1920
1055,0.015,broad,theta_current,23,0.27,0.0008052535316597755,0.0008013932598714181,0.0,1920
1055,0.015,broad,theta_current,24,0.285,0.0005522649616966387,0.0006091505080078002,0.0,1920
1055,0.015,broad,theta_current,25,0.3,0.0004883374937248915,0.0006770793182035046,0.0,1920
1055,0.015,broad,theta_current,26,0.315,0.00041558612009880803,0.0006720746387229688,0.0,1920
1055,0.015,broad,theta_current,27,0.32999999999999996,0.0005215041630383091,0.0009508175062957424,0.0,1920
1055,0.015,broad,theta_current,28,0.345,0.0004695349745482624,0.0009329606346193982,0.0,1920
1055,0.015,broad,theta_current,29,0.36,0.001702284893496325,0.0011536870097898643,0.0,1920
1055,0.015,broad,joint_current,0,0.0,0.0,0.0,0.011241356241603311,1920
1055,0.015,broad,joint_current,1,0.0,9.554983995243252e-05,9.167210925505875e-05,0.02901773459178553,1920
1055,0.015,broad,joint_current,2,0.0,6.740572519031232e-05,0.00010315106605426406,0.01868366951282093,1920
1055,0.015,broad,joint_current,3,0.0,0.00012456385003459721,0.00012699902056128814,0.01700771633468622,1920
1055,0.015,broad,joint_current,4,0.0,0.00018097358679747223,0.0002063717450677798,0.010521787699516371,1920
1055,0.015,broad,joint_current,5,0.0,6.532624362811253e-05,6.391990665681238e-05,0.0045243668634839754,1920
1055,0.015,broad,joint_current,6,0.015,2.5555009790261306e-05,1.888888698957673e-05,0.015092301746006431,1920
1055,0.015,broad,joint_current,7,0.03,8.343325283622972e-05,0.00010910409528784797,0.0137260763748835,1920
1055,0.015,broad,joint_current,8,0.045,0.0001312281636986819,0.00013775761656223016,0.009790711918348764,1920
1055,0.015,broad,joint_current,9,0.06,5.049783239473578e-05,4.4277472911078736e-05,0.018906214586636452,1920
1055,0.015,broad,joint_current,10,0.075,0.00016643724772005873,0.00021805893684193354,0.010435505085087452,1920
1055,0.015,broad,joint_current,11,0.09,0.00010438382739843444,7.214213813702737e-05,0.03248447580669928,1920
1055,0.015,broad,joint_current,12,0.105,0.00013233596293238167,0.00015759102031263127,0.04354842913869099,1920
1055,0.015,broad,joint_current,13,0.12,0.00035521761871708056,0.0004483701610857792,0.018890775491133303,1920
1055,0.015,broad,joint_current,14,0.135,0.000370986809175617,0.00030736724708542,0.010185057867899323,1944
1055,0.015,broad,joint_current,15,0.15,0.00016641368434629745,0.00021811518734273302,0.010897671079700435,1920
1055,0.015,broad,joint_current,16,0.16499999999999998,0.00020095941617576628,0.00022222832370883842,0.03295072634312404,1920
1055,0.015,broad,joint_current,17,0.18,0.0003766996573582829,0.000265207389854952,0.08698905657963028,1920
1055,0.015,broad,joint_current,18,0.195,9.834640059542129e-05,8.247976256140312e-05,0.05114454628437954,1944
1055,0.015,broad,joint_current,19,0.21,0.00017218256160666262,0.000265504643459215,0.028192417369770895,1920
1055,0.015,broad,joint_current,20,0.22499999999999998,0.0003431729847293876,0.0003315882801528542,0.08279101146156424,1920
1055,0.015,broad,joint_current,21,0.24,0.0002657759087167124,0.0002419594519730943,0.08516340560332665,1920
1055,0.015,broad,joint_current,22,0.255,0.00011271555483423445,0.00022008817014352293,0.04019745184772426,1920
1055,0.015,broad,joint_current,23,0.27,0.0006706460768131809,0.0006822485870579284,0.08379354660384669,1920
1055,0.015,broad,joint_current,24,0.285,0.00029104161861964,0.0002757584326081329,0.07337831239465428,1944
1055,0.015,broad,joint_current,25,0.3,0.00016073671799158535,0.00022159181964835446,0.07606991662730667,1920
1055,0.015,broad,joint_current,26,0.315,0.0003636005095523155,0.00043092424090011193,0.032125660948319756,1920
1055,0.015,broad,joint_current,27,0.32999999999999996,0.00044795704336014004,0.0008124118253046835,0.07929889706178037,1920
1055,0.015,broad,joint_current,28,0.345,0.0002586840289841201,0.00030401436262865147,0.07767390984373959,1920
1055,0.015,broad,joint_current,29,0.36,0.0006041154925691112,0.0005209011078151984,0.06477763918538107,1920
1055,0.015,broad,joint_current_unpenalized,0,0.0,0.0,0.0,0.022163418306782968,1920
1055,0.015,broad,joint_current_unpenalized,1,0.0,0.0001064427185383033,0.00010917828376465087,0.12241533380845163,1920
1055,0.015,broad,joint_current_unpenalized,2,0.0,0.00020109533087475415,0.00022151912428447512,0.07146918088715648,1920
1055,0.015,broad,joint_current_unpenalized,3,0.0,0.00014551919002997677,0.0001503107967928072,0.05175928772805268,1920
1055,0.015,broad,joint_current_unpenalized,4,0.0,0.00019728089287004147,0.00022003217047938045,0.08528074778230149,1920
1055,0.015,broad,joint_current_unpenalized,5,0.0,6.618973934667186e-05,8.789548374069771e-05,0.018316170675797293,1920
1055,0.015,broad,joint_current_unpenalized,6,0.015,2.7476125123476334e-05,2.02744869285618e-05,0.0627691739253294,1920
1055,0.015,broad,joint_current_unpenalized,7,0.03,0.00014407465550603577,0.00016336650865473833,0.015593932032286744,1920
1055,0.015,broad,joint_current_unpenalized,8,0.045,0.0001350994662993008,0.0001438621850661536,0.035747204571292386,1920
1055,0.015,broad,joint_current_unpenalized,9,0.06,6.920321484479253e-05,6.22080363545684e-05,0.042790489294795696,1920
1055,0.015,broad,joint_current_unpenalized,10,0.075,0.00018759961729653452,0.00022016729286128856,0.20487158491900534,1920
1055,0.015,broad,joint_current_unpenalized,11,0.09,9.848955067209634e-05,6.25189451210029e-05,0.1973918898259638,1920
1055,0.015,broad,joint_current_unpenalized,12,0.105,0.00020311962037842924,0.00019975828757352128,0.1273722232151317,1920
1055,0.015,broad,joint_current_unpenalized,13,0.12,0.00035866872513590063,0.00045532446087211327,0.20351313718302377,1920
1055,0.015,broad,joint_current_unpenalized,14,0.135,0.00027119594180241644,0.0002327241109456166,0.19352478381286334,1920
1055,0.015,broad,joint_current_unpenalized,15,0.15,7.189408637714071e-05,6.007112321482662e-05,0.09382331252888616,1920
1055,0.015,broad,joint_current_unpenalized,16,0.16499999999999998,0.00011071096732113761,0.00010836444399782654,0.13304705755673976,1920
1055,0.015,broad,joint_current_unpenalized,17,0.18,0.00022304943827418172,0.00017623918042017746,0.3167043835457201,1920
1055,0.015,broad,joint_current_unpenalized,18,0.195,7.322054244822614e-05,8.237027300855405e-05,0.5136607354784052,1920
1055,0.015,broad,joint_current_unpenalized,19,0.21,0.0002805341591508023,0.0002809158525122246,0.4070333798638491,1920
1055,0.015,broad,joint_current_unpenalized,20,0.22499999999999998,0.0003369477718454946,0.00031028348185523655,0.2695860356074165,1920
1055,0.015,broad,joint_current_unpenalized,21,0.24,0.00017406659018983782,0.0001684062021404504,0.256360634478274,1920
1055,0.015,broad,joint_current_unpenalized,22,0.255,0.00015028861009093648,0.00013556439011842573,0.17758931327948113,1920
1055,0.015,broad,joint_current_unpenalized,23,0.27,0.0007525031082223476,0.000725377603651203,0.4070683447999371,1920
1055,0.015,broad,joint_current_unpenalized,24,0.285,0.00012196243595440408,0.00011887094466946137,0.32563365259344923,1920
1055,0.015,broad,joint_current_unpenalized,25,0.3,8.191035683283788e-05,6.761334057274796e-05,0.2582379887700733,1920
1055,0.015,broad,joint_current_unpenalized,26,0.315,0.0002977945270826689,0.0002640789472549719,0.24519341608929662,1920
1055,0.015,broad,joint_current_unpenalized,27,0.32999999999999996,0.0001116539317568201,9.888993307169666e-05,0.25364972810172404,1920
1055,0.015,broad,joint_current_unpenalized,28,0.345,9.951229103798468e-05,0.00010567583629125061,0.3083323541167531,1920
1055,0.015,broad,joint_current_unpenalized,29,0.36,0.00017268367729564622,0.00016282482787427602,0.24764369360644023,1920
1055,0.015,broad,joint_recent2,0,0.0,0.0,0.0,0.011241356241603311,1920
1055,0.015,broad,joint_recent2,1,0.0,9.554983995243252e-05,9.167210925505875e-05,0.013534493323740496,1920
1055,0.015,broad,joint_recent2,2,0.0,4.2846748326828736e-05,5.856029354727079e-05,0.004020998057269766,1920
1055,0.015,broad,joint_recent2,3,0.0,7.578157652454854e-05,9.204744679391851e-05,0.003136929455172501,1920
1055,0.015,broad,joint_recent2,4,0.0,2.8722277536869623e-05,5.31291129034376e-05,0.006220663845240669,1920
1055,0.015,broad,joint_recent2,5,0.0,3.0216484300726767e-05,3.4209198006420244e-05,0.0053477573303096215,1920
1055,0.015,broad,joint_recent2,6,0.015,2.0520026302174323e-05,1.9402302172708877e-05,0.006996883398051922,1920
1055,0.015,broad,joint_recent2,7,0.03,1.9786288975369163e-05,2.1444867068446163e-05,0.013184799047018409,1920
1055,0.015,broad,joint_recent2,8,0.045,6.825879996727275e-05,6.504744807250587e-05,0.0080176229467108,1920
1055,0.015,broad,joint_recent2,9,0.06,3.174383447358736e-05,4.993221010389501e-05,0.0041027058188052475,1920
1055,0.015,broad,joint_recent2,10,0.075,3.423295247377206e-05,7.508901898012457e-05,0.011095577843914068,1920
1055,0.015,broad,joint_recent2,11,0.09,0.0001652302550268653,0.00011340555311899513,0.036213363456906573,1920
1055,0.015,broad,joint_recent2,12,0.105,0.00012119243269185045,8.738629530123912e-05,0.046499344100798895,1920
1055,0.015,broad,joint_recent2,13,0.12,0.0001833639593293736,0.00025000802379102993,0.04039319895177157,1920
1055,0.015,broad,joint_recent2,14,0.135,5.9599901207321717e-05,4.899584664612413e-05,0.03579752927389122,1920
1055,0.015,broad,joint_recent2,15,0.15,0.00010974733156801804,9.47867100913767e-05,0.02987553771870955,1920
1055,0.015,broad,joint_recent2,16,0.16499999999999998,9.091765621830842e-05,9.682294479204358e-05,0.034165439210665505,1920
1055,0.015,broad,joint_recent2,17,0.18,0.00015329732534338176,0.0001471350594643189,0.07781396054326696,1920
1055,0.015,broad,joint_recent2,18,0.195,8.951617506777747e-05,8.871637875579053e-05,0.073917658319768,1920
1055,0.015,broad,joint_recent2,19,0.21,7.598999541568424e-05,0.00010155802570729775,0.03733829002905934,1920
1055,0.015,broad,joint_recent2,20,0.22499999999999998,0.0002554943710733849,0.0002200351934849725,0.06317023636174961,1920
1055,0.015,broad,joint_recent2,21,0.24,0.0001492838017555663,0.0001547896918303209,0.09152312530811614,1920
1055,0.015,broad,joint_recent2,22,0.255,0.00012524293566130935,0.00015444399849065578,0.06171117748037197,1920
1055,0.015,broad,joint_recent2,23,0.27,0.0002597556238102268,0.00030161289643800123,0.06784485534637176,1920
1055,0.015,broad,joint_recent2,24,0.285,0.00016374335576585153,0.00020865197419438498,0.0807661643728456,1920
1055,0.015,broad,joint_recent2,25,0.3,0.00015479215140363288,0.00019012848143896893,0.06597767346582029,1920
1055,0.015,broad,joint_recent2,26,0.315,0.00020549247290481027,0.00028967533365815024,0.06457802411288624,1920
1055,0.015,broad,joint_recent2,27,0.32999999999999996,0.0003444689258184988,0.0003476044954487495,0.06859267574438987,1920
1055,0.015,broad,joint_recent2,28,0.345,0.0001860659087831543,0.00034320148867519017,0.09028169590522617,1920
1055,0.015,broad,joint_recent2,29,0.36,0.0003916258843543378,0.0003082254148090992,0.10221607493258338,1920
1055,0.04,narrow,theta_current,0,0.0,0.0,0.0,0.0,1920
1055,0.04,narrow,theta_current,1,0.0,4.1127701248380335e-05,0.0014043237152101605,0.0,1920
1055,0.04,narrow,theta_current,2,0.0,1.4561147002984865e-05,0.0037058784604768065,0.0,1920
1055,0.04,narrow,theta_current,3,0.0,0.00010883249364945384,0.0048712666823283405,0.0,1920
1055,0.04,narrow,theta_current,4,0.0,3.682343869929011e-05,0.014457508284732837,0.0,1920
1055,0.04,narrow,theta_current,5,0.0,1.2093744794946055e-05,0.006459762822770486,0.0,1920
1055,0.04,narrow,theta_current,6,0.04,3.823688666051638e-05,0.018302972973390664,0.0,1920
1055,0.04,narrow,theta_current,7,0.08,8.575406622203962e-05,0.01622214265617423,0.0,1920
1055,0.04,narrow,theta_current,8,0.12,0.00014740125282233267,0.024807296480168814,0.0,1920
1055,0.04,narrow,theta_current,9,0.16,3.84292082860985e-05,0.016061508979179826,0.0,1920
1055,0.04,narrow,theta_current,10,0.2,0.00019498175005408597,0.025313356672216483,0.0,1920
1055,0.04,narrow,theta_current,11,0.24,7.939403645658297e-05,0.02070148794657284,0.0,1920
1055,0.04,narrow,theta_current,12,0.28,0.00016575322496435504,0.023925893459172263,0.0,1920
1055,0.04,narrow,theta_current,13,0.32,2.0119213583196124e-05,0.013463792242996224,0.0,1920
1055,0.04,narrow,theta_current,14,0.36,5.838930320558686e-05,0.004612378010476155,0.0,1920
1055,0.04,narrow,theta_current,15,0.4,5.550725958950887e-05,0.0025534736492938068,0.0,1920
1055,0.04,narrow,theta_current,16,0.44,9.510631415014126e-06,0.003369960927468829,0.0,1920
1055,0.04,narrow,theta_current,17,0.48,0.00015328190571404208,0.004471078039383656,0.0,1920
1055,0.04,narrow,theta_current,18,0.52,5.800275003049678e-05,0.006095392855882794,0.0,1920
1055,0.04,narrow,theta_current,19,0.56,1.7217994359197742e-05,0.02378982723422616,0.0,1920
1055,0.04,narrow,theta_current,20,0.6,7.907817189330931e-05,0.011023282619066474,0.0,1920
1055,0.04,narrow,theta_current,21,0.64,7.580019569733393e-05,0.0069303378687557236,0.0,1920
1055,0.04,narrow,theta_current,22,0.65,5.762976983120373e-06,0.01231792147841639,0.0,1920
1055,0.04,narrow,theta_current,23,0.65,0.00020159555010421226,0.006797496438305415,0.0,1920
1055,0.04,narrow,theta_current,24,0.65,4.404087639995789e-05,0.010629805677473602,0.0,1920
1055,0.04,narrow,theta_current,25,0.65,2.42271087961343e-05,0.029218662916413795,0.0,1920
1055,0.04,narrow,theta_current,26,0.65,0.00014109297552564033,0.008352395359130186,0.0,1920
1055,0.04,narrow,theta_current,27,0.65,2.5663717093056282e-05,0.016693817114455622,0.0,1920
1055,0.04,narrow,theta_current,28,0.65,4.466085567335446e-05,0.008278309683547078,0.0,1920
1055,0.04,narrow,theta_current,29,0.65,6.56124018574948e-05,0.011650369434742555,0.0,1920
1055,0.04,narrow,joint_current,0,0.0,0.0,0.0,0.001113742261476936,1920
1055,0.04,narrow,joint_current,1,0.0,4.109164081150568e-05,0.0014705776033701377,0.001961649298947334,1920
1055,0.04,narrow,joint_current,2,0.0,1.4391217993396375e-05,0.0040798518107820194,0.0006575249906445772,1920
1055,0.04,narrow,joint_current,3,0.0,0.00010876433018574226,0.005119408258555837,0.002419916935038304,1920
1055,0.04,narrow,joint_current,4,0.0,3.6732912122511154e-05,0.015437887625532259,0.0019418225677807497,1920
1055,0.04,narrow,joint_current,5,0.0,1.1947021289902783e-05,0.00662825731563691,0.0010699111898861027,1920
1055,0.04,narrow,joint_current,6,0.04,3.807547093076456e-05,0.019147578478892723,0.0011759611112428113,1920
1055,0.04,narrow,joint_current,7,0.08,8.57320728196523e-05,0.016231327846192196,0.0036985957936688375,1920
1055,0.04,narrow,joint_current,8,0.12,0.00014740979542615727,0.02708932491001411,0.0015290362837573658,1920
1055,0.04,narrow,joint_current,9,0.16,3.809783042763073e-05,0.016079666980871432,0.0011540010263666925,1920
1055,0.04,narrow,joint_current,10,0.2,0.00019565762402418184,0.025918484778094532,0.0010029077614590977,1920
1055,0.04,narrow,joint_current,11,0.24,7.929531203187062e-05,0.021026759145591264,0.0015188665066169064,1920
1055,0.04,narrow,joint_current,12,0.28,0.00016550777324559005,0.02371589509590498,0.0008437368704309816,1920
1055,0.04,narrow,joint_current,13,0.32,1.9844140915014085e-05,0.014081428266834133,0.005026582033720236,1920
1055,0.04,narrow,joint_current,14,0.36,5.823753809436537e-05,0.004146021231197604,0.0012569259253670407,1920
1055,0.04,narrow,joint_current,15,0.4,5.535361567145388e-05,0.0024361149483794284,0.00149279332564007,1920
1055,0.04,narrow,joint_current,16,0.44,9.269569957719552e-06,0.003394842471221256,0.0028298227684342412,1920
1055,0.04,narrow,joint_current,17,0.48,0.00015308678494729995,0.004600163578292673,0.0006372998155384018,1920
1055,0.04,narrow,joint_current,18,0.52,5.7945527098329775e-05,0.005805630676088554,0.002267948637540706,1920
1055,0.04,narrow,joint_current,19,0.56,1.7142243203513392e-05,0.023679524652087426,0.002503708793743206,1920
1055,0.04,narrow,joint_current,20,0.6,7.897426031396238e-05,0.010138493659951623,0.0012515214906812194,1920
1055,0.04,narrow,joint_current,21,0.64,7.539129237143213e-05,0.006824924810418319,0.0016451086374866311,1920
1055,0.04,narrow,joint_current,22,0.65,5.717892187030777e-06,0.011565726318409245,0.001711131160081277,1920
1055,0.04,narrow,joint_current,23,0.65,0.0002004535440398926,0.006639223175097149,0.0031404389641583163,1920
1055,0.04,narrow,joint_current,24,0.65,4.336767628843646e-05,0.009465419251274598,0.0025295861212766245,1920
1055,0.04,narrow,joint_current,25,0.65,2.3771899702106378e-05,0.027493595943055237,0.002762451349231609,1920
1055,0.04,narrow,joint_current,26,0.65,0.00014157769108045032,0.00789264954709036,0.0011315584913614935,1920
1055,0.04,narrow,joint_current,27,0.65,2.5866319303176712e-05,0.01515801310747723,0.001404363482160879,1920
1055,0.04,narrow,joint_current,28,0.65,4.4680735338839305e-05,0.007553706891679406,0.0007035959627132369,1920
1055,0.04,narrow,joint_current,29,0.65,6.582398378765111e-05,0.010664353587129763,0.0042435587323491385,1920
1055,0.04,narrow,joint_current_unpenalized,0,0.0,0.0,0.0,0.02842972733833521,1920
1055,0.04,narrow,joint_current_unpenalized,1,0.0,3.929815853968816e-05,0.007260638068801693,0.05008043287287157,1920
1055,0.04,narrow,joint_current_unpenalized,2,0.0,2.3308922784917954e-05,0.023247947258694758,0.05970706201073866,1920
1055,0.04,narrow,joint_current_unpenalized,3,0.0,0.00010516907473514315,0.03178891469127032,0.123927717668485,1920
1055,0.04,narrow,joint_current_unpenalized,4,0.0,2.7561311877488288e-05,0.10595894179362861,0.14665891352555022,1920
1055,0.04,narrow,joint_current_unpenalized,5,0.0,1.5906710037111948e-05,0.13678844956265532,0.12297211362578762,1920
1055,0.04,narrow,joint_current_unpenalized,6,0.04,4.7091677584662587e-05,0.11819896830627546,0.0827707390917321,1920
1055,0.04,narrow,joint_current_unpenalized,7,0.08,8.534739775594424e-05,0.05731645545249041,0.13019395631877803,1944
1055,0.04,narrow,joint_current_unpenalized,8,0.12,0.00016184014590175426,0.10413180420693109,0.1287779384936758,1920
1055,0.04,narrow,joint_current_unpenalized,9,0.16,3.7139773847004215e-05,0.0919834965566331,0.08894082543078284,1920
1055,0.04,narrow,joint_current_unpenalized,10,0.2,0.0001892040138479419,0.06283286590557592,0.05734864245588319,1920
1055,0.04,narrow,joint_current_unpenalized,11,0.24,6.985308815013512e-05,0.01720585616327079,0.059471646008480726,1920
1055,0.04,narrow,joint_current_unpenalized,12,0.28,0.00015361780062989682,0.00588635324091983,0.046254853880005,1920
1055,0.04,narrow,joint_current_unpenalized,13,0.32,2.033152428991463e-05,0.0020806592025814277,0.1381023327059676,1920
1055,0.04,narrow,joint_current_unpenalized,14,0.36,4.9510401318133495e-05,0.01965012619845936,0.15662805475536612,1920
1055,0.04,narrow,joint_current_unpenalized,15,0.4,5.4187921538128143e-05,0.04172207480707546,0.1318485491477106,1920
1055,0.04,narrow,joint_current_unpenalized,16,0.44,8.529686308160297e-06,0.022664178018578066,0.19415571463607556,1920
1055,0.04,narrow,joint_current_unpenalized,17,0.48,0.00014923712406483816,0.04903580415751396,0.15203287386293426,1920
1055,0.04,narrow,joint_current_unpenalized,18,0.52,5.822816832945742e-05,0.04819120902883309,0.19095698073712,1920
1055,0.04,narrow,joint_current_unpenalized,19,0.56,1.8401137458879625e-05,0.0888552553811162,0.13365178851997656,1920
1055,0.04,narrow,joint_current_unpenalized,20,0.6,7.879054442761723e-05,0.052952564985237094,0.08908167351739568,1920
1055,0.04,narrow,joint_current_unpenalized,21,0.64,7.314450397439512e-05,0.016677354660537817,0.09737375055183212,1944
1055,0.04,narrow,joint_current_unpenalized,22,0.65,6.079406710774868e-06,0.03866533588838957,0.07097822544413665,1920
1055,0.04,narrow,joint_current_unpenalized,23,0.65,0.0001957028319953977,0.014118015596600952,0.023638143382998914,1920
1055,0.04,narrow,joint_current_unpenalized,24,0.65,3.473814861680862e-05,0.010320133243985145,0.036566105556361445,1944
1055,0.04,narrow,joint_current_unpenalized,25,0.65,2.11319883289224e-05,0.019221742008592238,0.03474293301864933,1920
1055,0.04,narrow,joint_current_unpenalized,26,0.65,0.00014184823151879535,0.008715134399697224,0.04146491755161394,1920
1055,0.04,narrow,joint_current_unpenalized,27,0.65,2.5949621498943853e-05,0.011968821358547911,0.041853412942135695,1920
1055,0.04,narrow,joint_current_unpenalized,28,0.65,4.7238777709927013e-05,0.00883933682225959,0.03956147347884355,1920
1055,0.04,narrow,joint_current_unpenalized,29,0.65,6.58363412555397e-05,0.007028719865875613,0.060051695302688536,1944
1055,0.04,narrow,joint_recent2,0,0.0,0.0,0.0,0.001113742261476936,1920
1055,0.04,narrow,joint_recent2,1,0.0,4.109164081150568e-05,0.0014705776033701377,0.0024210760086308073,1920
1055,0.04,narrow,joint_recent2,2,0.0,1.1230357592224653e-06,6.950535825614233e-05,0.0035075589625733696,1920
1055,0.04,narrow,joint_recent2,3,0.0,1.6627181930340373e-05,0.0044925174082838,0.0028365426348474373,1920
1055,0.04,narrow,joint_recent2,4,0.0,2.9822079682997305e-05,0.00843012982386103,0.004216764114114365,1920
1055,0.04,narrow,joint_recent2,5,0.0,4.319829845307065e-06,0.004311604027807316,0.0008694082499961695,1920
1055,0.04,narrow,joint_recent2,6,0.04,2.7708238155805274e-05,0.005775743693006881,0.0015752597687706956,1920
1055,0.04,narrow,joint_recent2,7,0.08,6.551407855019095e-05,0.005037136399763199,0.001173114652510815,1920
1055,0.04,narrow,joint_recent2,8,0.12,0.00011749665097678867,0.008540325057095812,0.0009970602984883388,1920
1055,0.04,narrow,joint_recent2,9,0.16,0.00011233486192778498,0.009898416783624523,0.0016804005877432144,1920
1055,0.04,narrow,joint_recent2,10,0.2,0.00013747591775584918,0.00933715480960399,0.0040575988450153744,1920
1055,0.04,narrow,joint_recent2,11,0.24,0.00022967219988972456,0.017313289997435515,0.0005869917995077119,1920
1055,0.04,narrow,joint_recent2,12,0.28,0.00021347277310923077,0.014122042744260415,0.000794143559358648,1920
1055,0.04,narrow,joint_recent2,13,0.32,0.00010743185701228446,0.014648859616498854,0.002162099809816289,1920
1055,0.04,narrow,joint_recent2,14,0.36,5.7760333514353825e-05,0.00929183198442959,0.0024093565904047265,1920
1055,0.04,narrow,joint_recent2,15,0.4,8.889545220655894e-05,0.005522879763711455,0.001026241526243603,1920
1055,0.04,narrow,joint_recent2,16,0.44,7.760351273516834e-05,0.004552948647800564,0.0035413004863067265,1920
1055,0.04,narrow,joint_recent2,17,0.48,8.174364670983528e-05,0.008044980037668948,0.002009273861253935,1920
1055,0.04,narrow,joint_recent2,18,0.52,7.623211734493429e-05,0.004561812289564857,0.0025014026732315627,1920
1055,0.04,narrow,joint_recent2,19,0.56,1.9211058785328293e-05,0.003960114325682591,0.0023191762249264846,1920
1055,0.04,narrow,joint_recent2,20,0.6,2.8601887287239852e-05,0.005803603563906577,0.0029379456362583524,1920
1055,0.04,narrow,joint_recent2,21,0.64,8.252324902186007e-05,0.005623610032940358,0.0006229399836970467,1920
1055,0.04,narrow,joint_recent2,22,0.65,1.7440777484136417e-05,0.005075195010652321,0.00172351918761249,1920
1055,0.04,narrow,joint_recent2,23,0.65,5.856175832843773e-05,0.005524314694705342,0.001345226460259157,1920
1055,0.04,narrow,joint_recent2,24,0.65,2.1599854465841437e-05,0.005586801141286772,0.004057232962620637,1920
1055,0.04,narrow,joint_recent2,25,0.65,2.4741584405434387e-05,0.009475285001159411,0.002942818914975769,1920
1055,0.04,narrow,joint_recent2,26,0.65,2.5581740055893545e-05,0.006805603172592534,0.0037554468633375446,1920
1055,0.04,narrow,joint_recent2,27,0.65,5.601179430544707e-05,0.005818342840692026,0.0013070104943906456,1920
1055,0.04,narrow,joint_recent2,28,0.65,2.2254235656560706e-05,0.006515285573170231,0.0002024150244418341,1920
1055,0.04,narrow,joint_recent2,29,0.65,6.647137285640583e-05,0.006532111536476996,0.0030174101662078893,1920
1055,0.04,broad,theta_current,0,0.0,0.0,0.0,0.0,1920
1055,0.04,broad,theta_current,1,0.0,3.617413811865352e-05,4.402735349979258e-05,0.0,1920
1055,0.04,broad,theta_current,2,0.0,7.581243912816989e-05,5.739658055137561e-05,0.0,1920
1055,0.04,broad,theta_current,3,0.0,6.109006522221631e-05,8.125907337847601e-05,0.0,1920
1055,0.04,broad,theta_current,4,0.0,0.00011409540618135027,0.0001537572901125606,0.0,1920
1055,0.04,broad,theta_current,5,0.0,5.737357750156075e-05,5.5631372750777655e-05,0.0,1920
1055,0.04,broad,theta_current,6,0.04,2.8769561899243072e-05,2.6216024423005428e-05,0.0,1920
1055,0.04,broad,theta_current,7,0.08,0.00012173078307591146,0.00010558593110280586,0.0,1920
1055,0.04,broad,theta_current,8,0.12,0.00014845366356137043,0.00012535323101123453,0.0,1920
1055,0.04,broad,theta_current,9,0.16,0.00021682807699693386,0.00022592725388681208,0.0,1920
1055,0.04,broad,theta_current,10,0.2,0.000204813567982879,0.0004395827241344386,0.0,1920
1055,0.04,broad,theta_current,11,0.24,0.000722780180551671,0.000520551223839602,0.0,1920
1055,0.04,broad,theta_current,12,0.28,0.0006412360964000017,0.0008413745995570886,0.0,1920
1055,0.04,broad,theta_current,13,0.32,0.0011933125922232218,0.0011440993351734701,0.0,1920
1055,0.04,broad,theta_current,14,0.36,0.0012740066344121804,0.001123122339638959,0.0,1920
1055,0.04,broad,theta_current,15,0.4,0.0010623074114012917,0.0010935273369022769,0.0,1920
1055,0.04,broad,theta_current,16,0.44,0.0023650095970027224,0.001764921567306732,0.0,1920
1055,0.04,broad,theta_current,17,0.48,0.003780503790986201,0.00230312707368075,0.0,1920
1055,0.04,broad,theta_current,18,0.52,0.003073057031982053,0.002237217932644613,0.0,1920
1055,0.04,broad,theta_current,19,0.56,0.003115309756897656,0.00237009785337311,0.0,1944
1055,0.04,broad,theta_current,20,0.6,0.002597815951277401,0.0026247795136345566,0.0,1920
1055,0.04,broad,theta_current,21,0.64,0.003286895860235215,0.0030821821365031835,0.0,1920
1055,0.04,broad,theta_current,22,0.65,0.0019403984016055224,0.003173117959669139,0.0,1920
1055,0.04,broad,theta_current,23,0.65,0.004770861415843096,0.00435569272884074,0.0,1920
1055,0.04,broad,theta_current,24,0.65,0.005772298341151907,0.004570099220074911,0.0,1944
1055,0.04,broad,theta_current,25,0.65,0.0021262973518361337,0.0031835405251149267,0.0,1920
1055,0.04,broad,theta_current,26,0.65,0.003268293604494327,0.003252521653994853,0.0,1920
1055,0.04,broad,theta_current,27,0.65,0.003707171235950837,0.004408953051564725,0.0,1920
1055,0.04,broad,theta_current,28,0.65,0.0018912087430897088,0.00341842250704689,0.0,1920
1055,0.04,broad,theta_current,29,0.65,0.005044615766068572,0.0037568795255259954,0.0,1944
1055,0.04,broad,joint_current,0,0.0,0.0,0.0,0.011241356241603311,1920
1055,0.04,broad,joint_current,1,0.0,9.554983995243252e-05,9.167210925505875e-05,0.02901773459178553,1920
1055,0.04,broad,joint_current,2,0.0,6.740572519031232e-05,0.00010315106605426406,0.01868366951282093,1920
1055,0.04,broad,joint_current,3,0.0,0.00012456385003459721,0.00012699902056128814,0.01700771633468622,1920
1055,0.04,broad,joint_current,4,0.0,0.00018097358679747223,0.0002063717450677798,0.010521787699516371,1920
1055,0.04,broad,joint_current,5,0.0,6.532624362811253e-05,6.391990665681238e-05,0.0045243668634839754,1920
1055,0.04,broad,joint_current,6,0.04,3.541022232143109e-05,3.420496860702992e-05,0.010967988151779625,1920
1055,0.04,broad,joint_current,7,0.08,0.000134461932824639,0.0001490445421605372,0.018850282846702593,1920
1055,0.04,broad,joint_current,8,0.12,0.0001256514137102299,0.00012658979164375503,0.018620349569487396,1920
1055,0.04,broad,joint_current,9,0.16,0.0001465454560610895,0.00012813353008423053,0.047780281479622065,1920
1055,0.04,broad,joint_current,10,0.2,0.00018847969830585574,0.00036058253555821385,0.026092851050859255,1920
1055,0.04,broad,joint_current,11,0.24,0.0006239417293463491,0.00036500486156632874,0.022122373892716065,1944
1055,0.04,broad,joint_current,12,0.28,0.000623934091995983,0.0010486381896677843,0.08205480294895681,1944
1055,0.04,broad,joint_current,13,0.32,0.0003086452592569165,0.00034772206436170516,0.0792164833383592,1920
1055,0.04,broad,joint_current,14,0.36,0.0006555751913543347,0.0005223836533846137,0.10243260188795161,1920
1055,0.04,broad,joint_current,15,0.4,0.0002580047036084966,0.00021800548103260747,0.10463614907774946,1920
1055,0.04,broad,joint_current,16,0.44,0.0004521351584256407,0.00038249424223508994,0.11282821951826512,1920
1055,0.04,broad,joint_current,17,0.48,0.0010281838783289673,0.0006706153601255472,0.12427435166335798,1920
1055,0.04,broad,joint_current,18,0.52,0.00030769364487520363,0.00033967046296273643,0.14303705059414656,1920
1055,0.04,broad,joint_current,19,0.56,0.0003352143009320207,0.0003910590253644565,0.11796446860359887,1920
1055,0.04,broad,joint_current,20,0.6,0.0008781740372767122,0.0009798988477541393,0.14609120647841334,1920
1055,0.04,broad,joint_current,21,0.64,0.0009552412686836318,0.0006468618057994507,0.154265272700911,1920
1055,0.04,broad,joint_current,22,0.65,0.00014901947223852028,0.00034956561407477045,0.11642698352498694,1920
1055,0.04,broad,joint_current,23,0.65,0.0006421788202277784,0.0006055047996675153,0.15704304530964056,1920
1055,0.04,broad,joint_current,24,0.65,0.00032333747261475623,0.00025238343494065366,0.1254871445385135,1920
1055,0.04,broad,joint_current,25,0.65,0.00039914933779785345,0.0006782979451689649,0.12114311422098677,1920
1055,0.04,broad,joint_current,26,0.65,0.0008004179772797012,0.0007265619549389008,0.13290172387174085,1920
1055,0.04,broad,joint_current,27,0.65,0.0007294354299640134,0.0007270545584036117,0.14459210641303294,1920
1055,0.04,broad,joint_current,28,0.65,0.0002523884630855527,0.00027206749280537574,0.146577933444291,1920
1055,0.04,broad,joint_current,29,0.65,0.00020428831474007708,0.0002393118568332152,0.11503806228855816,1920
1055,0.04,broad,joint_current_unpenalized,0,0.0,0.0,0.0,0.022163418306782968,1920
1055,0.04,broad,joint_current_unpenalized,1,0.0,0.0001064427185383033,0.00010917828376465087,0.12241533380845163,1920
1055,0.04,broad,joint_current_unpenalized,2,0.0,0.00020109533087475415,0.00022151912428447512,0.07146918088715648,1920
1055,0.04,broad,joint_current_unpenalized,3,0.0,0.00014551919002997677,0.0001503107967928072,0.05175928772805268,1920
1055,0.04,broad,joint_current_unpenalized,4,0.0,0.00019728089287004147,0.00022003217047938045,0.08528074778230149,1920
1055,0.04,broad,joint_current_unpenalized,5,0.0,6.618973934667186e-05,8.789548374069771e-05,0.018316170675797293,1920
1055,0.04,broad,joint_current_unpenalized,6,0.04,4.070165198656232e-05,3.9116138719351106e-05,0.036973001379885496,1920
1055,0.04,broad,joint_current_unpenalized,7,0.08,0.00018385096938003314,0.00019129764869416687,0.05425629423995449,1920
1055,0.04,broad,joint_current_unpenalized,8,0.12,0.00010572583686127344,0.00012592629711311916,0.11556926267282244,1920
1055,0.04,broad,joint_current_unpenalized,9,0.16,9.006559887691456e-05,8.934638208157433e-05,0.14933184888797368,1920
1055,0.04,broad,joint_current_unpenalized,10,0.2,0.0001875938988367753,0.0002884426244177015,0.2971521136036225,1920
1055,0.04,broad,joint_current_unpenalized,11,0.24,0.00014834855033300963,0.00010440501132956336,0.36093172606864604,1920
1055,0.04,broad,joint_current_unpenalized,12,0.28,0.0003298966626058392,0.00028388994370591,0.279415666802933,1920
1055,0.04,broad,joint_current_unpenalized,13,0.32,0.0003429567436566392,0.00034755085705417786,0.4126114200147878,1944
1055,0.04,broad,joint_current_unpenalized,14,0.36,0.00015234960206832591,0.00013790984997042697,0.42761388557253655,1920
1055,0.04,broad,joint_current_unpenalized,15,0.4,9.930332748953584e-05,5.9380049790704895e-05,0.29413048292162586,1920
1055,0.04,broad,joint_current_unpenalized,16,0.44,0.00019274783975877573,0.00023085011320188764,0.48328756680800444,1920
1055,0.04,broad,joint_current_unpenalized,17,0.48,0.00036764813338655564,0.00031470117423061,0.4497306727664379,1920
1055,0.04,broad,joint_current_unpenalized,18,0.52,8.354621001412071e-05,8.194538478763471e-05,0.6163401049643139,1920
1055,0.04,broad,joint_current_unpenalized,19,0.56,0.00019961051123518043,0.00022164877101523206,0.6855194522267225,1920
1055,0.04,broad,joint_current_unpenalized,20,0.6,0.0004726800674714647,0.00043253049834986645,0.5911449464243568,1920
1055,0.04,broad,joint_current_unpenalized,21,0.64,0.0004290301830140407,0.00031992474295854275,0.5103767147695705,1920
1055,0.04,broad,joint_current_unpenalized,22,0.65,0.00016327790411850435,0.00013298026461489067,0.6871331295772348,1920
1055,0.04,broad,joint_current_unpenalized,23,0.65,0.000390041336760259,0.0003847551884340839,0.6553871399326,1920
1055,0.04,broad,joint_current_unpenalized,24,0.65,0.00014257083198960377,0.00013433893353760295,0.5784629351862515,1920
1055,0.04,broad,joint_current_unpenalized,25,0.65,7.05884241885354e-05,6.444815381713285e-05,0.6259273923351107,1920
1055,0.04,broad,joint_current_unpenalized,26,0.65,0.00030990677935599525,0.0002803882951442508,0.5516866176207739,1920
1055,0.04,broad,joint_current_unpenalized,27,0.65,7.251431225554312e-05,6.935534506062534e-05,0.5380216534003139,1920
1055,0.04,broad,joint_current_unpenalized,28,0.65,5.177098118145392e-05,7.640584629911974e-05,0.6400633161247387,1920
1055,0.04,broad,joint_current_unpenalized,29,0.65,0.0001618145535633069,0.00015988474282155796,0.7302202551613508,1920
1055,0.04,broad,joint_recent2,0,0.0,0.0,0.0,0.011241356241603311,1920
1055,0.04,broad,joint_recent2,1,0.0,9.554983995243252e-05,9.167210925505875e-05,0.013534493323740496,1920
1055,0.04,broad,joint_recent2,2,0.0,4.2846748326828736e-05,5.856029354727079e-05,0.004020998057269766,1920
1055,0.04,broad,joint_recent2,3,0.0,7.578157652454854e-05,9.204744679391851e-05,0.003136929455172501,1920
1055,0.04,broad,joint_recent2,4,0.0,2.8722277536869623e-05,5.31291129034376e-05,0.006220663845240669,1920
1055,0.04,broad,joint_recent2,5,0.0,3.0216484300726767e-05,3.4209198006420244e-05,0.0053477573303096215,1920
1055,0.04,broad,joint_recent2,6,0.04,2.341356981665568e-05,2.9726006592826856e-05,0.003339006857344377,1920
1055,0.04,broad,joint_recent2,7,0.08,0.00011136879220542942,9.16183518810818e-05,0.012754445457371925,1920
1055,0.04,broad,joint_recent2,8,0.12,0.0001074867042396225,0.00011436399358098453,0.013870752715403655,1920
1055,0.04,broad,joint_recent2,9,0.16,0.0001425987141962325,0.00013544552655345052,0.02895320840152731,1920
1055,0.04,broad,joint_recent2,10,0.2,9.853176274328441e-05,0.0002801697629873141,0.04052653733605413,1920
1055,0.04,broad,joint_recent2,11,0.24,0.000642448078910732,0.0004783782813776629,0.0816660667367249,1920
1055,0.04,broad,joint_recent2,12,0.28,0.0004410651470096597,0.00038061384540719024,0.06701557186397429,1920
1055,0.04,broad,joint_recent2,13,0.32,0.0008344847408722788,0.0008569496964734299,0.10032423667717533,1920
1055,0.04,broad,joint_recent2,14,0.36,0.00037662118578099475,0.0003279415727456028,0.12844840074580136,1920
1055,0.04,broad,joint_recent2,15,0.4,0.00032216638756935907,0.00032784939891800595,0.12015913068102226,1920
1055,0.04,broad,joint_recent2,16,0.44,0.0005654679020284325,0.0005142175000910638,0.13916337687768976,1920
1055,0.04,broad,joint_recent2,17,0.48,0.0005599218056238983,0.0007387410811359753,0.17608206305080773,1920
1055,0.04,broad,joint_recent2,18,0.52,0.0006024626070983211,0.0006154856980243696,0.17821278977552477,1920
1055,0.04,broad,joint_recent2,19,0.56,0.0004317778066547711,0.0005378105433334773,0.16150276328442953,1920
1055,0.04,broad,joint_recent2,20,0.6,0.0008660562988423801,0.000870663913983093,0.185596388573386,1920
1055,0.04,broad,joint_recent2,21,0.64,0.0010566672283676983,0.0009389139205581198,0.21610491589662353,1920
1055,0.04,broad,joint_recent2,22,0.65,0.00041443856033278846,0.0004732129579218796,0.19311682323934037,1920
1055,0.04,broad,joint_recent2,23,0.65,0.0005727658756904698,0.0006301415601021698,0.19595191880746696,1920
1055,0.04,broad,joint_recent2,24,0.65,0.0005103825680980617,0.0005472886032481328,0.21139947293588515,1920
1055,0.04,broad,joint_recent2,25,0.65,0.0005090066640813399,0.0005301659518291306,0.1858650159253744,1968
1055,0.04,broad,joint_recent2,26,0.65,0.0005303898631118994,0.0006116954952495217,0.1887086255595171,1920
1055,0.04,broad,joint_recent2,27,0.65,0.0005881829998658208,0.0006528347562756672,0.19086390564324457,1920
1055,0.04,broad,joint_recent2,28,0.65,0.0004313114683179055,0.0006054014481732938,0.1986982802077477,1920
1055,0.04,broad,joint_recent2,29,0.65,0.000583621079722301,0.0005136807229104234,0.23357780245831736,1968
1056,0.015,narrow,theta_current,0,0.0,0.0,0.0,0.0,1920
1056,0.015,narrow,theta_current,1,0.0,4.5708843573268195e-05,0.000705296061537759,0.0,1920
1056,0.015,narrow,theta_current,2,0.0,2.5615042131547472e-05,0.002467105334770362,0.0,1920
1056,0.015,narrow,theta_current,3,0.0,0.00016637764866841108,0.014715540309339015,0.0,1920
1056,0.015,narrow,theta_current,4,0.0,4.366620204579143e-05,0.0016695342321871945,0.0,1920
1056,0.015,narrow,theta_current,5,0.0,0.0001239574901405547,0.009358626275954731,0.0,1920
1056,0.015,narrow,theta_current,6,0.015,0.0001317228637346541,0.0083937492791246,0.0,1920
1056,0.015,narrow,theta_current,7,0.03,0.0003016658023924923,0.018952302056119637,0.0,1920
1056,0.015,narrow,theta_current,8,0.045,0.00024489062779619746,0.007612991886477483,0.0,1920
1056,0.015,narrow,theta_current,9,0.06,0.000384940060757016,0.0028669707100097285,0.0,1920
1056,0.015,narrow,theta_current,10,0.075,0.00027043745635905585,0.003515026441642315,0.0,1920
1056,0.015,narrow,theta_current,11,0.09,0.00010149161634598808,0.004758182792043924,0.0,1920
1056,0.015,narrow,theta_current,12,0.105,0.00025375797116112734,0.024118575349650118,0.0,1920
1056,0.015,narrow,theta_current,13,0.12,0.00013211662166755865,0.008006743603135962,0.0,1920
1056,0.015,narrow,theta_current,14,0.135,0.00014185449038734134,0.007381082695975023,0.0,1920
1056,0.015,narrow,theta_current,15,0.15,6.86621575875649e-05,0.008107768472852958,0.0,1920
1056,0.015,narrow,theta_current,16,0.16499999999999998,0.00012419595346324563,0.021362676880585036,0.0,1920
1056,0.015,narrow,theta_current,17,0.18,8.216130124814132e-05,0.00959185912017974,0.0,1920
1056,0.015,narrow,theta_current,18,0.195,0.00018275810781149193,0.016156432442131222,0.0,1920
1056,0.015,narrow,theta_current,19,0.21,2.885640725864259e-05,0.010072892987543696,0.0,1920
1056,0.015,narrow,theta_current,20,0.22499999999999998,6.94889912193285e-05,0.009927890184826925,0.0,1920
1056,0.015,narrow,theta_current,21,0.24,3.756337559732438e-05,0.01007286272070195,0.0,1920
1056,0.015,narrow,theta_current,22,0.255,0.00018980044260623013,0.0136370366315346,0.0,1920
1056,0.015,narrow,theta_current,23,0.27,4.38067027298194e-05,0.008842205426806684,0.0,1920
1056,0.015,narrow,theta_current,24,0.285,1.376138052150841e-06,0.010991388165422403,0.0,1920
1056,0.015,narrow,theta_current,25,0.3,0.00010018225129456647,0.011372633689437021,0.0,1920
1056,0.015,narrow,theta_current,26,0.315,1.2984854232001036e-05,0.00814654896623308,0.0,1920
1056,0.015,narrow,theta_current,27,0.32999999999999996,4.2256087257009625e-05,0.007867111127836855,0.0,1920
1056,0.015,narrow,theta_current,28,0.345,4.715470701105377e-05,0.006826850264156814,0.0,1920
1056,0.015,narrow,theta_current,29,0.36,0.00010749465892967078,0.0106606471644069,0.0,1920
1056,0.015,narrow,joint_current,0,0.0,0.0,0.0,0.00013533677415890924,1920
1056,0.015,narrow,joint_current,1,0.0,4.565184323381054e-05,0.0007016820608221375,0.0025631537704466564,1920
1056,0.015,narrow,joint_current,2,0.0,2.5511742458853428e-05,0.0026212535812490815,0.003483349733036777,1920
1056,0.015,narrow,joint_current,3,0.0,0.00016590193862349654,0.01529320136928937,0.002145899423108595,1920
1056,0.015,narrow,joint_current,4,0.0,4.2918294501543816e-05,0.0015549976002149045,0.003488347292741054,1920
1056,0.015,narrow,joint_current,5,0.0,0.00012383738334546725,0.008782453400238765,0.002163716131150693,1920
1056,0.015,narrow,joint_current,6,0.015,0.0001311638522407654,0.007162151098680313,0.004246784725498031,1920
1056,0.015,narrow,joint_current,7,0.03,0.0003014011037976106,0.018466232398048663,0.001531084545948471,1920
1056,0.015,narrow,joint_current,8,0.045,0.00024556603655628405,0.00696418751167316,0.0018174884955032412,1920
1056,0.015,narrow,joint_current,9,0.06,0.0003836724005451348,0.0030183984806109085,0.0004981379086900469,1920
1056,0.015,narrow,joint_current,10,0.075,0.00027078803545122816,0.0035092951390213014,0.00013178081780746545,1920
1056,0.015,narrow,joint_current,11,0.09,0.00010147457599612846,0.004895322870275836,0.0027750481986736726,1920
1056,0.015,narrow,joint_current,12,0.105,0.00025315966541101723,0.021767388035909056,0.002128586850400797,1920
1056,0.015,narrow,joint_current,13,0.12,0.00013235497015932917,0.008045275324925504,0.000961424111331836,1920
1056,0.015,narrow,joint_current,14,0.135,0.00014180132554777403,0.007554165190806754,0.0010718949175853908,1920
1056,0.015,narrow,joint_current,15,0.15,6.884043923433872e-05,0.007925651060628276,0.0013863430722646595,1920
1056,0.015,narrow,joint_current,16,0.16499999999999998,0.0001243431222994522,0.019338460338592038,0.0021555229683668446,1920
1056,0.015,narrow,joint_current,17,0.18,8.211384772992122e-05,0.01001920944406438,0.0009499741051511914,1920
1056,0.015,narrow,joint_current,18,0.195,0.0001829926952303751,0.014774400121268232,0.000892275589319698,1920
1056,0.015,narrow,joint_current,19,0.21,2.9068987528498347e-05,0.010159976986546186,0.002772004263405097,1920
1056,0.015,narrow,joint_current,20,0.22499999999999998,7.084161063067094e-05,0.00971565818402072,0.00033479192809163135,1920
1056,0.015,narrow,joint_current,21,0.24,3.7516931476081385e-05,0.009933680969853515,0.002023829843607659,1920
1056,0.015,narrow,joint_current,22,0.255,0.00018958905078560198,0.012620258327879798,0.0011112588816199448,1920
1056,0.015,narrow,joint_current,23,0.27,4.384760346023458e-05,0.008954744870587629,0.0008478087958030241,1920
1056,0.015,narrow,joint_current,24,0.285,1.4218493680104217e-06,0.010453039844359014,0.00144548079308559,1920
1056,0.015,narrow,joint_current,25,0.3,9.952403356964589e-05,0.011285379949031414,0.0010047777296288273,1920
1056,0.015,narrow,joint_current,26,0.315,1.2997398837675827e-05,0.007805484250168172,0.00028359434930325616,1920
1056,0.015,narrow,joint_current,27,0.32999999999999996,4.220876466813592e-05,0.007235194598293323,0.0007785930829421182,1920
1056,0.015,narrow,joint_current,28,0.345,4.6930700489744084e-05,0.006681686344080095,0.0004045842994412635,1920
1056,0.015,narrow,joint_current,29,0.36,0.00010757605914686797,0.010014724800662449,0.0014588452587128186,1920
1056,0.015,narrow,joint_current_unpenalized,0,0.0,0.0,0.0,0.015052563590849258,1920
1056,0.015,narrow,joint_current_unpenalized,1,0.0,4.561258336477263e-05,0.0005156546303209545,0.05885092740383768,1920
1056,0.015,narrow,joint_current_unpenalized,2,0.0,2.7457462279361443e-05,0.011609460706787747,0.1100914344051333,1920
1056,0.015,narrow,joint_current_unpenalized,3,0.0,0.00016065612577032134,0.05082376484657522,0.16035592544518995,1944
1056,0.015,narrow,joint_current_unpenalized,4,0.0,2.155938975379178e-05,0.05468560589714377,0.172302524024596,1920
1056,0.015,narrow,joint_current_unpenalized,5,0.0,0.00011124511371232513,0.08682247555046183,0.1106412817184725,1920
1056,0.015,narrow,joint_current_unpenalized,6,0.015,0.0001356435370187617,0.0349476003102632,0.16016700798944675,1920
1056,0.015,narrow,joint_current_unpenalized,7,0.03,0.0003016283176909854,0.06058062286344775,0.18377077675251208,1920
1056,0.015,narrow,joint_current_unpenalized,8,0.045,0.00024260804461221044,0.057030270628003636,0.2071102304299564,1920
1056,0.015,narrow,joint_current_unpenalized,9,0.06,0.0003659695608751816,0.01947102667291117,0.2101904555307345,1920
1056,0.015,narrow,joint_current_unpenalized,10,0.075,0.00026409187450827064,0.015409202856868006,0.20502055414562753,1920
1056,0.015,narrow,joint_current_unpenalized,11,0.09,0.0001018049813628287,0.00804430862989746,0.14169947646392014,1944
1056,0.015,narrow,joint_current_unpenalized,12,0.105,0.00022890220393093324,0.004812613214439446,0.11086266243926189,1920
1056,0.015,narrow,joint_current_unpenalized,13,0.12,0.00012755185146103398,0.0005629744664893167,0.11820002916525056,1920
1056,0.015,narrow,joint_current_unpenalized,14,0.135,0.0001404127453384187,0.0017985504240218097,0.14893425083563833,1920
1056,0.015,narrow,joint_current_unpenalized,15,0.15,6.728265001651491e-05,0.0008626799976905533,0.15199267372189582,1944
1056,0.015,narrow,joint_current_unpenalized,16,0.16499999999999998,9.284831159798751e-05,0.0017301469081479398,0.12561964197987943,1920
1056,0.015,narrow,joint_current_unpenalized,17,0.18,8.121111477013488e-05,0.001690725500489352,0.17527205830311526,1920
1056,0.015,narrow,joint_current_unpenalized,18,0.195,0.00018228272589197072,0.0032876088477494557,0.1921043717473643,1920
1056,0.015,narrow,joint_current_unpenalized,19,0.21,2.81046960258638e-05,0.001107055494277093,0.24298887247546347,1920
1056,0.015,narrow,joint_current_unpenalized,20,0.22499999999999998,6.642644708428828e-05,0.006645831882087306,0.2715685409551981,1920
1056,0.015,narrow,joint_current_unpenalized,21,0.24,3.89040681238703e-05,0.005356938329328679,0.2092576403272942,1944
1056,0.015,narrow,joint_current_unpenalized,22,0.255,0.00017552023758914253,0.0034660865387878296,0.22120335068704705,1920
1056,0.015,narrow,joint_current_unpenalized,23,0.27,4.2994686862754724e-05,0.0016979753955145207,0.1806181971624727,1920
1056,0.015,narrow,joint_current_unpenalized,24,0.285,1.237424980899618e-06,0.0024738274450039144,0.19736513913040202,1920
1056,0.015,narrow,joint_current_unpenalized,25,0.3,0.00010126420699935234,0.005424548507167069,0.2379867741705613,1920
1056,0.015,narrow,joint_current_unpenalized,26,0.315,7.2466960765386166e-06,0.0026057186116522587,0.2715166394276667,1920
1056,0.015,narrow,joint_current_unpenalized,27,0.32999999999999996,4.228652848027448e-05,0.003232767821663353,0.22523014396178517,1920
1056,0.015,narrow,joint_current_unpenalized,28,0.345,4.730421261427845e-05,0.0042273083727200214,0.19228773491347334,1920
1056,0.015,narrow,joint_current_unpenalized,29,0.36,0.00010192896489971622,0.007072482528298346,0.1650966649796629,1920
1056,0.015,narrow,joint_recent2,0,0.0,0.0,0.0,0.00013533677415890924,1920
1056,0.015,narrow,joint_recent2,1,0.0,4.565184323381054e-05,0.0007016820608221375,0.001405818865317901,1920
1056,0.015,narrow,joint_recent2,2,0.0,1.1711191442467726e-05,0.0007828314222790554,0.004621005950360877,1920
1056,0.015,narrow,joint_recent2,3,0.0,2.4347150200399907e-05,0.003805518290769784,0.0026122164401931993,1920
1056,0.015,narrow,joint_recent2,4,0.0,4.1615520279913336e-05,0.000899015567876494,0.002614208587036008,1920
1056,0.015,narrow,joint_recent2,5,0.0,3.903977540798864e-05,0.0007885873670702096,0.0026608204080364934,1920
1056,0.015,narrow,joint_recent2,6,0.015,0.00010279441611059739,0.0029999206156392337,0.002601864480136936,1920
1056,0.015,narrow,joint_recent2,7,0.03,0.0004443071072747082,0.006139628037865238,0.0026003232043740076,1920
1056,0.015,narrow,joint_recent2,8,0.045,0.0005790779158895622,0.007331625375011843,0.0044520429344761005,1920
1056,0.015,narrow,joint_recent2,9,0.06,0.0006159911234838293,0.0031792977057957805,0.001463800726855078,1920
1056,0.015,narrow,joint_recent2,10,0.075,0.0005678483186036424,0.0035387272303579933,0.0008076261128205062,1920
1056,0.015,narrow,joint_recent2,11,0.09,0.000293889733289259,0.006505985403106268,0.005027408052955177,1920
1056,0.015,narrow,joint_recent2,12,0.105,0.0003884408454807125,0.00658224601788129,0.004224329746296279,1920
1056,0.015,narrow,joint_recent2,13,0.12,0.000410501728203795,0.012744725657936141,0.0035213997792818705,1920
1056,0.015,narrow,joint_recent2,14,0.135,0.0002662245454915039,0.008671311345389404,0.0007201481476474977,1920
1056,0.015,narrow,joint_recent2,15,0.15,0.00018082000450051093,0.008605183089121752,0.004112466075040366,1920
1056,0.015,narrow,joint_recent2,16,0.16499999999999998,0.00015229179246781745,0.010498676936640647,0.0014578540233918785,1920
1056,0.015,narrow,joint_recent2,17,0.18,0.00015690182911024748,0.012757444524989982,0.0008470154035799466,1920
1056,0.015,narrow,joint_recent2,18,0.195,0.000193110112990764,0.011905159337232301,0.000692357040839933,1920
1056,0.015,narrow,joint_recent2,19,0.21,0.0001234166812930145,0.011040993749527567,0.0018358315168120491,1920
1056,0.015,narrow,joint_recent2,20,0.22499999999999998,9.6128951418104e-05,0.010713392574773547,0.00101190058363344,1920
1056,0.015,narrow,joint_recent2,21,0.24,7.385623163086577e-05,0.010496190175899126,0.0010451853806580215,1920
1056,0.015,narrow,joint_recent2,22,0.255,9.525645852756016e-05,0.011049176828707015,0.000172392024580205,1920
1056,0.015,narrow,joint_recent2,23,0.27,0.00011927920188586596,0.010689406379913082,0.0008743288484959488,1920
1056,0.015,narrow,joint_recent2,24,0.285,1.9632602612737032e-05,0.009360029014615946,0.0005707014002098794,1920
1056,0.015,narrow,joint_recent2,25,0.3,1.93956802913413e-05,0.010766445316926804,0.0012968635854958123,1920
1056,0.015,narrow,joint_recent2,26,0.315,3.605010251859586e-05,0.010298731027246488,0.0018501606662269883,1920
1056,0.015,narrow,joint_recent2,27,0.32999999999999996,2.0186063575203193e-05,0.00813027948207196,0.0009743972122482063,1920
1056,0.015,narrow,joint_recent2,28,0.345,5.277929435442287e-06,0.006771092456767958,0.00210614659741334,1920
1056,0.015,narrow,joint_recent2,29,0.36,9.543542989751072e-05,0.007622380897122395,0.0012069319355990247,1920
1056,0.015,broad,theta_current,0,0.0,0.0,0.0,0.0,1920
1056,0.015,broad,theta_current,1,0.0,3.801096470720743e-05,5.5539185357254005e-05,0.0,1920
1056,0.015,broad,theta_current,2,0.0,0.0001072273166871206,9.274963649772152e-05,0.0,1920
1056,0.015,broad,theta_current,3,0.0,6.745811170484823e-05,7.503124994829566e-05,0.0,1920
1056,0.015,broad,theta_current,4,0.0,6.613590182740747e-05,8.024973741787685e-05,0.0,1920
1056,0.015,broad,theta_current,5,0.0,4.6426028053841306e-05,8.596769880031839e-05,0.0,1920
1056,0.015,broad,theta_current,6,0.015,0.0009928094597111336,0.0007226490261254229,0.0,1920
1056,0.015,broad,theta_current,7,0.03,0.001709965453524841,0.001089631784021761,0.0,1920
1056,0.015,broad,theta_current,8,0.045,0.003163950239839267,0.002113445393631816,0.0,1920
1056,0.015,broad,theta_current,9,0.06,0.0031708861351829355,0.0026948280710494287,0.0,1920
1056,0.015,broad,theta_current,10,0.075,0.004219545854054663,0.0033084835872411182,0.0,1944
1056,0.015,broad,theta_current,11,0.09,0.003545676309211404,0.004254626592039447,0.0,1920
1056,0.015,broad,theta_current,12,0.105,0.007461077443404356,0.006706606227120218,0.0,1944
1056,0.015,broad,theta_current,13,0.12,0.006950456773116616,0.006348510180712795,0.0,1920
1056,0.015,broad,theta_current,14,0.135,0.0069449117805650855,0.007297011087801694,0.0,1920
1056,0.015,broad,theta_current,15,0.15,0.009649735947940526,0.009588585860861792,0.0,1920
1056,0.015,broad,theta_current,16,0.16499999999999998,0.011320137180866371,0.008729015574437818,0.0,1968
1056,0.015,broad,theta_current,17,0.18,0.01182314670163933,0.009095068079751977,0.0,1968
1056,0.015,broad,theta_current,18,0.195,0.00741630046775027,0.009505955301448855,0.0,1920
1056,0.015,broad,theta_current,19,0.21,0.012094274806461578,0.01307952399656786,0.0,1920
1056,0.015,broad,theta_current,20,0.22499999999999998,0.010800102015292941,0.009443129079213982,0.0,1920
1056,0.015,broad,theta_current,21,0.24,0.009170103629634996,0.008542173824446948,0.0,1944
1056,0.015,broad,theta_current,22,0.255,0.007124374397019312,0.010456912679906734,0.0,1944
1056,0.015,broad,theta_current,23,0.27,0.007415363903765168,0.00855038244614474,0.0,1944
1056,0.015,broad,theta_current,24,0.285,0.010086609622718415,0.007680605693462373,0.0,1920
1056,0.015,broad,theta_current,25,0.3,0.007705118005013468,0.007009431942959131,0.0,1944
1056,0.015,broad,theta_current,26,0.315,0.003933900730120032,0.005244062450311782,0.0,1920
1056,0.015,broad,theta_current,27,0.32999999999999996,0.0047054215432247816,0.004822999333561655,0.0,1944
1056,0.015,broad,theta_current,28,0.345,0.003209716141689871,0.003742724847782743,0.0,1920
1056,0.015,broad,theta_current,29,0.36,0.0033951380239578693,0.003196458362684273,0.0,1920
1056,0.015,broad,joint_current,0,0.0,0.0,0.0,0.015227347225198421,1920
1056,0.015,broad,joint_current,1,0.0,4.5049436372856376e-05,6.596079133485455e-05,0.025125100214553407,1920
1056,0.015,broad,joint_current,2,0.0,0.00010611963954967244,0.0001455586204063565,0.03165358467664024,1920
1056,0.015,broad,joint_current,3,0.0,0.00017432314988406576,0.00021715266608890308,0.02535296253204862,1920
1056,0.015,broad,joint_current,4,0.0,0.00010846319713249659,0.0001426752572296732,0.048083882773169,1920
1056,0.015,broad,joint_current,5,0.0,0.0001079476742215078,0.00013597089684023458,0.016577138436979194,1920
1056,0.015,broad,joint_current,6,0.015,0.0008532193487352568,0.0006573885759828685,0.0349991795511824,1920
1056,0.015,broad,joint_current,7,0.03,0.001428465311213883,0.0009870579957944171,0.039119394024211225,1920
1056,0.015,broad,joint_current,8,0.045,0.0014822951365904592,0.0012036357982012195,0.02646023796864342,1920
1056,0.015,broad,joint_current,9,0.06,0.0014710396067651812,0.0012011407565202217,0.05254362774655603,1920
1056,0.015,broad,joint_current,10,0.075,0.0007246060305864732,0.0005671844972962354,0.06093990389949319,1920
1056,0.015,broad,joint_current,11,0.09,0.0006322570369231858,0.0007431950714901209,0.08177383512169031,1944
1056,0.015,broad,joint_current,12,0.105,0.0006366094058077178,0.0007588510852366626,0.09111378785896311,1920
1056,0.015,broad,joint_current,13,0.12,0.0005024384471562652,0.0003484988415125554,0.09050601007514228,1920
1056,0.015,broad,joint_current,14,0.135,0.0006988236392021808,0.0005806403789072838,0.09739279902895787,1920
1056,0.015,broad,joint_current,15,0.15,0.00030421388590964594,0.0002946839424083628,0.1149829800724411,1920
1056,0.015,broad,joint_current,16,0.16499999999999998,0.00017502335502813854,0.0002071914690312622,0.10075703435112635,1944
1056,0.015,broad,joint_current,17,0.18,0.0003589389977469891,0.0003573936299526683,0.10532244077014853,1920
1056,0.015,broad,joint_current,18,0.195,0.00037638980134006936,0.00034238286285163873,0.12700399104569482,1920
1056,0.015,broad,joint_current,19,0.21,0.00020250614407841804,0.0002400949143584544,0.12212489690742588,1920
1056,0.015,broad,joint_current,20,0.22499999999999998,0.0004972368950910306,0.0005101938904392967,0.13272750538809988,1920
1056,0.015,broad,joint_current,21,0.24,0.00015738364938774717,0.000174619800518532,0.10752185607964945,1920
1056,0.015,broad,joint_current,22,0.255,0.0006126326250228619,0.0005266777911016492,0.14386098973668074,1920
1056,0.015,broad,joint_current,23,0.27,0.00034245526303322994,0.00029775261811735204,0.12420906001026759,1920
1056,0.015,broad,joint_current,24,0.285,0.0009765107862346247,0.0007194051177638229,0.14432102760497761,1920
1056,0.015,broad,joint_current,25,0.3,0.0005093224973441575,0.0006607635014915949,0.14583469604930013,1920
1056,0.015,broad,joint_current,26,0.315,0.0019087249289275754,0.0011927398161178913,0.12095066108580597,1920
1056,0.015,broad,joint_current,27,0.32999999999999996,0.0013335564793815439,0.00271157303644046,0.14091780238659649,1920
1056,0.015,broad,joint_current,28,0.345,0.0019186111988115818,0.0013563934316432338,0.09639405972762748,1920
1056,0.015,broad,joint_current,29,0.36,0.0016511725123373366,0.0029530674353768892,0.14607737566288034,1920
1056,0.015,broad,joint_current_unpenalized,0,0.0,0.0,0.0,0.03401224028522397,1920
1056,0.015,broad,joint_current_unpenalized,1,0.0,4.709447847720377e-05,8.406762716810847e-05,0.10419380746047095,1920
1056,0.015,broad,joint_current_unpenalized,2,0.0,0.0004598182846579523,0.0005049891949885774,0.10557776656592044,1920
1056,0.015,broad,joint_current_unpenalized,3,0.0,0.00030449992606923346,0.0003422729093192879,0.04674694496893242,1920
1056,0.015,broad,joint_current_unpenalized,4,0.0,0.00021814646825431164,0.000261657884111845,0.10521130528716319,1920
1056,0.015,broad,joint_current_unpenalized,5,0.0,0.00021236733855387925,0.000218974723658702,0.10475286839583713,1944
1056,0.015,broad,joint_current_unpenalized,6,0.015,0.0010410917343766143,0.0008765603321202663,0.06239626444644783,1920
1056,0.015,broad,joint_current_unpenalized,7,0.03,0.0015087687107862178,0.0009715323719464446,0.12372409067141717,1944
1056,0.015,broad,joint_current_unpenalized,8,0.045,0.001362916522116368,0.0011392024780442177,0.1404289018685639,1920
1056,0.015,broad,joint_current_unpenalized,9,0.06,0.0010844306789462939,0.0008685635199812294,0.10908837998254077,1920
1056,0.015,broad,joint_current_unpenalized,10,0.075,0.0008229504230188854,0.0005632696730835341,0.10585637256005304,1920
1056,0.015,broad,joint_current_unpenalized,11,0.09,0.000511983685344394,0.0005479572022027291,0.16309020746379285,1920
1056,0.015,broad,joint_current_unpenalized,12,0.105,0.0006644059146183105,0.0007178029726323755,0.23240638416309028,1920
1056,0.015,broad,joint_current_unpenalized,13,0.12,0.00042381979513107776,0.0003286480245294418,0.17466367002123995,1944
1056,0.015,broad,joint_current_unpenalized,14,0.135,0.001011645940480126,0.0008845292832135759,0.1976612589281912,1920
1056,0.015,broad,joint_current_unpenalized,15,0.15,0.0005219132762865109,0.0005944424369258177,0.22234316208605706,1920
1056,0.015,broad,joint_current_unpenalized,16,0.16499999999999998,0.00016248228764638897,0.0001878077432480715,0.1654493572928749,1944
1056,0.015,broad,joint_current_unpenalized,17,0.18,0.0003378432459640224,0.0002919261340337323,0.18570197443850509,1920
1056,0.015,broad,joint_current_unpenalized,18,0.195,0.00015038316270888199,0.00017357505209610142,0.2071494253516404,1920
1056,0.015,broad,joint_current_unpenalized,19,0.21,0.00026119279090587913,0.00025849461465270694,0.20767115917250337,1920
1056,0.015,broad,joint_current_unpenalized,20,0.22499999999999998,0.0002634659042046153,0.0002630089393872242,0.22256464829425185,1920
1056,0.015,broad,joint_current_unpenalized,21,0.24,0.00012414532815212875,0.00010961677933265851,0.14614019633269543,1920
1056,0.015,broad,joint_current_unpenalized,22,0.255,0.00042380086291855454,0.0004452878787940282,0.2286911885845266,1920
1056,0.015,broad,joint_current_unpenalized,23,0.27,0.0002445711178913795,0.0002264943382851466,0.2957710675435131,1920
1056,0.015,broad,joint_current_unpenalized,24,0.285,0.00019468721937052034,0.0002943084004725735,0.31407029623799787,1920
1056,0.015,broad,joint_current_unpenalized,25,0.3,0.00032456029187665343,0.0003432527803050144,0.3345756631449111,1920
1056,0.015,broad,joint_current_unpenalized,26,0.315,0.0001445381335544835,0.00020953352765422422,0.2976231187278906,1920
1056,0.015,broad,joint_current_unpenalized,27,0.32999999999999996,0.0005105460068824332,0.0004876976827650421,0.3174267632597366,1920
1056,0.015,broad,joint_current_unpenalized,28,0.345,0.00038383127964158496,0.00041787185222345196,0.31456762922690673,1920
1056,0.015,broad,joint_current_unpenalized,29,0.36,0.000651699583842251,0.0006239622555289691,0.3849130504713443,1920
1056,0.015,broad,joint_recent2,0,0.0,0.0,0.0,0.015227347225198421,1920
1056,0.015,broad,joint_recent2,1,0.0,4.5049436372856376e-05,6.596079133485455e-05,0.021369183185833543,1920
1056,0.015,broad,joint_recent2,2,0.0,4.130093648845694e-05,9.142393091725797e-05,0.01422836532098947,1920
1056,0.015,broad,joint_recent2,3,0.0,7.011775000799899e-05,9.114472685000322e-05,0.013467217858914967,1920
1056,0.015,broad,joint_recent2,4,0.0,4.592267622020237e-05,7.129816761831733e-05,0.02329829444710386,1920
1056,0.015,broad,joint_recent2,5,0.0,9.377328740201745e-05,8.36040653400637e-05,0.03167751232887834,1920
1056,0.015,broad,joint_recent2,6,0.015,0.0009004595368007582,0.0007242931078998163,0.021656483425953478,1920
1056,0.015,broad,joint_recent2,7,0.03,0.0021426179059657073,0.0014314305191590274,0.03566938588915707,1920
1056,0.015,broad,joint_recent2,8,0.045,0.0024960152524525388,0.0019070778753217813,0.04373266002253835,1920
1056,0.015,broad,joint_recent2,9,0.06,0.0018983663493399357,0.0015611988737477065,0.04605770035355041,1920
1056,0.015,broad,joint_recent2,10,0.075,0.0012134851741164346,0.0010324788140166287,0.053273892130212226,1920
1056,0.015,broad,joint_recent2,11,0.09,0.0008779421592638807,0.0011238320695642853,0.0770669666716356,1920
1056,0.015,broad,joint_recent2,12,0.105,0.0011152828390566746,0.0012127317582585344,0.08832839857689904,1920
1056,0.015,broad,joint_recent2,13,0.12,0.001050430327902883,0.0009308376798066259,0.0905401055795231,1920
1056,0.015,broad,joint_recent2,14,0.135,0.0010280459344454082,0.0007462373885167403,0.0892424661273136,1920
1056,0.015,broad,joint_recent2,15,0.15,0.0004720190338075899,0.0004657425796004497,0.10082639926769944,1920
1056,0.015,broad,joint_recent2,16,0.16499999999999998,0.0004008771945066144,0.00045061985929838915,0.10200236533297077,1920
1056,0.015,broad,joint_recent2,17,0.18,0.00045484042546920807,0.0004665295052113277,0.10199082077130488,1920
1056,0.015,broad,joint_recent2,18,0.195,0.00041483415524869367,0.00039430933028304085,0.12052195890818357,1920
1056,0.015,broad,joint_recent2,19,0.21,0.0002481666009211797,0.0002763232773394989,0.12247994808976789,1920
1056,0.015,broad,joint_recent2,20,0.22499999999999998,0.0003956651680247676,0.0003941824345113387,0.1314019505089936,1920
1056,0.015,broad,joint_recent2,21,0.24,0.0003440249854774211,0.00029284342967389,0.12155621693241757,1920
1056,0.015,broad,joint_recent2,22,0.255,0.00039614884102392523,0.00031285565566113174,0.12624701149480091,1920
1056,0.015,broad,joint_recent2,23,0.27,0.0004364375332961055,0.00042002482181271506,0.1378743834056483,1920
1056,0.015,broad,joint_recent2,24,0.285,0.0007508372882175348,0.0004837403430348198,0.14904922610204702,1920
1056,0.015,broad,joint_recent2,25,0.3,0.0005017189110672502,0.0006915580713945915,0.1421751182218166,1920
1056,0.015,broad,joint_recent2,26,0.315,0.0009573578633115766,0.0008240968371845314,0.1306162702800999,1920
1056,0.015,broad,joint_recent2,27,0.32999999999999996,0.0008223874439393978,0.0012191756454155436,0.1337164994216637,1920
1056,0.015,broad,joint_recent2,28,0.345,0.002054424704500625,0.0015057885041090749,0.12154643761520666,1920
1056,0.015,broad,joint_recent2,29,0.36,0.0026063590578369266,0.0021063675848096448,0.11360153048448997,1920
1056,0.04,narrow,theta_current,0,0.0,0.0,0.0,0.0,1920
1056,0.04,narrow,theta_current,1,0.0,4.5708843573268195e-05,0.000705296061537759,0.0,1920
1056,0.04,narrow,theta_current,2,0.0,2.5615042131547472e-05,0.002467105334770362,0.0,1920
1056,0.04,narrow,theta_current,3,0.0,0.00016637764866841108,0.014715540309339015,0.0,1920
1056,0.04,narrow,theta_current,4,0.0,4.366620204579143e-05,0.0016695342321871945,0.0,1920
1056,0.04,narrow,theta_current,5,0.0,0.0001239574901405547,0.009358626275954731,0.0,1920
1056,0.04,narrow,theta_current,6,0.04,0.0012345589046925069,0.004986357130214234,0.0,1920
1056,0.04,narrow,theta_current,7,0.08,0.0014247017319753887,0.013867530824583632,0.0,1920
1056,0.04,narrow,theta_current,8,0.12,0.0008853287890829791,0.00878785185109534,0.0,1920
1056,0.04,narrow,theta_current,9,0.16,0.0009603669810313301,0.010070157276585126,0.0,1920
1056,0.04,narrow,theta_current,10,0.2,0.0005417912938078007,0.010105633924016484,0.0,1920
1056,0.04,narrow,theta_current,11,0.24,0.0001241106114621276,0.011929877054299355,0.0,1920
1056,0.04,narrow,theta_current,12,0.28,0.0001858616775366037,0.025841965376389227,0.0,1920
1056,0.04,narrow,theta_current,13,0.32,1.5166069907548212e-05,0.010269637576823056,0.0,1920
1056,0.04,narrow,theta_current,14,0.36,9.577872376525075e-06,0.006532459122538678,0.0,1920
1056,0.04,narrow,theta_current,15,0.4,0.00013180168150116875,0.006580432106913982,0.0,1920
1056,0.04,narrow,theta_current,16,0.44,0.00029321009578860943,0.02536346317569711,0.0,1920
1056,0.04,narrow,theta_current,17,0.48,0.0003140073773967624,0.020120473562698454,0.0,1920
1056,0.04,narrow,theta_current,18,0.52,0.00036860739382576856,0.037352607941258435,0.0,1920
1056,0.04,narrow,theta_current,19,0.56,0.0009400651278946374,0.06055993146129498,0.0,1920
1056,0.04,narrow,theta_current,20,0.6,0.0007857632443691089,0.08933981054073899,0.0,1920
1056,0.04,narrow,theta_current,21,0.64,0.001008330984881393,0.1329187502106065,0.0,1920
1056,0.04,narrow,theta_current,22,0.65,4.2471743725287966e-05,0.13525841750479098,0.0,1920
1056,0.04,narrow,theta_current,23,0.65,2.3400667156571673e-05,0.15395697951775944,0.0,1920
1056,0.04,narrow,theta_current,24,0.65,4.282200596221732e-06,0.1406920349336121,0.0,1920
1056,0.04,narrow,theta_current,25,0.65,9.828126999622154e-05,0.14406346275098236,0.0,1920
1056,0.04,narrow,theta_current,26,0.65,1.5010144651621397e-05,0.15843122224728629,0.0,1920
1056,0.04,narrow,theta_current,27,0.65,5.170356539889445e-05,0.16090121765197823,0.0,1920
1056,0.04,narrow,theta_current,28,0.65,3.064255029416109e-05,0.14706670485575568,0.0,1920
1056,0.04,narrow,theta_current,29,0.65,6.772217887229211e-05,0.13669656775167244,0.0,1920
1056,0.04,narrow,joint_current,0,0.0,0.0,0.0,0.00013533677415890924,1920
1056,0.04,narrow,joint_current,1,0.0,4.565184323381054e-05,0.0007016820608221375,0.0025631537704466564,1920
1056,0.04,narrow,joint_current,2,0.0,2.5511742458853428e-05,0.0026212535812490815,0.003483349733036777,1920
1056,0.04,narrow,joint_current,3,0.0,0.00016590193862349654,0.01529320136928937,0.002145899423108595,1920
1056,0.04,narrow,joint_current,4,0.0,4.2918294501543816e-05,0.0015549976002149045,0.003488347292741054,1920
1056,0.04,narrow,joint_current,5,0.0,0.00012383738334546725,0.008782453400238765,0.002163716131150693,1920
1056,0.04,narrow,joint_current,6,0.04,0.001233914842811638,0.0043964200755870955,0.004349126698961727,1920
1056,0.04,narrow,joint_current,7,0.08,0.0014242986358502649,0.013240907329803937,0.0015464996860292347,1920
1056,0.04,narrow,joint_current,8,0.12,0.0008862217233000423,0.008521802275884376,0.001597054314498367,1920
1056,0.04,narrow,joint_current,9,0.16,0.0009590588283553214,0.010412588442507338,0.0007391872353278763,1920
1056,0.04,narrow,joint_current,10,0.2,0.0005423754605554477,0.010116848731282494,0.00012908816791663095,1920
1056,0.04,narrow,joint_current,11,0.24,0.00012412711922852996,0.012052736829319734,0.0023322516599604795,1920
1056,0.04,narrow,joint_current,12,0.28,0.0001849734202550141,0.02524029026661942,0.0019504198117832917,1920
1056,0.04,narrow,joint_current,13,0.32,1.538539507615125e-05,0.010442755298690943,0.0012714923812458569,1920
1056,0.04,narrow,joint_current,14,0.36,9.755709716869518e-06,0.006177661640687086,0.0002970101667791014,1920
1056,0.04,narrow,joint_current,15,0.4,0.0001320099924070694,0.0064362362998477245,0.00131961041088024,1920
1056,0.04,narrow,joint_current,16,0.44,0.0002918464719152906,0.02340589971785007,0.0029769183184365365,1920
1056,0.04,narrow,joint_current,17,0.48,0.00031270000787482526,0.01901301734053304,0.00047119508661107995,1920
1056,0.04,narrow,joint_current,18,0.52,0.00036865903222177204,0.03778476510967003,0.002808658850443583,1920
1056,0.04,narrow,joint_current,19,0.56,0.0009401064403841292,0.056905603539572656,0.0034797848780220926,1920
1056,0.04,narrow,joint_current,20,0.6,0.000784487958048705,0.08599019707485603,0.0013180013454199687,1920
1056,0.04,narrow,joint_current,21,0.64,0.0010148001519111477,0.12822954873309722,0.001401408846787113,1920
1056,0.04,narrow,joint_current,22,0.65,4.143979614590661e-05,0.12974154222822218,0.0007172449107861746,1920
1056,0.04,narrow,joint_current,23,0.65,2.2785762852881663e-05,0.14550183280688045,0.0006890071382764423,1920
1056,0.04,narrow,joint_current,24,0.65,4.404614930988393e-06,0.13609128882918042,0.001041690443333873,1920
1056,0.04,narrow,joint_current,25,0.65,9.851942736228721e-05,0.13631110417142078,0.000963114908107307,1920
1056,0.04,narrow,joint_current,26,0.65,1.3496478714079871e-05,0.14903659158212654,0.00018429468144635423,1920
1056,0.04,narrow,joint_current,27,0.65,5.2109601804856455e-05,0.151490066104097,0.0008188150959436445,1920
1056,0.04,narrow,joint_current,28,0.65,3.156592673081766e-05,0.14133798587757523,0.0002307297349913477,1920
1056,0.04,narrow,joint_current,29,0.65,6.77069677388559e-05,0.13241411313883453,0.000398906602379008,1920
1056,0.04,narrow,joint_current_unpenalized,0,0.0,0.0,0.0,0.015052563590849258,1920
1056,0.04,narrow,joint_current_unpenalized,1,0.0,4.561258336477263e-05,0.0005156546303209545,0.05885092740383768,1920
1056,0.04,narrow,joint_current_unpenalized,2,0.0,2.7457462279361443e-05,0.011609460706787747,0.1100914344051333,1920
1056,0.04,narrow,joint_current_unpenalized,3,0.0,0.00016065612577032134,0.05082376484657522,0.16035592544518995,1944
1056,0.04,narrow,joint_current_unpenalized,4,0.0,2.155938975379178e-05,0.05468560589714377,0.172302524024596,1920
1056,0.04,narrow,joint_current_unpenalized,5,0.0,0.00011124511371232513,0.08682247555046183,0.1106412817184725,1920
1056,0.04,narrow,joint_current_unpenalized,6,0.04,0.0012326757977773825,0.022875971012172574,0.1668068822326965,1920
1056,0.04,narrow,joint_current_unpenalized,7,0.08,0.0014289632067121351,0.03538703010770205,0.19492875258349016,1920
1056,0.04,narrow,joint_current_unpenalized,8,0.12,0.0008746066041191207,0.027562208293119617,0.21800828580672565,1920
1056,0.04,narrow,joint_current_unpenalized,9,0.16,0.0009407994595239601,0.00582860915180722,0.2253957312887181,1920
1056,0.04,narrow,joint_current_unpenalized,10,0.2,0.0005342435673987937,0.003632426960477487,0.22804108889782929,1920
1056,0.04,narrow,joint_current_unpenalized,11,0.24,0.00012394160025426274,0.0025896078491760765,0.1812029948331417,1920
1056,0.04,narrow,joint_current_unpenalized,12,0.28,0.0001852261774244105,0.01901762396191819,0.13982321086114655,1920
1056,0.04,narrow,joint_current_unpenalized,13,0.32,1.4663351303644317e-05,0.00850963868077366,0.10377101180092162,1920
1056,0.04,narrow,joint_current_unpenalized,14,0.36,1.0140514387618244e-05,0.011005815314653177,0.10457420762017278,1920
1056,0.04,narrow,joint_current_unpenalized,15,0.4,0.00013163808535776586,0.012759912623532259,0.15211172648531762,1920
1056,0.04,narrow,joint_current_unpenalized,16,0.44,0.0002928673848306072,0.028044836239629636,0.07035030210145726,1920
1056,0.04,narrow,joint_current_unpenalized,17,0.48,0.0003129797137956609,0.03412067767866893,0.08325302337412109,1920
1056,0.04,narrow,joint_current_unpenalized,18,0.52,0.00036864222104431976,0.05390671707323529,0.03883767884106992,1920
1056,0.04,narrow,joint_current_unpenalized,19,0.56,0.0009393644841940788,0.06919306425949162,0.08869426384552363,1920
1056,0.04,narrow,joint_current_unpenalized,20,0.6,0.0007710915487544917,0.09292937529679787,0.07781797735142698,1920
1056,0.04,narrow,joint_current_unpenalized,21,0.64,0.0010218205773243258,0.12482417228704973,0.10879382779658704,1920
1056,0.04,narrow,joint_current_unpenalized,22,0.65,3.9524758573119524e-05,0.10240557924984839,0.08071200876666601,1920
1056,0.04,narrow,joint_current_unpenalized,23,0.65,2.2297540756828452e-05,0.1154470104743663,0.07320906040836707,1920
1056,0.04,narrow,joint_current_unpenalized,24,0.65,4.723074715438269e-06,0.10992341100511098,0.09730775270825118,1920
1056,0.04,narrow,joint_current_unpenalized,25,0.65,9.872669286685692e-05,0.10064612690538007,0.06987043647306135,1920
1056,0.04,narrow,joint_current_unpenalized,26,0.65,1.2218751622188692e-05,0.1130870129320522,0.06912951351575188,1920
1056,0.04,narrow,joint_current_unpenalized,27,0.65,5.2420628496556925e-05,0.11209069334413437,0.05776577688161523,1920
1056,0.04,narrow,joint_current_unpenalized,28,0.65,3.186002376035625e-05,0.1108495855288083,0.0522753686285919,1920
1056,0.04,narrow,joint_current_unpenalized,29,0.65,6.77078596195037e-05,0.10504843375292063,0.05067760436034603,1920
1056,0.04,narrow,joint_recent2,0,0.0,0.0,0.0,0.00013533677415890924,1920
1056,0.04,narrow,joint_recent2,1,0.0,4.565184323381054e-05,0.0007016820608221375,0.001405818865317901,1920
1056,0.04,narrow,joint_recent2,2,0.0,1.1711191442467726e-05,0.0007828314222790554,0.004621005950360877,1920
1056,0.04,narrow,joint_recent2,3,0.0,2.4347150200399907e-05,0.003805518290769784,0.0026122164401931993,1920
1056,0.04,narrow,joint_recent2,4,0.0,4.1615520279913336e-05,0.000899015567876494,0.002614208587036008,1920
1056,0.04,narrow,joint_recent2,5,0.0,3.903977540798864e-05,0.0007885873670702096,0.0026608204080364934,1920
1056,0.04,narrow,joint_recent2,6,0.04,0.0011577444726877048,0.0023287094587871684,0.0027980894320039336,1920
1056,0.04,narrow,joint_recent2,7,0.08,0.0029680527237397995,0.005421498811688933,0.0035977097186082932,1920
1056,0.04,narrow,joint_recent2,8,0.12,0.0023839736716413074,0.012228012356716987,0.004602524998161281,1920
1056,0.04,narrow,joint_recent2,9,0.16,0.002081303055456312,0.0167480627428716,0.0045688261066646006,1920
1056,0.04,narrow,joint_recent2,10,0.2,0.0013146397156810858,0.011090198825556818,0.0006943087962419887,1920
1056,0.04,narrow,joint_recent2,11,0.24,0.00045284000934754204,0.012940707571909313,0.005120327384945507,1920
1056,0.04,narrow,joint_recent2,12,0.28,0.00030083690276396375,0.013474662517394853,0.0038453633482767404,1920
1056,0.04,narrow,joint_recent2,13,0.32,0.0001408443254251509,0.017063278141074875,0.004260896806640992,1920
1056,0.04,narrow,joint_recent2,14,0.36,4.721073057039176e-06,0.007664507194792173,0.002445333167233658,1920
1056,0.04,narrow,joint_recent2,15,0.4,0.00012292653732234347,0.0067729611650657225,0.002306420708341638,1920
1056,0.04,narrow,joint_recent2,16,0.44,0.00046253129673832024,0.015405417930121316,0.0033274084139307625,1920
1056,0.04,narrow,joint_recent2,17,0.48,0.0006273634441604162,0.02296486243095302,0.004153568777290593,1920
1056,0.04,narrow,joint_recent2,18,0.52,0.0008722085444341315,0.03584516774508171,0.003893966449553202,1920
1056,0.04,narrow,joint_recent2,19,0.56,0.0015525999910060491,0.05720124780119055,0.007772621823552295,1920
1056,0.04,narrow,joint_recent2,20,0.6,0.0019144177897589363,0.08232977830357618,0.008246972290545926,1920
1056,0.04,narrow,joint_recent2,21,0.64,0.0020328102445596272,0.12516600718390913,0.0026872351742835937,1920
1056,0.04,narrow,joint_recent2,22,0.65,0.0004005628427185036,0.1268953857487682,0.004677117956008693,1920
1056,0.04,narrow,joint_recent2,23,0.65,5.6561706867920265e-06,0.13489160062447847,0.0007865318126875854,1920
1056,0.04,narrow,joint_recent2,24,0.65,3.806628413470487e-06,0.1404241466736506,0.0011140975554556026,1920
1056,0.04,narrow,joint_recent2,25,0.65,1.7211729042132834e-05,0.13782246678024118,0.000858238764356794,1920
1056,0.04,narrow,joint_recent2,26,0.65,3.5541539965546814e-05,0.14127907108352883,0.0007840127473879897,1920
1056,0.04,narrow,joint_recent2,27,0.65,2.6609628566468906e-05,0.15062935203653768,0.001170421725259194,1920
1056,0.04,narrow,joint_recent2,28,0.65,6.196571961445274e-06,0.14695778321893016,0.0017036685984800457,1920
1056,0.04,narrow,joint_recent2,29,0.65,4.7870187590888794e-05,0.13869256665406998,0.000897621055686585,1920
1056,0.04,broad,theta_current,0,0.0,0.0,0.0,0.0,1920
1056,0.04,broad,theta_current,1,0.0,3.801096470720743e-05,5.5539185357254005e-05,0.0,1920
1056,0.04,broad,theta_current,2,0.0,0.0001072273166871206,9.274963649772152e-05,0.0,1920
1056,0.04,broad,theta_current,3,0.0,6.745811170484823e-05,7.503124994829566e-05,0.0,1920
1056,0.04,broad,theta_current,4,0.0,6.613590182740747e-05,8.024973741787685e-05,0.0,1920
1056,0.04,broad,theta_current,5,0.0,4.6426028053841306e-05,8.596769880031839e-05,0.0,1920
1056,0.04,broad,theta_current,6,0.04,0.005729816140015301,0.004290903037124011,0.0,1920
1056,0.04,broad,theta_current,7,0.08,0.008897685330258672,0.005469071146399075,0.0,1920
1056,0.04,broad,theta_current,8,0.12,0.011204704495799668,0.008347636560038172,0.0,1920
1056,0.04,broad,theta_current,9,0.16,0.012956175512563124,0.011277296563639135,0.0,1944
1056,0.04,broad,theta_current,10,0.2,0.010802361054521365,0.009461886689752702,0.0,1944
1056,0.04,broad,theta_current,11,0.24,0.007623529645668076,0.008799009019088063,0.0,1920
1056,0.04,broad,theta_current,12,0.28,0.008655689904525329,0.008703637932635268,0.0,1920
1056,0.04,broad,theta_current,13,0.32,0.005044664391429207,0.00470417371661861,0.0,1944
1056,0.04,broad,theta_current,14,0.36,0.003049404034455106,0.003988191628211088,0.0,1944
1056,0.04,broad,theta_current,15,0.4,0.00395901138715045,0.004260934652501423,0.0,1920
1056,0.04,broad,theta_current,16,0.44,0.008683931464040376,0.009514599262215734,0.0,1944
1056,0.04,broad,theta_current,17,0.48,0.031800471511428466,0.019800335560587072,0.0,1944
1056,0.04,broad,theta_current,18,0.52,0.023836864859671913,0.038005166078200266,0.0,1944
1056,0.04,broad,theta_current,19,0.56,0.07479440217507798,0.07879778246983461,0.0,1944
1056,0.04,broad,theta_current,20,0.6,0.11012017837711381,0.0825573887190135,0.0,1968
1056,0.04,broad,theta_current,21,0.64,0.09253921260910025,0.11874167400398769,0.0,1968
1056,0.04,broad,theta_current,22,0.65,0.08127129408133736,0.167593583314273,0.0,1944
1056,0.04,broad,theta_current,23,0.65,0.131477080726956,0.1559026733492144,0.0,1968
1056,0.04,broad,theta_current,24,0.65,0.16390848821127313,0.14397633818861352,0.0,1944
1056,0.04,broad,theta_current,25,0.65,0.17517709354760216,0.15264440867065943,0.0,1944
1056,0.04,broad,theta_current,26,0.65,0.1508717140250662,0.13161077754349954,0.0,1920
1056,0.04,broad,theta_current,27,0.65,0.15043223320331894,0.15470908860890525,0.0,1944
1056,0.04,broad,theta_current,28,0.65,0.1628507473970392,0.1439501127077524,0.0,1920
1056,0.04,broad,theta_current,29,0.65,0.12245668087330903,0.12117817634758057,0.0,1920
1056,0.04,broad,joint_current,0,0.0,0.0,0.0,0.015227347225198421,1920
1056,0.04,broad,joint_current,1,0.0,4.5049436372856376e-05,6.596079133485455e-05,0.025125100214553407,1920
1056,0.04,broad,joint_current,2,0.0,0.00010611963954967244,0.0001455586204063565,0.03165358467664024,1920
1056,0.04,broad,joint_current,3,0.0,0.00017432314988406576,0.00021715266608890308,0.02535296253204862,1920
1056,0.04,broad,joint_current,4,0.0,0.00010846319713249659,0.0001426752572296732,0.048083882773169,1920
1056,0.04,broad,joint_current,5,0.0,0.0001079476742215078,0.00013597089684023458,0.016577138436979194,1920
1056,0.04,broad,joint_current,6,0.04,0.005334469417572658,0.004071043162131889,0.06430321190641655,1944
1056,0.04,broad,joint_current,7,0.08,0.006243641972516564,0.003966652775826031,0.07125129020140201,1920
1056,0.04,broad,joint_current,8,0.12,0.003912992702769247,0.0036462915401037667,0.06702425990982085,1920
1056,0.04,broad,joint_current,9,0.16,0.0028156249807079156,0.0024125446558415824,0.1095890919714981,1920
1056,0.04,broad,joint_current,10,0.2,0.0011309788190183988,0.0010844497181497098,0.1202061349344791,1920
1056,0.04,broad,joint_current,11,0.24,0.001073233553759818,0.001120170936450632,0.1509070803959588,1920
1056,0.04,broad,joint_current,12,0.28,0.00038749283268846665,0.0006182091156632832,0.13592673023553925,1920
1056,0.04,broad,joint_current,13,0.32,0.0007518403670348659,0.0011856768411248955,0.12744469852604942,1920
1056,0.04,broad,joint_current,14,0.36,0.004371979117955771,0.002900670018599507,0.10298287125636386,1920
1056,0.04,broad,joint_current,15,0.4,0.005139959827302978,0.005084099690187762,0.21387586965391286,1920
1056,0.04,broad,joint_current,16,0.44,0.006626193261740791,0.006110262851967062,0.14680354829064954,1920
1056,0.04,broad,joint_current,17,0.48,0.008933767575831112,0.007299470499898967,0.24325734074972574,1920
1056,0.04,broad,joint_current,18,0.52,0.010582372268234538,0.010224837505493446,0.25363215985856064,1920
1056,0.04,broad,joint_current,19,0.56,0.017278396253962627,0.018749252563400553,0.463083473587558,1920
1056,0.04,broad,joint_current,20,0.6,0.0075779999602070035,0.006467813064915475,0.4678250899508431,1944
1056,0.04,broad,joint_current,21,0.64,0.003866123949287273,0.007593598151797222,0.43452969282753,1944
1056,0.04,broad,joint_current,22,0.65,0.0035587536980421102,0.007718188435433013,0.4257949113490777,1920
1056,0.04,broad,joint_current,23,0.65,0.006418762346112107,0.007472534700129777,0.5041129963467512,1944
1056,0.04,broad,joint_current,24,0.65,0.0021120112674962842,0.0027720827060354458,0.46993083407948355,1944
1056,0.04,broad,joint_current,25,0.65,0.0029768484156257337,0.0030041739682244465,0.5501246504926621,1920
1056,0.04,broad,joint_current,26,0.65,0.004459064189831229,0.003010788180496233,0.4938958246806574,1944
1056,0.04,broad,joint_current,27,0.65,0.0025818508222231443,0.003294990146393526,0.5047840019309613,1944
1056,0.04,broad,joint_current,28,0.65,0.0025482002980114844,0.002797311138015207,0.4914951858574198,1944
1056,0.04,broad,joint_current,29,0.65,0.0019224015297174529,0.0024862890700320826,0.49859439205242134,1944
1056,0.04,broad,joint_current_unpenalized,0,0.0,0.0,0.0,0.03401224028522397,1920
1056,0.04,broad,joint_current_unpenalized,1,0.0,4.709447847720377e-05,8.406762716810847e-05,0.10419380746047095,1920
1056,0.04,broad,joint_current_unpenalized,2,0.0,0.0004598182846579523,0.0005049891949885774,0.10557776656592044,1920
1056,0.04,broad,joint_current_unpenalized,3,0.0,0.00030449992606923346,0.0003422729093192879,0.04674694496893242,1920
1056,0.04,broad,joint_current_unpenalized,4,0.0,0.00021814646825431164,0.000261657884111845,0.10521130528716319,1920
1056,0.04,broad,joint_current_unpenalized,5,0.0,0.00021236733855387925,0.000218974723658702,0.10475286839583713,1944
1056,0.04,broad,joint_current_unpenalized,6,0.04,0.005573748276491125,0.004345007884986886,0.10827791557537976,1944
1056,0.04,broad,joint_current_unpenalized,7,0.08,0.006349522507283221,0.003950521779282589,0.13869742503911206,1944
1056,0.04,broad,joint_current_unpenalized,8,0.12,0.0034469449736300845,0.0033808742964387406,0.14036293220792215,1920
1056,0.04,broad,joint_current_unpenalized,9,0.16,0.0021360209804708336,0.0018032893027811188,0.14617679143183065,1920
1056,0.04,broad,joint_current_unpenalized,10,0.2,0.0011955567701755884,0.000984782386739548,0.1458843024620378,1920
1056,0.04,broad,joint_current_unpenalized,11,0.24,0.0009739156432653377,0.0008907522895050338,0.26274128863920454,1920
1056,0.04,broad,joint_current_unpenalized,12,0.28,0.0003227554221503002,0.0004849804696898104,0.3780312010940677,1920
1056,0.04,broad,joint_current_unpenalized,13,0.32,0.0005677165714129741,0.0009964535992445151,0.459575073702166,1944
1056,0.04,broad,joint_current_unpenalized,14,0.36,0.0024702861699086496,0.0013080552408883265,0.547209393953169,1944
1056,0.04,broad,joint_current_unpenalized,15,0.4,0.002038653565976092,0.0019079196026109656,0.6792621069326874,1920
1056,0.04,broad,joint_current_unpenalized,16,0.44,0.004326593463311222,0.004659775033656291,0.671581673000921,1920
1056,0.04,broad,joint_current_unpenalized,17,0.48,0.006319311061969528,0.004720027129424414,0.6720840175075099,1920
1056,0.04,broad,joint_current_unpenalized,18,0.52,0.0024377027913731644,0.004205100737331897,0.6624767069710922,1920
1056,0.04,broad,joint_current_unpenalized,19,0.56,0.004372345304957227,0.004124554668721261,0.6984730074784976,1920
1056,0.04,broad,joint_current_unpenalized,20,0.6,0.004987378345640565,0.004642958887491365,0.6691447575653275,1920
1056,0.04,broad,joint_current_unpenalized,21,0.64,0.002349655361466065,0.005727667206013768,0.7623173138212076,1920
1056,0.04,broad,joint_current_unpenalized,22,0.65,0.0001781203500694128,0.00018854013177197732,0.727378540958169,1920
1056,0.04,broad,joint_current_unpenalized,23,0.65,0.000131504631128485,0.00012331959657815086,0.6777871819061569,1920
1056,0.04,broad,joint_current_unpenalized,24,0.65,0.00011236833951035645,0.00014653976452559062,0.7873467143669168,1920
1056,0.04,broad,joint_current_unpenalized,25,0.65,0.00016042753587946102,0.00018051448094883333,0.7583137455798344,1920
1056,0.04,broad,joint_current_unpenalized,26,0.65,0.00011308510326451243,0.00023180226055315005,0.7509537388637314,1920
1056,0.04,broad,joint_current_unpenalized,27,0.65,0.00017757658292198212,0.0002601835084074984,0.7709700804215067,1920
1056,0.04,broad,joint_current_unpenalized,28,0.65,6.145718480867053e-05,5.299901113311353e-05,0.7724521114072576,1920
1056,0.04,broad,joint_current_unpenalized,29,0.65,0.00014669732732999752,0.00019736380212692688,0.7505092093936853,1920
1056,0.04,broad,joint_recent2,0,0.0,0.0,0.0,0.015227347225198421,1920
1056,0.04,broad,joint_recent2,1,0.0,4.5049436372856376e-05,6.596079133485455e-05,0.021369183185833543,1920
1056,0.04,broad,joint_recent2,2,0.0,4.130093648845694e-05,9.142393091725797e-05,0.01422836532098947,1920
1056,0.04,broad,joint_recent2,3,0.0,7.011775000799899e-05,9.114472685000322e-05,0.013467217858914967,1920
1056,0.04,broad,joint_recent2,4,0.0,4.592267622020237e-05,7.129816761831733e-05,0.02329829444710386,1920
1056,0.04,broad,joint_recent2,5,0.0,9.377328740201745e-05,8.36040653400637e-05,0.03167751232887834,1920
1056,0.04,broad,joint_recent2,6,0.04,0.005532318643316106,0.004302335992868001,0.04001458118359028,1920
1056,0.04,broad,joint_recent2,7,0.08,0.013565795733759175,0.008304946877509316,0.05252287157398718,1920
1056,0.04,broad,joint_recent2,8,0.12,0.010120045886785238,0.008733133246824325,0.0887096068345516,1920
1056,0.04,broad,joint_recent2,9,0.16,0.006368227056019475,0.005476757574725114,0.09708046340274873,1920
1056,0.04,broad,joint_recent2,10,0.2,0.002054014802264213,0.0020986633323927654,0.10880601973468854,1920
1056,0.04,broad,joint_recent2,11,0.24,0.0015297168508351545,0.0016128503799974008,0.13627963490560274,1920
1056,0.04,broad,joint_recent2,12,0.28,0.0010148778895682057,0.0012078923881764445,0.14641826058901317,1920
1056,0.04,broad,joint_recent2,13,0.32,0.0012738306057648817,0.0015203426346659518,0.12337622110975943,1920
1056,0.04,broad,joint_recent2,14,0.36,0.005379027569619807,0.003478291877168759,0.10211650586933443,1920
1056,0.04,broad,joint_recent2,15,0.4,0.004866785989403813,0.005843812344236426,0.11299717577573838,1920
1056,0.04,broad,joint_recent2,16,0.44,0.009169182299612362,0.009289101985784448,0.15276360526444022,1920
1056,0.04,broad,joint_recent2,17,0.48,0.015484185300256146,0.01201679944899683,0.1622563751713786,1920
1056,0.04,broad,joint_recent2,18,0.52,0.00893375944102869,0.012840732663037178,0.1906500903863648,1920
1056,0.04,broad,joint_recent2,19,0.56,0.021552679902960722,0.021978511721011392,0.22449408930176565,1920
1056,0.04,broad,joint_recent2,20,0.6,0.02082242759893274,0.017652924577437015,0.26478550216380586,1920
1056,0.04,broad,joint_recent2,21,0.64,0.015353919529634016,0.020924957856152508,0.26597309552057613,1920
1056,0.04,broad,joint_recent2,22,0.65,0.023705502388574575,0.015026778558031136,0.46052218203277745,1920
1056,0.04,broad,joint_recent2,23,0.65,0.006368417276981862,0.007790824415885251,0.6453141365111121,1920
1056,0.04,broad,joint_recent2,24,0.65,0.004688531461841106,0.004153257558776914,0.6483596412366149,1920
1056,0.04,broad,joint_recent2,25,0.65,0.002846815902072154,0.0039702338720609175,0.6542372936528379,1920
1056,0.04,broad,joint_recent2,26,0.65,0.0022456003100618034,0.0039388835580091135,0.5899744653806547,1920
1056,0.04,broad,joint_recent2,27,0.65,0.002687698661392228,0.004733016020413357,0.5730688429243818,1920
1056,0.04,broad,joint_recent2,28,0.65,0.003810928682154396,0.005237239113326531,0.6029291477171176,1920
1056,0.04,broad,joint_recent2,29,0.65,0.0037704470049053328,0.005359164220868645,0.6679414263062272,1920
1057,0.015,narrow,theta_current,0,0.0,0.0,0.0,0.0,1920
1057,0.015,narrow,theta_current,1,0.0,2.9654664232886054e-06,0.00020469265301164248,0.0,1920
1057,0.015,narrow,theta_current,2,0.0,2.6496073862466394e-05,0.0050420755106766,0.0,1920
1057,0.015,narrow,theta_current,3,0.0,1.477031414435891e-05,0.010219610254251013,0.0,1920
1057,0.015,narrow,theta_current,4,0.0,2.421191770020977e-05,0.009861213578267233,0.0,1920
1057,0.015,narrow,theta_current,5,0.0,7.2157900621034864e-06,0.01080437845598987,0.0,1920
1057,0.015,narrow,theta_current,6,0.015,8.533805750266286e-05,0.02158072266782217,0.0,1920
1057,0.015,narrow,theta_current,7,0.03,0.00011217693413431602,0.01644585020706992,0.0,1920
1057,0.015,narrow,theta_current,8,0.045,6.728336683723058e-05,0.030660106871667103,0.0,1920
1057,0.015,narrow,theta_current,9,0.06,0.0002864868525303459,0.059682047728722445,0.0,1920
1057,0.015,narrow,theta_current,10,0.075,0.0001561547160115871,0.036449712853024355,0.0,1920
1057,0.015,narrow,theta_current,11,0.09,7.191551802241171e-05,0.04282499564848242,0.0,1920
1057,0.015,narrow,theta_current,12,0.105,6.494487032906093e-05,0.06059618654627549,0.0,1920
1057,0.015,narrow,theta_current,13,0.12,0.00014068241445129207,0.06747201661712757,0.0,1920
1057,0.015,narrow,theta_current,14,0.135,0.00011244146612600225,0.08097556882935306,0.0,1920
1057,0.015,narrow,theta_current,15,0.15,9.773049133397935e-06,0.05865764354709113,0.0,1920
1057,0.015,narrow,theta_current,16,0.16499999999999998,0.00011947388664928695,0.04785045523713836,0.0,1920
1057,0.015,narrow,theta_current,17,0.18,0.0001838727168912575,0.06474464862021392,0.0,1920
1057,0.015,narrow,theta_current,18,0.195,0.0003160374690257802,0.0713338811777696,0.0,1920
1057,0.015,narrow,theta_current,19,0.21,8.946779140390968e-05,0.09030830261244387,0.0,1920
1057,0.015,narrow,theta_current,20,0.22499999999999998,0.00017941734887080203,0.10181094149931429,0.0,1920
1057,0.015,narrow,theta_current,21,0.24,0.00024108605799563675,0.11184928084058642,0.0,1920
1057,0.015,narrow,theta_current,22,0.255,0.00012880396935393404,0.14481788477270702,0.0,1920
1057,0.015,narrow,theta_current,23,0.27,5.21587536516199e-05,0.13408915403432722,0.0,1920
1057,0.015,narrow,theta_current,24,0.285,0.00018115927748460915,0.15101656307074637,0.0,1920
1057,0.015,narrow,theta_current,25,0.3,0.00023811730373386777,0.13581733235429516,0.0,1920
1057,0.015,narrow,theta_current,26,0.315,0.0005542181320388044,0.13959186418563063,0.0,1920
1057,0.015,narrow,theta_current,27,0.32999999999999996,0.00044854149232542224,0.17444981327642545,0.0,1920
1057,0.015,narrow,theta_current,28,0.345,0.00013661209640060463,0.15588610552777482,0.0,1920
1057,0.015,narrow,theta_current,29,0.36,0.00011941331002518875,0.1514394694606842,0.0,1920
1057,0.015,narrow,joint_current,0,0.0,0.0,0.0,0.0010449603387299245,1920
1057,0.015,narrow,joint_current,1,0.0,2.957739579623769e-06,0.00021201140307668923,0.003943069397708842,1920
1057,0.015,narrow,joint_current,2,0.0,2.657358145713692e-05,0.005264804284190112,0.0016559114696112444,1920
1057,0.015,narrow,joint_current,3,0.0,1.4751462942748995e-05,0.010319039983269785,0.0028587639853333954,1920
1057,0.015,narrow,joint_current,4,0.0,2.3530529219333043e-05,0.010396617685965462,0.0007588030589112039,1920
1057,0.015,narrow,joint_current,5,0.0,7.2406280001161304e-06,0.010663265504277174,0.0032638320583533308,1920
1057,0.015,narrow,joint_current,6,0.015,8.500337117406231e-05,0.02257841416454422,0.004336392367435172,1920
1057,0.015,narrow,joint_current,7,0.03,0.00011182467387039231,0.015485371994090709,0.002624801335213595,1920
1057,0.015,narrow,joint_current,8,0.045,6.749149351060946e-05,0.031168871982541466,0.003628305445981151,1920
1057,0.015,narrow,joint_current,9,0.06,0.0002833823681862823,0.06074677000072583,0.004301148612549473,1920
1057,0.015,narrow,joint_current,10,0.075,0.00015577725120938113,0.035395721092622276,0.00095290677146482,1920
1057,0.015,narrow,joint_current,11,0.09,7.201698995634494e-05,0.04267415298929429,0.000803253283186757,1920
1057,0.015,narrow,joint_current,12,0.105,6.534852292312188e-05,0.060651294239013526,0.001167295928980348,1920
1057,0.015,narrow,joint_current,13,0.12,0.00014065404418627455,0.06817619141537207,0.0008628664328501533,1920
1057,0.015,narrow,joint_current,14,0.135,0.00011251617898455635,0.08092790247333254,0.006854208489322735,1920
1057,0.015,narrow,joint_current,15,0.15,9.594882568005986e-06,0.057128349373557666,0.004358770217161233,1920
1057,0.015,narrow,joint_current,16,0.16499999999999998,0.00011903849099612576,0.0487229716181183,0.004100233883174681,1920
1057,0.015,narrow,joint_current,17,0.18,0.000183509258630161,0.06632989850549385,0.002003737352637956,1920
1057,0.015,narrow,joint_current,18,0.195,0.00031681936083491607,0.07083431381023035,0.001218402819410001,1920
1057,0.015,narrow,joint_current,19,0.21,8.950260792629746e-05,0.09103614366473542,0.0014924729527267973,1920
1057,0.015,narrow,joint_current,20,0.22499999999999998,0.00017946618715153435,0.10318975648750575,8.463913803063851e-05,1920
1057,0.015,narrow,joint_current,21,0.24,0.00024120507118753097,0.11237732984219811,0.002359456652448704,1920
1057,0.015,narrow,joint_current,22,0.255,0.00012866988189871352,0.14489754803750637,0.0020334931396219194,1920
1057,0.015,narrow,joint_current,23,0.27,5.196797286583277e-05,0.13404699710897622,0.0013715549049623079,1920
1057,0.015,narrow,joint_current,24,0.285,0.00018124131532398845,0.15165307056142596,0.005119594100548319,1920
1057,0.015,narrow,joint_current,25,0.3,0.00024029980957933217,0.13538650558694423,0.0014159534581503616,1920
1057,0.015,narrow,joint_current,26,0.315,0.0005542528865612047,0.14122404251976717,0.0044629808233339445,1920
1057,0.015,narrow,joint_current,27,0.32999999999999996,0.00044757435869298944,0.1751835653357533,0.0066584291191405555,1920
1057,0.015,narrow,joint_current,28,0.345,0.00013596652238809294,0.15764373287359246,0.0018924880177520107,1920
1057,0.015,narrow,joint_current,29,0.36,0.00012044650514722335,0.15245152976908927,0.004961813125601576,1920
1057,0.015,narrow,joint_current_unpenalized,0,0.0,0.0,0.0,0.03561254798464083,1920
1057,0.015,narrow,joint_current_unpenalized,1,0.0,3.0913106395465003e-06,0.0007808140822037428,0.17056503766083317,1920
1057,0.015,narrow,joint_current_unpenalized,2,0.0,3.673872331699994e-05,0.030070625852836465,0.21072848774689737,1920
1057,0.015,narrow,joint_current_unpenalized,3,0.0,1.5398926428268322e-05,0.06031783773492984,0.25630931170174487,1920
1057,0.015,narrow,joint_current_unpenalized,4,0.0,2.5831668704705467e-05,0.08595316338164843,0.19951083043229367,1920
1057,0.015,narrow,joint_current_unpenalized,5,0.0,1.2638199537758566e-05,0.05046769802527384,0.2888885090170386,1920
1057,0.015,narrow,joint_current_unpenalized,6,0.015,8.537476367876062e-05,0.11926313106215587,0.11606513596787746,1920
1057,0.015,narrow,joint_current_unpenalized,7,0.03,8.204076777621452e-05,0.020160923416042323,0.2002207502192841,1920
1057,0.015,narrow,joint_current_unpenalized,8,0.045,6.349532845777748e-05,0.06163606015846528,0.3024615410732632,1920
1057,0.015,narrow,joint_current_unpenalized,9,0.06,0.00021929133660816458,0.15491854323602933,0.15665354344948892,1920
1057,0.015,narrow,joint_current_unpenalized,10,0.075,0.0001279371960474607,0.03471333656469717,0.14292851234801757,1920
1057,0.015,narrow,joint_current_unpenalized,11,0.09,7.162090817076725e-05,0.03240170821581218,0.15599065756591712,1920
1057,0.015,narrow,joint_current_unpenalized,12,0.105,6.425076027607748e-05,0.04540693975585244,0.18655064761123263,1920
1057,0.015,narrow,joint_current_unpenalized,13,0.12,0.00013947755440098532,0.06825305235688992,0.1948113327875355,1920
1057,0.015,narrow,joint_current_unpenalized,14,0.135,0.00011293782631820825,0.07908992925040252,0.14446116001459197,1944
1057,0.015,narrow,joint_current_unpenalized,15,0.15,1.3860150640650098e-05,0.04259589349790409,0.12134787534491748,1920
1057,0.015,narrow,joint_current_unpenalized,16,0.16499999999999998,0.00014255467341593597,0.001479878468414378,0.1129045591956841,1920
1057,0.015,narrow,joint_current_unpenalized,17,0.18,0.00017036452895857879,0.0287273547074271,0.1235984197511111,1920
1057,0.015,narrow,joint_current_unpenalized,18,0.195,0.00032235458875924655,0.011601516140953555,0.1353307489787738,1920
1057,0.015,narrow,joint_current_unpenalized,19,0.21,9.254618412939369e-05,0.02377626587107734,0.13440121623484155,1920
1057,0.015,narrow,joint_current_unpenalized,20,0.22499999999999998,0.000182520294200663,0.045370246390501905,0.13854781192132049,1920
1057,0.015,narrow,joint_current_unpenalized,21,0.24,0.0002397892512497456,0.0520801583598301,0.1822515347918919,1920
1057,0.015,narrow,joint_current_unpenalized,22,0.255,0.00012987056909545484,0.08757794214355358,0.157301660730173,1920
1057,0.015,narrow,joint_current_unpenalized,23,0.27,5.167147585499085e-05,0.04877660129483373,0.17269431857013956,1920
1057,0.015,narrow,joint_current_unpenalized,24,0.285,0.0001814143337481469,0.07366097931666982,0.1867190017390707,1920
1057,0.015,narrow,joint_current_unpenalized,25,0.3,0.00026502971481826254,0.016199455816476485,0.18450626280623025,1920
1057,0.015,narrow,joint_current_unpenalized,26,0.315,0.0005550904800653098,0.01967346302974715,0.1883769533591956,1920
1057,0.015,narrow,joint_current_unpenalized,27,0.32999999999999996,0.00046643320901858823,0.0778243589376171,0.23053284173021216,1920
1057,0.015,narrow,joint_current_unpenalized,28,0.345,0.00014993442322932103,0.009628048430287132,0.2611327533047451,1920
1057,0.015,narrow,joint_current_unpenalized,29,0.36,9.994534601584814e-05,0.006941862242564903,0.22240912823573478,1920
1057,0.015,narrow,joint_recent2,0,0.0,0.0,0.0,0.0010449603387299245,1920
1057,0.015,narrow,joint_recent2,1,0.0,2.957739579623769e-06,0.00021201140307668923,0.002828745479191227,1920
1057,0.015,narrow,joint_recent2,2,0.0,1.2871143042141006e-05,0.001070961048516139,0.003519018439987961,1920
1057,0.015,narrow,joint_recent2,3,0.0,1.0369358100571782e-05,0.0032827938803150075,0.002645864722882287,1920
1057,0.015,narrow,joint_recent2,4,0.0,4.027181391044534e-06,0.0035176759200119755,0.0028150881628591857,1920
1057,0.015,narrow,joint_recent2,5,0.0,1.1269606616966758e-05,0.003944554395838138,0.0018291052913249938,1920
1057,0.015,narrow,joint_recent2,6,0.015,8.976991731943397e-05,0.006108395526302329,0.0023106009718436545,1920
1057,0.015,narrow,joint_recent2,7,0.03,0.00023160389519838532,0.009057781898367055,0.004060040597254321,1920
1057,0.015,narrow,joint_recent2,8,0.045,0.00013901749897639236,0.012506745839602047,0.006143738666653477,1920
1057,0.015,narrow,joint_recent2,9,0.06,0.0003771270894516142,0.0258431914098965,0.0015335423689626425,1920
1057,0.015,narrow,joint_recent2,10,0.075,0.00026644278007433757,0.03162940853220934,0.005598482390534406,1920
1057,0.015,narrow,joint_recent2,11,0.09,0.00015717563140371128,0.03249491752082746,0.0045442138094848785,1920
1057,0.015,narrow,joint_recent2,12,0.105,0.00010643125678928355,0.04141891385672225,0.0006151140314146006,1920
1057,0.015,narrow,joint_recent2,13,0.12,0.00013850125986430336,0.04740328730345006,0.002409992708722615,1920
1057,0.015,narrow,joint_recent2,14,0.135,0.00019965977698703594,0.05836556097947253,0.005276280049273084,1920
1057,0.015,narrow,joint_recent2,15,0.15,0.00013471198117415053,0.05672083609522251,0.006644823955533407,1920
1057,0.015,narrow,joint_recent2,16,0.16499999999999998,7.184965154715367e-05,0.05214136865026485,0.0019726088376305546,1920
1057,0.015,narrow,joint_recent2,17,0.18,0.0002702554883561089,0.05388423955674501,0.0026494492216045285,1920
1057,0.015,narrow,joint_recent2,18,0.195,0.0004484807155267215,0.06420402508557313,0.004707835192444821,1920
1057,0.015,narrow,joint_recent2,19,0.21,0.0003177740280099325,0.07829574682104226,0.0016698959549815314,1920
1057,0.015,narrow,joint_recent2,20,0.22499999999999998,0.00029023109958076665,0.09082972651259973,0.00044323966460139557,1920
1057,0.015,narrow,joint_recent2,21,0.24,0.0004586128251680547,0.09586520369288762,0.0052492973850430035,1920
1057,0.015,narrow,joint_recent2,22,0.255,0.00018592903442239247,0.11659321909311621,0.0025859464687235357,1920
1057,0.015,narrow,joint_recent2,23,0.27,0.00021719577140590283,0.1261219167951645,0.0014973102632188145,1920
1057,0.015,narrow,joint_recent2,24,0.285,0.00032018483801903936,0.12886821270718044,0.0029970979212912666,1920
1057,0.015,narrow,joint_recent2,25,0.3,0.0002982956355361286,0.1438265396221233,0.0025722287206856073,1920
1057,0.015,narrow,joint_recent2,26,0.315,0.000662505635403554,0.14204006337409936,0.002778464612121394,1920
1057,0.015,narrow,joint_recent2,27,0.32999999999999996,0.0008631007623428116,0.15521829824099842,0.0022260778113813084,1920
1057,0.015,narrow,joint_recent2,28,0.345,0.0004314594669441524,0.16329252268211517,0.006809512121372695,1920
1057,0.015,narrow,joint_recent2,29,0.36,0.0003601028720821701,0.15608799008845606,0.0008322305516499766,1920
1057,0.015,broad,theta_current,0,0.0,0.0,0.0,0.0,1920
1057,0.015,broad,theta_current,1,0.0,7.625218171817088e-05,0.00010798041658506398,0.0,1920
1057,0.015,broad,theta_current,2,0.0,1.3941218670698818e-05,1.5733161350931155e-05,0.0,1920
1057,0.015,broad,theta_current,3,0.0,7.936385176687102e-05,8.332055602333823e-05,0.0,1920
1057,0.015,broad,theta_current,4,0.0,9.704723214762166e-05,0.00011417934598149827,0.0,1920
1057,0.015,broad,theta_current,5,0.0,8.82173977476763e-05,8.683445422349534e-05,0.0,1920
1057,0.015,broad,theta_current,6,0.015,0.0004020930838260807,0.0003693261623224452,0.0,1920
1057,0.015,broad,theta_current,7,0.03,0.0004510985260977941,0.0004924406568032805,0.0,1920
1057,0.015,broad,theta_current,8,0.045,0.0008013726597054907,0.001057730205831942,0.0,1920
1057,0.015,broad,theta_current,9,0.06,0.0013767910799458627,0.0014580116150516602,0.0,1920
1057,0.015,broad,theta_current,10,0.075,0.0024649411877484696,0.002075116248965632,0.0,1920
1057,0.015,broad,theta_current,11,0.09,0.0036384072430248413,0.0030544544162574103,0.0,1920
1057,0.015,broad,theta_current,12,0.105,0.0056169343253946935,0.0041643187029213385,0.0,1920
1057,0.015,broad,theta_current,13,0.12,0.005616131454466597,0.0062595462317453715,0.0,1920
1057,0.015,broad,theta_current,14,0.135,0.010160290350485624,0.009320718715953077,0.0,1944
1057,0.015,broad,theta_current,15,0.15,0.005770949705653561,0.008553462755724888,0.0,1944
1057,0.015,broad,theta_current,16,0.16499999999999998,0.006092882729808062,0.009069779535578304,0.0,1920
1057,0.015,broad,theta_current,17,0.18,0.012136622264914873,0.01441705804966488,0.0,1920
1057,0.015,broad,theta_current,18,0.195,0.01063636986651417,0.014565672408263751,0.0,1920
1057,0.015,broad,theta_current,19,0.21,0.017609229367886923,0.013350305494807698,0.0,1920
1057,0.015,broad,theta_current,20,0.22499999999999998,0.01636672766854225,0.023732063809740155,0.0,1920
1057,0.015,broad,theta_current,21,0.24,0.020481723871081176,0.01821966035544225,0.0,1920
1057,0.015,broad,theta_current,22,0.255,0.02853818605553202,0.023948391123204717,0.0,1920
1057,0.015,broad,theta_current,23,0.27,0.019214103350525983,0.02167595660474665,0.0,1920
1057,0.015,broad,theta_current,24,0.285,0.016606365178075785,0.025889119181066157,0.0,1920
1057,0.015,broad,theta_current,25,0.3,0.03951965406684535,0.031831490796108,0.0,1944
1057,0.015,broad,theta_current,26,0.315,0.029718670332680445,0.024578612071771158,0.0,1944
1057,0.015,broad,theta_current,27,0.32999999999999996,0.040045582374987156,0.03607453089004793,0.0,1920
1057,0.015,broad,theta_current,28,0.345,0.031245046581147365,0.032469966151746035,0.0,1944
1057,0.015,broad,theta_current,29,0.36,0.03817445623571506,0.0326281203715441,0.0,1920
1057,0.015,broad,joint_current,0,0.0,0.0,0.0,0.004386225823136966,1920
1057,0.015,broad,joint_current,1,0.0,9.518985111798195e-05,0.00011774445035726667,0.02648704001640585,1920
1057,0.015,broad,joint_current,2,0.0,0.0001128234282700839,0.00010007200288731922,0.02035606767316487,1920
1057,0.015,broad,joint_current,3,0.0,0.00034124348880151546,0.0004953890513598206,0.016883698909441806,1920
1057,0.015,broad,joint_current,4,0.0,0.00034856177541727406,0.00041967869394377835,0.006306852373370742,1920
1057,0.015,broad,joint_current,5,0.0,8.226140856161626e-05,9.276578492058607e-05,0.023387733520837665,1920
1057,0.015,broad,joint_current,6,0.015,0.0005947275063538211,0.00048615761508015215,0.0347335352402543,1920
1057,0.015,broad,joint_current,7,0.03,0.000250761861985872,0.00028663950913467256,0.04122004731300894,1920
1057,0.015,broad,joint_current,8,0.045,0.00013900915170637963,0.00018088233157593044,0.03998194494728191,1920
1057,0.015,broad,joint_current,9,0.06,0.0005871823733912119,0.0005563158200016265,0.05159865011368447,1920
1057,0.015,broad,joint_current,10,0.075,0.00037004147012980264,0.0003113460165469392,0.08494716574183177,1920
1057,0.015,broad,joint_current,11,0.09,0.0013392479370313891,0.0005737212650206531,0.09025984202479825,1920
1057,0.015,broad,joint_current,12,0.105,0.0021706414753323417,0.0016694544691420769,0.08999252487333627,1920
1057,0.015,broad,joint_current,13,0.12,0.0005380749571698405,0.0006786654280617147,0.10050793139914123,1920
1057,0.015,broad,joint_current,14,0.135,0.0011880943511805668,0.0011612257846662826,0.12456371160221524,1920
1057,0.015,broad,joint_current,15,0.15,0.00045705998288059717,0.000456087728211741,0.12502978887461977,1920
1057,0.015,broad,joint_current,16,0.16499999999999998,0.0004767089241935324,0.0005927756777503472,0.14718517976883577,1920
1057,0.015,broad,joint_current,17,0.18,0.00032429636827468095,0.0005386158016576778,0.15752918633552923,1920
1057,0.015,broad,joint_current,18,0.195,0.0005057126129821544,0.0006139732311947437,0.13593224790310365,1920
1057,0.015,broad,joint_current,19,0.21,0.0010855150298083698,0.0010929145403177657,0.18392628771005667,1920
1057,0.015,broad,joint_current,20,0.22499999999999998,0.0006963410684610744,0.0008338352006713488,0.1641503160521226,1920
1057,0.015,broad,joint_current,21,0.24,0.001778687221247767,0.0020875552205798682,0.19947771831494346,1920
1057,0.015,broad,joint_current,22,0.255,0.0004137393107351266,0.00037257506651408644,0.21367250857148037,1920
1057,0.015,broad,joint_current,23,0.27,0.00024263050163345198,0.0006188208935643173,0.1836795796612693,1920
1057,0.015,broad,joint_current,24,0.285,0.0020688816196485055,0.0017867832568931033,0.2215185892846547,1920
1057,0.015,broad,joint_current,25,0.3,0.000959989461294511,0.0008241714010560873,0.228339089727047,1920
1057,0.015,broad,joint_current,26,0.315,0.0004922601793254308,0.0008786547561983319,0.26505751037263153,1920
1057,0.015,broad,joint_current,27,0.32999999999999996,0.0007374117643413244,0.0008675412423902263,0.2961884649767545,1920
1057,0.015,broad,joint_current,28,0.345,0.000511806486688953,0.0005080269364743791,0.2852849460408527,1920
1057,0.015,broad,joint_current,29,0.36,0.0002602041669761581,0.000415459698639689,0.2594672652188858,1920
1057,0.015,broad,joint_current_unpenalized,0,0.0,0.0,0.0,0.008620720393512974,1920
1057,0.015,broad,joint_current_unpenalized,1,0.0,9.220100255202383e-05,0.00011670432742538199,0.07358179346822666,1920
1057,0.015,broad,joint_current_unpenalized,2,0.0,0.00017674496442200095,0.00014605130668371907,0.04211180948453388,1920
1057,0.015,broad,joint_current_unpenalized,3,0.0,0.0005377296944004538,0.0009258213291141393,0.030559404050198823,1920
1057,0.015,broad,joint_current_unpenalized,4,0.0,0.0003500690281529603,0.0003952230701820793,0.008633710780292748,1920
1057,0.015,broad,joint_current_unpenalized,5,0.0,8.504676650502907e-05,9.493854240157358e-05,0.07753707951318618,1920
1057,0.015,broad,joint_current_unpenalized,6,0.015,0.0006433246819456464,0.0005306770839788717,0.07879396879723824,1920
1057,0.015,broad,joint_current_unpenalized,7,0.03,0.0003268517711662623,0.0003539813868606318,0.04718194100660396,1920
1057,0.015,broad,joint_current_unpenalized,8,0.045,0.00014482364735982867,0.0001769342119119371,0.04393071993524832,1920
1057,0.015,broad,joint_current_unpenalized,9,0.06,0.0005535606757613342,0.0005338980521140345,0.053909940211472086,1920
1057,0.015,broad,joint_current_unpenalized,10,0.075,0.000353849125678626,0.000296780927452827,0.09951452320418216,1920
1057,0.015,broad,joint_current_unpenalized,11,0.09,0.0015411663747219118,0.0006891455209040421,0.09960224966813287,1920
1057,0.015,broad,joint_current_unpenalized,12,0.105,0.0019379192375450981,0.0017118906252995402,0.1037345595914638,1920
1057,0.015,broad,joint_current_unpenalized,13,0.12,0.00044668492852372306,0.0005831422751495651,0.11935328963173927,1920
1057,0.015,broad,joint_current_unpenalized,14,0.135,0.0007614361097356492,0.0007347901643794376,0.13612786972157048,1920
1057,0.015,broad,joint_current_unpenalized,15,0.15,0.0004039487264222317,0.0004156314910033918,0.1366633366762668,1920
1057,0.015,broad,joint_current_unpenalized,16,0.16499999999999998,0.0003658216897706242,0.00045003919987458835,0.1663539672069902,1920
1057,0.015,broad,joint_current_unpenalized,17,0.18,0.0001630410948113391,0.00034304241675315065,0.18422654763661694,1920
1057,0.015,broad,joint_current_unpenalized,18,0.195,0.0003114723446372565,0.0003676376203386139,0.18850089058270597,1920
1057,0.015,broad,joint_current_unpenalized,19,0.21,0.00046236275502621415,0.0004605660186205844,0.22843647572408843,1920
1057,0.015,broad,joint_current_unpenalized,20,0.22499999999999998,0.00036828921719054495,0.0006660343056238468,0.18798079660702025,1920
1057,0.015,broad,joint_current_unpenalized,21,0.24,0.001060244823496892,0.001192379992679922,0.23112711671115327,1920
1057,0.015,broad,joint_current_unpenalized,22,0.255,0.000467998122445488,0.00038072246901636807,0.25054905929407195,1920
1057,0.015,broad,joint_current_unpenalized,23,0.27,0.00010076134960637971,0.0002670757380594929,0.23611129875822418,1920
1057,0.015,broad,joint_current_unpenalized,24,0.285,0.0005484404293054209,0.0005787602865167122,0.28851269638270866,1920
1057,0.015,broad,joint_current_unpenalized,25,0.3,0.0005391685176459848,0.000453129585107381,0.28731428857543684,1920
1057,0.015,broad,joint_current_unpenalized,26,0.315,0.00034599164474095385,0.0005263787825031061,0.3203478803580384,1920
1057,0.015,broad,joint_current_unpenalized,27,0.32999999999999996,0.0004112793798297413,0.0005094806803507963,0.3710890465344811,1920
1057,0.015,broad,joint_current_unpenalized,28,0.345,0.00045447659754374115,0.0004898428158623225,0.32482616639832634,1920
1057,0.015,broad,joint_current_unpenalized,29,0.36,0.00015794269825494955,0.00021399781267923186,0.3414873124304075,1920
1057,0.015,broad,joint_recent2,0,0.0,0.0,0.0,0.004386225823136966,1920
1057,0.015,broad,joint_recent2,1,0.0,9.518985111798195e-05,0.00011774445035726667,0.015614907071374412,1920
1057,0.015,broad,joint_recent2,2,0.0,0.00010008490641463175,7.175806939954004e-05,0.01430415524074503,1920
1057,0.015,broad,joint_recent2,3,0.0,5.068641072487182e-05,4.528375675105752e-05,0.005944016483332401,1920
1057,0.015,broad,joint_recent2,4,0.0,8.796820158749219e-05,0.00010561701588152904,0.008079764654353453,1920
1057,0.015,broad,joint_recent2,5,0.0,4.10636444803443e-05,3.3279302201993916e-05,0.009935492116165104,1920
1057,0.015,broad,joint_recent2,6,0.015,0.0006362043541690739,0.00048699074954623364,0.010099291578260762,1920
1057,0.015,broad,joint_recent2,7,0.03,0.0004906498075262326,0.0005966600384028943,0.032893477521800336,1920
1057,0.015,broad,joint_recent2,8,0.045,0.0006163857449491157,0.000602087191377769,0.04226790090171912,1920
1057,0.015,broad,joint_recent2,9,0.06,0.0007250396172841254,0.0007068186633868728,0.05084176700027037,1920
1057,0.015,broad,joint_recent2,10,0.075,0.0009096295852051746,0.0008148282198269915,0.06586120304695205,1920
1057,0.015,broad,joint_recent2,11,0.09,0.0013501409427776293,0.0007592137364888518,0.08352346834410145,1920
1057,0.015,broad,joint_recent2,12,0.105,0.0012622239171502779,0.0008446236011731044,0.09331199286416625,1920
1057,0.015,broad,joint_recent2,13,0.12,0.0006885279989139829,0.0008498752594362267,0.10404660794594205,1920
1057,0.015,broad,joint_recent2,14,0.135,0.0009562514355167714,0.001006745345301875,0.12191097804413012,1920
1057,0.015,broad,joint_recent2,15,0.15,0.0006093762745555299,0.0006376499845984132,0.12806944944234172,1920
1057,0.015,broad,joint_recent2,16,0.16499999999999998,0.0006234909540168391,0.0006082539447504429,0.13726054913024716,1920
1057,0.015,broad,joint_recent2,17,0.18,0.0006608419125927221,0.0006803282253354745,0.15397746422172318,1920
1057,0.015,broad,joint_recent2,18,0.195,0.0008361871671752626,0.001035699273818869,0.1644061930663673,1920
1057,0.015,broad,joint_recent2,19,0.21,0.0006363881179209641,0.0007211737462901844,0.17469117953306804,1920
1057,0.015,broad,joint_recent2,20,0.22499999999999998,0.0007544226075911434,0.0008967271533275469,0.1833736800304105,1920
1057,0.015,broad,joint_recent2,21,0.24,0.0010271100255988775,0.0009249395592172432,0.19142151271800267,1920
1057,0.015,broad,joint_recent2,22,0.255,0.000496231748988956,0.0006792113750491787,0.20671509571147395,1920
1057,0.015,broad,joint_recent2,23,0.27,0.0003764066554920909,0.00072319100054265,0.2086821752274814,1920
1057,0.015,broad,joint_recent2,24,0.285,0.0016031213416985675,0.001481110142490927,0.2277798110305583,1920
1057,0.015,broad,joint_recent2,25,0.3,0.0011233282559532007,0.0008399734529782718,0.2395102126592678,1920
1057,0.015,broad,joint_recent2,26,0.315,0.00045898627162457053,0.0008344152803394711,0.24386986953588513,1920
1057,0.015,broad,joint_recent2,27,0.32999999999999996,0.001090912085390702,0.0013764501094923774,0.28076037249227914,1920
1057,0.015,broad,joint_recent2,28,0.345,0.0009540325469260643,0.0009683406277358002,0.2894843417573779,1920
1057,0.015,broad,joint_recent2,29,0.36,0.0006982210453039782,0.0007736501694635761,0.28227772819538705,1920
1057,0.04,narrow,theta_current,0,0.0,0.0,0.0,0.0,1920
1057,0.04,narrow,theta_current,1,0.0,2.9654664232886054e-06,0.00020469265301164248,0.0,1920
1057,0.04,narrow,theta_current,2,0.0,2.6496073862466394e-05,0.0050420755106766,0.0,1920
1057,0.04,narrow,theta_current,3,0.0,1.477031414435891e-05,0.010219610254251013,0.0,1920
1057,0.04,narrow,theta_current,4,0.0,2.421191770020977e-05,0.009861213578267233,0.0,1920
1057,0.04,narrow,theta_current,5,0.0,7.2157900621034864e-06,0.01080437845598987,0.0,1920
1057,0.04,narrow,theta_current,6,0.04,0.0006395574115775549,0.02341633771367444,0.0,1920
1057,0.04,narrow,theta_current,7,0.08,0.0008231328597945918,0.028271672216115817,0.0,1920
1057,0.04,narrow,theta_current,8,0.12,0.0004625819560644445,0.059659019389496824,0.0,1920
1057,0.04,narrow,theta_current,9,0.16,0.0012266144926581645,0.11079934530619312,0.0,1920
1057,0.04,narrow,theta_current,10,0.2,0.0008090692424982381,0.10084132231507811,0.0,1920
1057,0.04,narrow,theta_current,11,0.24,0.0008836430062706772,0.12585182148134144,0.0,1920
1057,0.04,narrow,theta_current,12,0.28,0.0009701543270872797,0.16508087840437352,0.0,1920
1057,0.04,narrow,theta_current,13,0.32,0.0012486698668340594,0.18643928486796718,0.0,1920
1057,0.04,narrow,theta_current,14,0.36,0.0013831151090108785,0.21092663887745294,0.0,1920
1057,0.04,narrow,theta_current,15,0.4,0.0010036970858476274,0.18476237398686268,0.0,1920
1057,0.04,narrow,theta_current,16,0.44,0.0019938670620410644,0.17407836909706645,0.0,1920
1057,0.04,narrow,theta_current,17,0.48,0.0011440897399670783,0.2068576275502596,0.0,1920
1057,0.04,narrow,theta_current,18,0.52,0.002054589970020565,0.19489393484565765,0.0,1920
1057,0.04,narrow,theta_current,19,0.56,0.001589402242838961,0.20459836687635474,0.0,1920
1057,0.04,narrow,theta_current,20,0.6,0.001407961316765857,0.20636288454830987,0.0,1920
1057,0.04,narrow,theta_current,21,0.64,0.001148917227777029,0.19163460221043382,0.0,1920
1057,0.04,narrow,theta_current,22,0.65,0.00011069949271115027,0.2062231457385222,0.0,1920
1057,0.04,narrow,theta_current,23,0.65,2.5302021052361087e-05,0.17832856854456136,0.0,1920
1057,0.04,narrow,theta_current,24,0.65,3.9469402605482296e-06,0.18507426124205673,0.0,1920
1057,0.04,narrow,theta_current,25,0.65,5.779319900753705e-05,0.1739374659912835,0.0,1920
1057,0.04,narrow,theta_current,26,0.65,0.00010841888888505144,0.17133931691955245,0.0,1920
1057,0.04,narrow,theta_current,27,0.65,9.950581444220358e-05,0.1838918446911657,0.0,1920
1057,0.04,narrow,theta_current,28,0.65,2.945822695208193e-05,0.17323747031898443,0.0,1920
1057,0.04,narrow,theta_current,29,0.65,4.909344571646116e-05,0.1714488548043084,0.0,1920
1057,0.04,narrow,joint_current,0,0.0,0.0,0.0,0.0010449603387299245,1920
1057,0.04,narrow,joint_current,1,0.0,2.957739579623769e-06,0.00021201140307668923,0.003943069397708842,1920
1057,0.04,narrow,joint_current,2,0.0,2.657358145713692e-05,0.005264804284190112,0.0016559114696112444,1920
1057,0.04,narrow,joint_current,3,0.0,1.4751462942748995e-05,0.010319039983269785,0.0028587639853333954,1920
1057,0.04,narrow,joint_current,4,0.0,2.3530529219333043e-05,0.010396617685965462,0.0007588030589112039,1920
1057,0.04,narrow,joint_current,5,0.0,7.2406280001161304e-06,0.010663265504277174,0.0032638320583533308,1920
1057,0.04,narrow,joint_current,6,0.04,0.0006388346132315028,0.02444765810986493,0.004848708650581925,1920
1057,0.04,narrow,joint_current,7,0.08,0.0008225369748525848,0.02691899809702889,0.003090665033832794,1920
1057,0.04,narrow,joint_current,8,0.12,0.0004636379823067683,0.06026113789502814,0.004042768075790783,1920
1057,0.04,narrow,joint_current,9,0.16,0.0012208224384168025,0.11234290132886678,0.0053621942007640745,1920
1057,0.04,narrow,joint_current,10,0.2,0.0008092506602915085,0.09891208624145509,0.0015641332033957725,1920
1057,0.04,narrow,joint_current,11,0.24,0.0008848119653241766,0.12553346554694944,0.0009349941012244991,1920
1057,0.04,narrow,joint_current,12,0.28,0.0009691635574222966,0.16531343752669228,0.001167758582694206,1920
1057,0.04,narrow,joint_current,13,0.32,0.0012491046206822112,0.18715279343909821,0.0010194686087745546,1920
1057,0.04,narrow,joint_current,14,0.36,0.0013830274267793497,0.21066043685567223,0.008822399697607024,1920
1057,0.04,narrow,joint_current,15,0.4,0.0010080012296829024,0.1833240386259451,0.0037386739381096803,1920
1057,0.04,narrow,joint_current,16,0.44,0.0019900889441248483,0.17581090607768107,0.004199801705483256,1920
1057,0.04,narrow,joint_current,17,0.48,0.0011437588560158475,0.20667210642753608,0.0017852159364451403,1920
1057,0.04,narrow,joint_current,18,0.52,0.00205463478680654,0.19538556349290293,0.0002932622392841972,1920
1057,0.04,narrow,joint_current,19,0.56,0.001587765923486287,0.20506355760753892,0.0007884209795457434,1920
1057,0.04,narrow,joint_current,20,0.6,0.0014067466729879338,0.20704632870787093,0.0015932334965739672,1920
1057,0.04,narrow,joint_current,21,0.64,0.0011480707945135291,0.19268853360590965,0.0008761790859294687,1920
1057,0.04,narrow,joint_current,22,0.65,0.0001096390202428165,0.20630913054775274,0.0032497170267582857,1920
1057,0.04,narrow,joint_current,23,0.65,2.4824039336454797e-05,0.17918140906620494,0.0015023858956484777,1920
1057,0.04,narrow,joint_current,24,0.65,3.926334821422698e-06,0.18503047494518648,0.00421751440477335,1920
1057,0.04,narrow,joint_current,25,0.65,5.853425737336279e-05,0.1741082601405426,0.0009210347762401452,1920
1057,0.04,narrow,joint_current,26,0.65,0.00010841106572626329,0.1716456993269238,0.0027583459854636297,1920
1057,0.04,narrow,joint_current,27,0.65,9.950784802887589e-05,0.18355008123701375,0.007436192505083111,1920
1057,0.04,narrow,joint_current,28,0.65,3.0561246525998204e-05,0.17372312628932862,0.0004295256798862525,1920
1057,0.04,narrow,joint_current,29,0.65,4.9089871659100954e-05,0.17124885514037377,0.005098925493271118,1920
1057,0.04,narrow,joint_current_unpenalized,0,0.0,0.0,0.0,0.03561254798464083,1920
1057,0.04,narrow,joint_current_unpenalized,1,0.0,3.0913106395465003e-06,0.0007808140822037428,0.17056503766083317,1920
1057,0.04,narrow,joint_current_unpenalized,2,0.0,3.673872331699994e-05,0.030070625852836465,0.21072848774689737,1920
1057,0.04,narrow,joint_current_unpenalized,3,0.0,1.5398926428268322e-05,0.06031783773492984,0.25630931170174487,1920
1057,0.04,narrow,joint_current_unpenalized,4,0.0,2.5831668704705467e-05,0.08595316338164843,0.19951083043229367,1920
1057,0.04,narrow,joint_current_unpenalized,5,0.0,1.2638199537758566e-05,0.05046769802527384,0.2888885090170386,1920
1057,0.04,narrow,joint_current_unpenalized,6,0.04,0.0006277426264346325,0.12063636509444522,0.11326012802100427,1920
1057,0.04,narrow,joint_current_unpenalized,7,0.08,0.0007700061196743889,0.028518115933173754,0.1966922538305764,1920
1057,0.04,narrow,joint_current_unpenalized,8,0.12,0.00047555068129084577,0.08476614841881125,0.3011462496729113,1920
1057,0.04,narrow,joint_current_unpenalized,9,0.16,0.0011287320657419988,0.18379114552687997,0.16529323833330337,1920
1057,0.04,narrow,joint_current_unpenalized,10,0.2,0.0008562182461815827,0.07293886323894798,0.16265414756451738,1920
1057,0.04,narrow,joint_current_unpenalized,11,0.24,0.000885848877150733,0.0735521987088297,0.18879906229598534,1920
1057,0.04,narrow,joint_current_unpenalized,12,0.28,0.000968672767091967,0.09901538695250937,0.2105439659034697,1920
1057,0.04,narrow,joint_current_unpenalized,13,0.32,0.0012515057547513328,0.12982732497198385,0.2243885898622069,1920
1057,0.04,narrow,joint_current_unpenalized,14,0.36,0.0013799122507014174,0.1362491136668943,0.26022776144137233,1920
1057,0.04,narrow,joint_current_unpenalized,15,0.4,0.001096307371666466,0.01684552133887539,0.3622668099358825,1920
1057,0.04,narrow,joint_current_unpenalized,16,0.44,0.0019620612168690416,0.018049998591900346,0.30976174491338565,1920
1057,0.04,narrow,joint_current_unpenalized,17,0.48,0.0011085575500187374,0.018111521474425622,0.34997150909424446,1920
1057,0.04,narrow,joint_current_unpenalized,18,0.52,0.0020313421180523593,0.011238490403267862,0.3930395183454264,1920
1057,0.04,narrow,joint_current_unpenalized,19,0.56,0.001594964749575957,0.010516866634412467,0.43016578521084803,1920
1057,0.04,narrow,joint_current_unpenalized,20,0.6,0.0013995694524677887,0.015442763792208257,0.48730508614707063,1920
1057,0.04,narrow,joint_current_unpenalized,21,0.64,0.0011416090361219778,0.01390460272778445,0.447592819586535,1920
1057,0.04,narrow,joint_current_unpenalized,22,0.65,0.00010803047599543616,0.02237735907928685,0.5478883522061722,1920
1057,0.04,narrow,joint_current_unpenalized,23,0.65,2.7991043728683255e-05,0.005355705652424559,0.5150878641277815,1920
1057,0.04,narrow,joint_current_unpenalized,24,0.65,3.6550452349454994e-06,0.008079358979302767,0.6011725225729513,1920
1057,0.04,narrow,joint_current_unpenalized,25,0.65,2.250099186592528e-05,0.049225272196189884,0.5936921828620855,1920
1057,0.04,narrow,joint_current_unpenalized,26,0.65,0.00011200923492517093,0.020004584655980987,0.5084339357490935,1920
1057,0.04,narrow,joint_current_unpenalized,27,0.65,9.843479363282959e-05,0.007886242435224958,0.6324531064228058,1920
1057,0.04,narrow,joint_current_unpenalized,28,0.65,5.297835083546879e-05,0.08882341242820538,0.6695125067188522,1920
1057,0.04,narrow,joint_current_unpenalized,29,0.65,5.100276252377906e-05,0.12989810404751984,0.6428818164088661,1944
1057,0.04,narrow,joint_recent2,0,0.0,0.0,0.0,0.0010449603387299245,1920
1057,0.04,narrow,joint_recent2,1,0.0,2.957739579623769e-06,0.00021201140307668923,0.002828745479191227,1920
1057,0.04,narrow,joint_recent2,2,0.0,1.2871143042141006e-05,0.001070961048516139,0.003519018439987961,1920
1057,0.04,narrow,joint_recent2,3,0.0,1.0369358100571782e-05,0.0032827938803150075,0.002645864722882287,1920
1057,0.04,narrow,joint_recent2,4,0.0,4.027181391044534e-06,0.0035176759200119755,0.0028150881628591857,1920
1057,0.04,narrow,joint_recent2,5,0.0,1.1269606616966758e-05,0.003944554395838138,0.0018291052913249938,1920
1057,0.04,narrow,joint_recent2,6,0.04,0.0006826854466614563,0.008252186284414036,0.004319260740625399,1920
1057,0.04,narrow,joint_recent2,7,0.08,0.001960606726167835,0.01721429795695617,0.007017365792614746,1920
1057,0.04,narrow,joint_recent2,8,0.12,0.0009326920740184138,0.02980866854720869,0.008609916266200418,1920
1057,0.04,narrow,joint_recent2,9,0.16,0.0025114753780896104,0.057395568004729045,0.0037350562792899714,1920
1057,0.04,narrow,joint_recent2,10,0.2,0.0021563245711401905,0.08399979047314098,0.009548982339156485,1920
1057,0.04,narrow,joint_recent2,11,0.24,0.001940310021012347,0.10309335384492627,0.006762577860813017,1920
1057,0.04,narrow,joint_recent2,12,0.28,0.001713080447662078,0.13501461557583028,0.004563368267855048,1920
1057,0.04,narrow,joint_recent2,13,0.32,0.0027624936633345158,0.13571698754500258,0.00879983338435233,1920
1057,0.04,narrow,joint_recent2,14,0.36,0.0027059103000317618,0.18216459693990206,0.008398452270773897,1920
1057,0.04,narrow,joint_recent2,15,0.4,0.0027035496162625384,0.17774494698211124,0.0055524402506880975,1920
1057,0.04,narrow,joint_recent2,16,0.44,0.0034758975803217116,0.1865329333787646,0.007558058576825413,1920
1057,0.04,narrow,joint_recent2,17,0.48,0.0031300494073666883,0.1776664173079575,0.0041114895045058384,1920
1057,0.04,narrow,joint_recent2,18,0.52,0.003778302866155937,0.19547776111547427,0.002847547079544312,1920
1057,0.04,narrow,joint_recent2,19,0.56,0.002780098206765332,0.20493834854335374,0.0040357982199948714,1920
1057,0.04,narrow,joint_recent2,20,0.6,0.0031560181572647156,0.20859444896521917,0.0073233271064246834,1920
1057,0.04,narrow,joint_recent2,21,0.64,0.002450234673982642,0.20324219752669906,0.002160983077013002,1920
1057,0.04,narrow,joint_recent2,22,0.65,0.0006475382828438572,0.19652550266082283,0.003044581138361425,1920
1057,0.04,narrow,joint_recent2,23,0.65,5.407422119487685e-06,0.1870603022331836,0.00236693510335419,1920
1057,0.04,narrow,joint_recent2,24,0.65,5.852560962285224e-06,0.1816714302888543,0.0022355025614388055,1920
1057,0.04,narrow,joint_recent2,25,0.65,1.4258677918409668e-05,0.17979190686239532,0.006101535354960725,1920
1057,0.04,narrow,joint_recent2,26,0.65,6.029190655918101e-05,0.1731256217364558,0.001808070294010948,1920
1057,0.04,narrow,joint_recent2,27,0.65,7.309444152946447e-05,0.17291096885586732,0.0027505988460678516,1920
1057,0.04,narrow,joint_recent2,28,0.65,3.297342859763123e-05,0.1753456268024339,0.004996673168887104,1920
1057,0.04,narrow,joint_recent2,29,0.65,2.4641522096501567e-05,0.17372188806506883,0.0016050180817667745,1920
1057,0.04,broad,theta_current,0,0.0,0.0,0.0,0.0,1920
1057,0.04,broad,theta_current,1,0.0,7.625218171817088e-05,0.00010798041658506398,0.0,1920
1057,0.04,broad,theta_current,2,0.0,1.3941218670698818e-05,1.5733161350931155e-05,0.0,1920
1057,0.04,broad,theta_current,3,0.0,7.936385176687102e-05,8.332055602333823e-05,0.0,1920
1057,0.04,broad,theta_current,4,0.0,9.704723214762166e-05,0.00011417934598149827,0.0,1920
1057,0.04,broad,theta_current,5,0.0,8.82173977476763e-05,8.683445422349534e-05,0.0,1920
1057,0.04,broad,theta_current,6,0.04,0.0031447862223614015,0.0023966130014579684,0.0,1920
1057,0.04,broad,theta_current,7,0.08,0.0028995849385855276,0.0034196368092717427,0.0,1920
1057,0.04,broad,theta_current,8,0.12,0.005807611826994893,0.006910266784022927,0.0,1920
1057,0.04,broad,theta_current,9,0.16,0.007581494801279169,0.00832071016260491,0.0,1920
1057,0.04,broad,theta_current,10,0.2,0.016148855839385714,0.0119026919343021,0.0,1920
1057,0.04,broad,theta_current,11,0.24,0.018425211076038703,0.016183437294276966,0.0,1920
1057,0.04,broad,theta_current,12,0.28,0.04050997106666368,0.02974738879221357,0.0,1944
1057,0.04,broad,theta_current,13,0.32,0.03850625024569737,0.030445871551323243,0.0,1944
1057,0.04,broad,theta_current,14,0.36,0.0447334808477434,0.042064612545443004,0.0,1920
1057,0.04,broad,theta_current,15,0.4,0.042079536358179515,0.038127233314798045,0.0,1944
1057,0.04,broad,theta_current,16,0.44,0.03286263884650082,0.04266917694457001,0.0,1944
1057,0.04,broad,theta_current,17,0.48,0.04699328227912942,0.06679037254980005,0.0,1920
1057,0.04,broad,theta_current,18,0.52,0.08200820525578965,0.0741772618705495,0.0,1920
1057,0.04,broad,theta_current,19,0.56,0.10862062578651908,0.06459786145101301,0.0,1920
1057,0.04,broad,theta_current,20,0.6,0.07716260097168685,0.069138594239188,0.0,1920
1057,0.04,broad,theta_current,21,0.64,0.08340711031416931,0.07933138314727964,0.0,1944
1057,0.04,broad,theta_current,22,0.65,0.07938684602690038,0.061568627841307774,0.0,1968
1057,0.04,broad,theta_current,23,0.65,0.056332336957308306,0.06940515325168684,0.0,1944
1057,0.04,broad,theta_current,24,0.65,0.11510804996318057,0.07746942413059335,0.0,1944
1057,0.04,broad,theta_current,25,0.65,0.04218663910226176,0.06314912186259235,0.0,1920
1057,0.04,broad,theta_current,26,0.65,0.07739720892143952,0.058735249153753805,0.0,1920
1057,0.04,broad,theta_current,27,0.65,0.04530117754648485,0.07465216701241716,0.0,1944
1057,0.04,broad,theta_current,28,0.65,0.07880263950759403,0.07528054864283686,0.0,1944
1057,0.04,broad,theta_current,29,0.65,0.061154523054846394,0.06635796041058736,0.0,1944
1057,0.04,broad,joint_current,0,0.0,0.0,0.0,0.004386225823136966,1920
1057,0.04,broad,joint_current,1,0.0,9.518985111798195e-05,0.00011774445035726667,0.02648704001640585,1920
1057,0.04,broad,joint_current,2,0.0,0.0001128234282700839,0.00010007200288731922,0.02035606767316487,1920
1057,0.04,broad,joint_current,3,0.0,0.00034124348880151546,0.0004953890513598206,0.016883698909441806,1920
1057,0.04,broad,joint_current,4,0.0,0.00034856177541727406,0.00041967869394377835,0.006306852373370742,1920
1057,0.04,broad,joint_current,5,0.0,8.226140856161626e-05,9.276578492058607e-05,0.023387733520837665,1920
1057,0.04,broad,joint_current,6,0.04,0.00361132400693877,0.002611339846721375,0.0528705443134105,1920
1057,0.04,broad,joint_current,7,0.08,0.001894798669477074,0.002138704323072069,0.08394788444702389,1920
1057,0.04,broad,joint_current,8,0.12,0.0016712792099648113,0.0014590021493835663,0.10535103209168697,1920
1057,0.04,broad,joint_current,9,0.16,0.002379085615529604,0.002325340855718673,0.14029900568251885,1920
1057,0.04,broad,joint_current,10,0.2,0.0029270331053935727,0.0021712012714776617,0.1971901199074221,1920
1057,0.04,broad,joint_current,11,0.24,0.0036039196396039238,0.0023737854226823264,0.22170660730635328,1920
1057,0.04,broad,joint_current,12,0.28,0.0027640910452434776,0.003552054529274969,0.23491306842450102,1920
1057,0.04,broad,joint_current,13,0.32,0.0028382821402417988,0.0026944211819551834,0.26081302096211145,1920
1057,0.04,broad,joint_current,14,0.36,0.0018192098713533521,0.002390634252970856,0.2874595884516711,1920
1057,0.04,broad,joint_current,15,0.4,0.0018765018888497256,0.002988142112968737,0.321477412595294,1920
1057,0.04,broad,joint_current,16,0.44,0.0017805905080665718,0.002070011133854418,0.30957965279765587,1920
1057,0.04,broad,joint_current,17,0.48,0.007600571406469316,0.007773949345311632,0.35473898439000484,1920
1057,0.04,broad,joint_current,18,0.52,0.004868226390539214,0.003281870388279552,0.31121359797817705,1920
1057,0.04,broad,joint_current,19,0.56,0.0034047785730909213,0.004545754142128766,0.30946804546715084,1920
1057,0.04,broad,joint_current,20,0.6,0.004105401284485909,0.00688077227286536,0.3568024032527881,1920
1057,0.04,broad,joint_current,21,0.64,0.005804355454203426,0.008326593994715742,0.3813535354447611,1920
1057,0.04,broad,joint_current,22,0.65,0.005643383234166192,0.00393758532511742,0.44653643880900346,1920
1057,0.04,broad,joint_current,23,0.65,0.0018877527884008395,0.002732777794723024,0.42996891848457114,1920
1057,0.04,broad,joint_current,24,0.65,0.002842894943146481,0.0030776845693982913,0.3877305913675762,1920
1057,0.04,broad,joint_current,25,0.65,0.007263975232727608,0.005585394210846469,0.41955571171776096,1920
1057,0.04,broad,joint_current,26,0.65,0.002763246819884381,0.0032060479704216546,0.44550378960190995,1920
1057,0.04,broad,joint_current,27,0.65,0.0025447300320663117,0.002511386451838434,0.4326784321122343,1920
1057,0.04,broad,joint_current,28,0.65,0.0019200987144969317,0.0028013987969177194,0.4140703823396701,1920
1057,0.04,broad,joint_current,29,0.65,0.0037452655652859546,0.003068955887686613,0.447364358117596,1920
1057,0.04,broad,joint_current_unpenalized,0,0.0,0.0,0.0,0.008620720393512974,1920
1057,0.04,broad,joint_current_unpenalized,1,0.0,9.220100255202383e-05,0.00011670432742538199,0.07358179346822666,1920
1057,0.04,broad,joint_current_unpenalized,2,0.0,0.00017674496442200095,0.00014605130668371907,0.04211180948453388,1920
1057,0.04,broad,joint_current_unpenalized,3,0.0,0.0005377296944004538,0.0009258213291141393,0.030559404050198823,1920
1057,0.04,broad,joint_current_unpenalized,4,0.0,0.0003500690281529603,0.0003952230701820793,0.008633710780292748,1920
1057,0.04,broad,joint_current_unpenalized,5,0.0,8.504676650502907e-05,9.493854240157358e-05,0.07753707951318618,1920
1057,0.04,broad,joint_current_unpenalized,6,0.04,0.0036835102818429826,0.002654156241614521,0.08852667109204994,1920
1057,0.04,broad,joint_current_unpenalized,7,0.08,0.001978684070566883,0.0022266598328319342,0.08819893889758441,1920
1057,0.04,broad,joint_current_unpenalized,8,0.12,0.0016153806318638545,0.0014018631817928845,0.12520449812417442,1920
1057,0.04,broad,joint_current_unpenalized,9,0.16,0.00229234994285143,0.0023160990067753106,0.1755371316673824,1920
1057,0.04,broad,joint_current_unpenalized,10,0.2,0.0029602014652108572,0.0022791884538900316,0.22633907532102385,1920
1057,0.04,broad,joint_current_unpenalized,11,0.24,0.003774248391648401,0.0024042907441162685,0.24341382633883485,1920
1057,0.04,broad,joint_current_unpenalized,12,0.28,0.0026199435072375974,0.0033909798401976906,0.2864213211272344,1920
1057,0.04,broad,joint_current_unpenalized,13,0.32,0.0018440182889864927,0.001925442099220455,0.3109618911289677,1920
1057,0.04,broad,joint_current_unpenalized,14,0.36,0.001197959885199205,0.0016593920181453606,0.33407648682999164,1920
1057,0.04,broad,joint_current_unpenalized,15,0.4,0.001381072101683985,0.002114362805587346,0.3957004002602731,1920
1057,0.04,broad,joint_current_unpenalized,16,0.44,0.0012203014757091908,0.0013067307062349788,0.405877913825408,1920
1057,0.04,broad,joint_current_unpenalized,17,0.48,0.0027747329578070596,0.0030143994725603156,0.5236894212956296,1920
1057,0.04,broad,joint_current_unpenalized,18,0.52,0.0032830145759508594,0.002070497900796245,0.4721538858072938,1920
1057,0.04,broad,joint_current_unpenalized,19,0.56,0.0019855151934944737,0.002071820400573024,0.5750627065277933,1920
1057,0.04,broad,joint_current_unpenalized,20,0.6,0.0015421080105139737,0.0017274008803268022,0.6604413017772276,1920
1057,0.04,broad,joint_current_unpenalized,21,0.64,0.0029304980793655295,0.0019438681225193621,0.6304168697649236,1920
1057,0.04,broad,joint_current_unpenalized,22,0.65,0.00013692277846290445,0.0001848187787278195,0.6626230072161057,1920
1057,0.04,broad,joint_current_unpenalized,23,0.65,7.595018832017832e-05,8.771556039386934e-05,0.6574624851292522,1920
1057,0.04,broad,joint_current_unpenalized,24,0.65,8.130050772350526e-05,0.0001575339512537657,0.6504114019744054,1920
1057,0.04,broad,joint_current_unpenalized,25,0.65,0.00017617565788957389,0.00018727482871590463,0.6609037184657086,1920
1057,0.04,broad,joint_current_unpenalized,26,0.65,0.00014674097293603802,0.0001878613849665277,0.6535800693517256,1920
1057,0.04,broad,joint_current_unpenalized,27,0.65,0.00019414588298246436,0.00025077827111866225,0.6159354490335751,1920
1057,0.04,broad,joint_current_unpenalized,28,0.65,0.0002039481183962244,0.0002631673190119499,0.6578199520341074,1920
1057,0.04,broad,joint_current_unpenalized,29,0.65,9.618223265425869e-05,9.995004609561522e-05,0.6433991716804309,1920
1057,0.04,broad,joint_recent2,0,0.0,0.0,0.0,0.004386225823136966,1920
1057,0.04,broad,joint_recent2,1,0.0,9.518985111798195e-05,0.00011774445035726667,0.015614907071374412,1920
1057,0.04,broad,joint_recent2,2,0.0,0.00010008490641463175,7.175806939954004e-05,0.01430415524074503,1920
1057,0.04,broad,joint_recent2,3,0.0,5.068641072487182e-05,4.528375675105752e-05,0.005944016483332401,1920
1057,0.04,broad,joint_recent2,4,0.0,8.796820158749219e-05,0.00010561701588152904,0.008079764654353453,1920
1057,0.04,broad,joint_recent2,5,0.0,4.10636444803443e-05,3.3279302201993916e-05,0.009935492116165104,1920
1057,0.04,broad,joint_recent2,6,0.04,0.003864078206127787,0.002773319585523641,0.02331832773209074,1920
1057,0.04,broad,joint_recent2,7,0.08,0.003996537267730384,0.004562440960614818,0.0639891643952867,1920
1057,0.04,broad,joint_recent2,8,0.12,0.005928759748059079,0.005283688065517497,0.09918692917170235,1920
1057,0.04,broad,joint_recent2,9,0.16,0.004004327689091507,0.004319799100857483,0.1240980855172455,1920
1057,0.04,broad,joint_recent2,10,0.2,0.006449699592428785,0.004865733871540535,0.17001090745902359,1920
1057,0.04,broad,joint_recent2,11,0.24,0.0055144931828943755,0.003981786617479355,0.20309878912548227,1920
1057,0.04,broad,joint_recent2,12,0.28,0.004807823193125649,0.004546887249874947,0.2216694401212959,1920
1057,0.04,broad,joint_recent2,13,0.32,0.004689130383595103,0.0045935971432303855,0.26853781885270017,1920
1057,0.04,broad,joint_recent2,14,0.36,0.003620043078208494,0.004562325977354821,0.2690977412543999,1920
1057,0.04,broad,joint_recent2,15,0.4,0.0032845571570941476,0.004996444263334015,0.31005833070765715,1920
1057,0.04,broad,joint_recent2,16,0.44,0.003525946099291757,0.004710348304231578,0.33574560794595015,1920
1057,0.04,broad,joint_recent2,17,0.48,0.004261824003133211,0.004746958282759512,0.3579233792995734,1920
1057,0.04,broad,joint_recent2,18,0.52,0.007695504284477229,0.005130399761875408,0.37118686220389235,1920
1057,0.04,broad,joint_recent2,19,0.56,0.0037655465484388376,0.004740386668489806,0.33851202135354413,1920
1057,0.04,broad,joint_recent2,20,0.6,0.006568245327948287,0.007779101024345142,0.3430704788755071,1920
1057,0.04,broad,joint_recent2,21,0.64,0.010099350800857726,0.01041492626640615,0.3684472792072271,1920
1057,0.04,broad,joint_recent2,22,0.65,0.008321001941090202,0.0054193945464309865,0.4241549111794046,1920
1057,0.04,broad,joint_recent2,23,0.65,0.0012672970450455375,0.002347991460019607,0.44407379457367746,1920
1057,0.04,broad,joint_recent2,24,0.65,0.0026651903673832497,0.002050741203029888,0.4243406255371843,1920
1057,0.04,broad,joint_recent2,25,0.65,0.00413640566557142,0.002897249829497466,0.42128404063992564,1920
1057,0.04,broad,joint_recent2,26,0.65,0.0037898141281486747,0.002405759990997983,0.428617381739982,1920
1057,0.04,broad,joint_recent2,27,0.65,0.0023956993843350888,0.002955358450982856,0.43788456346876153,1920
1057,0.04,broad,joint_recent2,28,0.65,0.0019194186519675028,0.0023114888705273065,0.4362300340678096,1920
1057,0.04,broad,joint_recent2,29,0.65,0.001965642695766945,0.002288585375008425,0.441400147326529,1920
1058,0.015,narrow,theta_current,0,0.0,0.0,0.0,0.0,1920
1058,0.015,narrow,theta_current,1,0.0,2.5093836508756214e-06,0.005935496231419101,0.0,1920
1058,0.015,narrow,theta_current,2,0.0,0.00016201747633136964,0.0141091455669018,0.0,1920
1058,0.015,narrow,theta_current,3,0.0,3.550166146220328e-05,0.011774944538007774,0.0,1920
1058,0.015,narrow,theta_current,4,0.0,9.647815620889235e-05,0.036205133689271196,0.0,1920
1058,0.015,narrow,theta_current,5,0.0,3.7757788326142305e-05,0.008987843293732931,0.0,1920
1058,0.015,narrow,theta_current,6,0.015,0.0008494976061473774,0.001642385460235992,0.0,1920
1058,0.015,narrow,theta_current,7,0.03,0.0010590927950297783,0.007742545167758826,0.0,1920
1058,0.015,narrow,theta_current,8,0.045,0.0007168591458060715,0.005125587416204575,0.0,1920
1058,0.015,narrow,theta_current,9,0.06,0.0003386971423019319,0.01001523557628655,0.0,1920
1058,0.015,narrow,theta_current,10,0.075,0.000400635376856292,0.02114627144632167,0.0,1920
1058,0.015,narrow,theta_current,11,0.09,0.000878248324447042,0.027519278885064617,0.0,1920
1058,0.015,narrow,theta_current,12,0.105,0.0008296664520995098,0.02383393751270471,0.0,1920
1058,0.015,narrow,theta_current,13,0.12,0.0004418536941022693,0.042871403351202604,0.0,1920
1058,0.015,narrow,theta_current,14,0.135,0.0007843737002838522,0.04157192030188798,0.0,1920
1058,0.015,narrow,theta_current,15,0.15,0.0006564832334540624,0.05581387576018924,0.0,1920
1058,0.015,narrow,theta_current,16,0.16499999999999998,0.0006762254222290881,0.056753243932990284,0.0,1920
1058,0.015,narrow,theta_current,17,0.18,0.0006230707760940291,0.0731658255584027,0.0,1920
1058,0.015,narrow,theta_current,18,0.195,0.0001171188613398543,0.08302987645360732,0.0,1920
1058,0.015,narrow,theta_current,19,0.21,0.00031063386755787644,0.11873210308776963,0.0,1920
1058,0.015,narrow,theta_current,20,0.22499999999999998,0.0005496051321462027,0.13835955003620215,0.0,1920
1058,0.015,narrow,theta_current,21,0.24,0.00057139879386137,0.19636902363087483,0.0,1920
1058,0.015,narrow,theta_current,22,0.255,0.00023123234847798987,0.13626855367764723,0.0,1920
1058,0.015,narrow,theta_current,23,0.27,0.0001858147875044674,0.15286205301063732,0.0,1920
1058,0.015,narrow,theta_current,24,0.285,0.0006360629281079518,0.20887179511479018,0.0,1920
1058,0.015,narrow,theta_current,25,0.3,0.00020701855415871753,0.17786015339176342,0.0,1920
1058,0.015,narrow,theta_current,26,0.315,0.0004900695046663848,0.18985067042246678,0.0,1920
1058,0.015,narrow,theta_current,27,0.32999999999999996,0.00024572945824976147,0.1977277231235416,0.0,1920
1058,0.015,narrow,theta_current,28,0.345,0.00021009755690712135,0.2108547111529287,0.0,1920
1058,0.015,narrow,theta_current,29,0.36,0.0001786996591356632,0.22644667652334244,0.0,1920
1058,0.015,narrow,joint_current,0,0.0,0.0,0.0,0.009021872327796086,1920
1058,0.015,narrow,joint_current,1,0.0,2.7520272495941882e-06,0.0048633913262468255,0.00048210688930290806,1920
1058,0.015,narrow,joint_current,2,0.0,0.00015957136061425426,0.0125663321752872,0.001833224889926594,1920
1058,0.015,narrow,joint_current,3,0.0,3.5455184600331005e-05,0.010656623842175134,0.005820867557923367,1920
1058,0.015,narrow,joint_current,4,0.0,9.62606191560734e-05,0.03297546923694272,0.005799592137395408,1920
1058,0.015,narrow,joint_current,5,0.0,3.54357010183803e-05,0.008435771810090646,0.006464858887830748,1920
1058,0.015,narrow,joint_current,6,0.015,0.0008446853365098941,0.001603684469264504,0.0007570991925721902,1920
1058,0.015,narrow,joint_current,7,0.03,0.001059149046206029,0.0072535319258360785,0.0006779635006245093,1920
1058,0.015,narrow,joint_current,8,0.045,0.000717398665673928,0.004825311647564259,0.008337699614044661,1920
1058,0.015,narrow,joint_current,9,0.06,0.0003411331307823106,0.010813610251372802,0.0024054635264911667,1920
1058,0.015,narrow,joint_current,10,0.075,0.0004007612769906784,0.020655967753622086,0.011776380015856697,1920
1058,0.015,narrow,joint_current,11,0.09,0.0008793989108972001,0.023077032279807473,0.000909496126871324,1920
1058,0.015,narrow,joint_current,12,0.105,0.0008421029101302694,0.022450558385907426,0.0030655845969530327,1920
1058,0.015,narrow,joint_current,13,0.12,0.0004418139625245044,0.039503360198618984,0.005928880671815831,1920
1058,0.015,narrow,joint_current,14,0.135,0.0007854644518157381,0.04272073929032674,0.005104134692998893,1920
1058,0.015,narrow,joint_current,15,0.15,0.0006564919672743236,0.05616378965892371,0.005558887012939009,1920
1058,0.015,narrow,joint_current,16,0.16499999999999998,0.0006772091908968802,0.05351170668222972,0.005593403517678547,1920
1058,0.015,narrow,joint_current,17,0.18,0.000620495164046906,0.06844388539036067,0.0032965931270380706,1920
1058,0.015,narrow,joint_current,18,0.195,0.00011669368156672309,0.08320574311131425,0.003285396201688275,1920
1058,0.015,narrow,joint_current,19,0.21,0.0003104008971804297,0.11636918668540505,0.0019903816335156217,1920
1058,0.015,narrow,joint_current,20,0.22499999999999998,0.0005480468117612311,0.13775957284560103,0.002094792435719573,1920
1058,0.015,narrow,joint_current,21,0.24,0.0005717451563326027,0.19409614686540788,0.01241990133847263,1920
1058,0.015,narrow,joint_current,22,0.255,0.00023386653546562963,0.14217478153707946,0.002674118439027393,1920
1058,0.015,narrow,joint_current,23,0.27,0.0001858377669844255,0.15117374274834405,0.003858658350383097,1920
1058,0.015,narrow,joint_current,24,0.285,0.0006354961657378079,0.2088620606035974,0.004839857798256015,1920
1058,0.015,narrow,joint_current,25,0.3,0.00020638736275816038,0.1773554046157591,0.001379063119454966,1920
1058,0.015,narrow,joint_current,26,0.315,0.0004899236367444296,0.18876186500680026,0.004035151804713151,1920
1058,0.015,narrow,joint_current,27,0.32999999999999996,0.00024637291125252295,0.1987975020939078,0.0039714895926702826,1920
1058,0.015,narrow,joint_current,28,0.345,0.0002112823808090745,0.20985153274657406,0.0028056755477271606,1920
1058,0.015,narrow,joint_current,29,0.36,0.00017884442571998265,0.2291263761676472,0.0025752527478314635,1920
1058,0.015,narrow,joint_current_unpenalized,0,0.0,0.0,0.0,0.1687547456512244,1920
1058,0.015,narrow,joint_current_unpenalized,1,0.0,1.2714255721362745e-05,0.01552711868620039,0.11860727253042225,1920
1058,0.015,narrow,joint_current_unpenalized,2,0.0,0.00017300112915436778,0.006891452933916348,0.09553154943616711,1920
1058,0.015,narrow,joint_current_unpenalized,3,0.0,3.686579027512715e-05,0.007275134415204302,0.23910762010615974,1920
1058,0.015,narrow,joint_current_unpenalized,4,0.0,0.00013779099054615657,0.029004180202917597,0.04171760312196022,1920
1058,0.015,narrow,joint_current_unpenalized,5,0.0,2.3964830075044615e-05,0.005229450370689949,0.04250546947539924,1920
1058,0.015,narrow,joint_current_unpenalized,6,0.015,0.0007981841479756425,0.0067874928769478355,0.022018942489243926,1920
1058,0.015,narrow,joint_current_unpenalized,7,0.03,0.001062422492118409,0.00824394546972089,0.03291510825135851,1920
1058,0.015,narrow,joint_current_unpenalized,8,0.045,0.000712797643165629,0.0058223375155090264,0.10151842587419271,1920
1058,0.015,narrow,joint_current_unpenalized,9,0.06,0.000382568032842131,0.02546777596655226,0.08791362547168279,1920
1058,0.015,narrow,joint_current_unpenalized,10,0.075,0.00040436415228319603,0.020617830482031273,0.11467801253613329,1920
1058,0.015,narrow,joint_current_unpenalized,11,0.09,0.0008941182508491033,0.010537376423088083,0.08620740497365603,1920
1058,0.015,narrow,joint_current_unpenalized,12,0.105,0.000821822260969708,0.011656712515610549,0.13211028317215176,1920
1058,0.015,narrow,joint_current_unpenalized,13,0.12,0.0004473267933631064,0.018906852279273835,0.0960189960402971,1920
1058,0.015,narrow,joint_current_unpenalized,14,0.135,0.0007899022813849456,0.012986258125472263,0.11470829339652985,1920
1058,0.015,narrow,joint_current_unpenalized,15,0.15,0.0006669462249811837,0.03340158338842382,0.1268646170869268,1920
1058,0.015,narrow,joint_current_unpenalized,16,0.16499999999999998,0.0006805638630939921,0.007214014057473019,0.19637211846863628,1920
1058,0.015,narrow,joint_current_unpenalized,17,0.18,0.0006361427335654185,0.021202441077256447,0.17831404309362797,1920
1058,0.015,narrow,joint_current_unpenalized,18,0.195,0.00011801901741915447,0.007170237145507439,0.24632150387275537,1920
1058,0.015,narrow,joint_current_unpenalized,19,0.21,0.0002830597600019023,0.029412051763102454,0.21909825238298275,1920
1058,0.015,narrow,joint_current_unpenalized,20,0.22499999999999998,0.0005440667666751216,0.021909013280619113,0.26719411781163516,1920
1058,0.015,narrow,joint_current_unpenalized,21,0.24,0.0005516300650377069,0.045351939786347696,0.1655974675671461,1920
1058,0.015,narrow,joint_current_unpenalized,22,0.255,0.00022833458326651526,0.03011125244686615,0.20664319865308048,1920
1058,0.015,narrow,joint_current_unpenalized,23,0.27,0.00018751935445484742,0.015321415778963978,0.2866439524122633,1920
1058,0.015,narrow,joint_current_unpenalized,24,0.285,0.0005615240183355492,0.04927329037906043,0.25785557990868474,1920
1058,0.015,narrow,joint_current_unpenalized,25,0.3,0.0002024954572094491,0.019715766089460955,0.2711155999783893,1920
1058,0.015,narrow,joint_current_unpenalized,26,0.315,0.0004938748621495964,0.01130041841882265,0.22988492015648224,1920
1058,0.015,narrow,joint_current_unpenalized,27,0.32999999999999996,0.00023811706270794405,0.01889895840458846,0.2662475460316454,1920
1058,0.015,narrow,joint_current_unpenalized,28,0.345,0.00021679793807533555,0.006948349433225117,0.25086335446960595,1920
1058,0.015,narrow,joint_current_unpenalized,29,0.36,0.00018105820049830532,0.023262833132893436,0.23678070946726668,1920
1058,0.015,narrow,joint_recent2,0,0.0,0.0,0.0,0.009021872327796086,1920
1058,0.015,narrow,joint_recent2,1,0.0,2.7520272495941882e-06,0.0048633913262468255,0.0054856487835373375,1920
1058,0.015,narrow,joint_recent2,2,0.0,3.5210102618887356e-05,0.008166039418813793,0.0024337924457390257,1920
1058,0.015,narrow,joint_recent2,3,0.0,2.2737759142416012e-05,0.009472637428216862,0.006091794404838585,1920
1058,0.015,narrow,joint_recent2,4,0.0,2.7412918609082516e-05,0.014712514442400616,0.0003157945099418861,1920
1058,0.015,narrow,joint_recent2,5,0.0,2.4592602806038986e-05,0.013249768946963385,0.009404152865292038,1920
1058,0.015,narrow,joint_recent2,6,0.015,0.0007210506066791723,0.004581395580460882,0.00921380784556955,1920
1058,0.015,narrow,joint_recent2,7,0.03,0.002139131446900295,0.003518654378985599,0.0021139341558994097,1920
1058,0.015,narrow,joint_recent2,8,0.045,0.0018503189058275873,0.00840476496629452,0.010226860227460296,1920
1058,0.015,narrow,joint_recent2,9,0.06,0.0009413296252866066,0.005080739220225075,0.004032170944333497,1920
1058,0.015,narrow,joint_recent2,10,0.075,0.0011469852877879052,0.01140756467698289,0.0009938947817635807,1920
1058,0.015,narrow,joint_recent2,11,0.09,0.001027906004624229,0.0211461683922133,0.004079458770719404,1920
1058,0.015,narrow,joint_recent2,12,0.105,0.0014895181128055735,0.02104153519883172,0.010291163861991434,1920
1058,0.015,narrow,joint_recent2,13,0.12,0.0007872473776249348,0.041031562110181385,0.003798548499072541,1920
1058,0.015,narrow,joint_recent2,14,0.135,0.001480576274441191,0.04300996690784261,0.0075990384687953695,1920
1058,0.015,narrow,joint_recent2,15,0.15,0.001160829405606592,0.05066690889825451,0.002469219042571651,1920
1058,0.015,narrow,joint_recent2,16,0.16499999999999998,0.0014534674428614012,0.05780154893690308,0.0050907430568984426,1920
1058,0.015,narrow,joint_recent2,17,0.18,0.0012597659017566465,0.06252828256796292,0.0037585169870099915,1920
1058,0.015,narrow,joint_recent2,18,0.195,0.0004985501293175212,0.0781373209526948,0.0026546923428802122,1920
1058,0.015,narrow,joint_recent2,19,0.21,0.0005567390272963208,0.0908283333394703,0.00446237885131324,1920
1058,0.015,narrow,joint_recent2,20,0.22499999999999998,0.0009304269818269896,0.12196562384795685,0.0014271833882355234,1920
1058,0.015,narrow,joint_recent2,21,0.24,0.0009712588792417424,0.1466295138471984,0.0015385108019708121,1920
1058,0.015,narrow,joint_recent2,22,0.255,0.0007090230840732025,0.1612353531374694,0.005168019691301973,1920
1058,0.015,narrow,joint_recent2,23,0.27,0.0004958019918355397,0.1560166793693759,0.00343143149921023,1920
1058,0.015,narrow,joint_recent2,24,0.285,0.0007741188953224442,0.17747518899096615,0.003124679518782381,1920
1058,0.015,narrow,joint_recent2,25,0.3,0.0005703133850888226,0.1810663789510588,0.0019868379608080637,1920
1058,0.015,narrow,joint_recent2,26,0.315,0.0005899322437828429,0.19434519392030686,0.0019133552683416153,1920
1058,0.015,narrow,joint_recent2,27,0.32999999999999996,0.0006925110942214598,0.20771889511256408,0.0028002693714942388,1920
1058,0.015,narrow,joint_recent2,28,0.345,0.00048128091525588096,0.22093200216908768,0.0018695795857754703,1920
1058,0.015,narrow,joint_recent2,29,0.36,0.0003783839868305284,0.23358806789514205,0.0005557799701487582,1920
1058,0.015,broad,theta_current,0,0.0,0.0,0.0,0.0,1992
1058,0.015,broad,theta_current,1,0.0,3.5248232515706645e-05,3.907449835522429e-05,0.0,1920
1058,0.015,broad,theta_current,2,0.0,8.972555520311153e-05,9.707980590396975e-05,0.0,1920
1058,0.015,broad,theta_current,3,0.0,4.438783872146179e-05,3.865812141663146e-05,0.0,1920
1058,0.015,broad,theta_current,4,0.0,0.00013574807865489812,0.0001097190698464469,0.0,1920
1058,0.015,broad,theta_current,5,0.0,0.0001555661890518507,0.00014566196852947458,0.0,1920
1058,0.015,broad,theta_current,6,0.015,0.0013779185223487544,0.0012986159192863763,0.0,1920
1058,0.015,broad,theta_current,7,0.03,0.002278241362169299,0.0018476503757211928,0.0,1920
1058,0.015,broad,theta_current,8,0.045,0.0033079249762486655,0.0026795878897034114,0.0,1920
1058,0.015,broad,theta_current,9,0.06,0.0033641560310874543,0.004438764412925037,0.0,1920
1058,0.015,broad,theta_current,10,0.075,0.009943284548816812,0.007821208467053614,0.0,1920
1058,0.015,broad,theta_current,11,0.09,0.00706642353263759,0.008824345942304114,0.0,1920
1058,0.015,broad,theta_current,12,0.105,0.018004003182894808,0.012929809772062328,0.0,1920
1058,0.015,broad,theta_current,13,0.12,0.01950133264550672,0.01605800638646289,0.0,1920
1058,0.015,broad,theta_current,14,0.135,0.009570993224399577,0.022124317945465592,0.0,1920
1058,0.015,broad,theta_current,15,0.15,0.03032582651060633,0.020761776172226402,0.0,1920
1058,0.015,broad,theta_current,16,0.16499999999999998,0.05849690953655245,0.04495996489940013,0.0,1920
1058,0.015,broad,theta_current,17,0.18,0.03149584324063223,0.03301737991546158,0.0,1920
1058,0.015,broad,theta_current,18,0.195,0.027274426449417438,0.025780692901051443,0.0,1920
1058,0.015,broad,theta_current,19,0.21,0.01868759399416638,0.0346068724318607,0.0,1920
1058,0.015,broad,theta_current,20,0.22499999999999998,0.048433667643837795,0.04032353482928068,0.0,1920
1058,0.015,broad,theta_current,21,0.24,0.02081276328803406,0.036168595862855625,0.0,1944
1058,0.015,broad,theta_current,22,0.255,0.03921750667529017,0.04990598894344531,0.0,1944
1058,0.015,broad,theta_current,23,0.27,0.04161733081354735,0.040595962271248974,0.0,1920
1058,0.015,broad,theta_current,24,0.285,0.030417190275348383,0.04737586034729549,0.0,1920
1058,0.015,broad,theta_current,25,0.3,0.028499039019947475,0.05560266417215104,0.0,1920
1058,0.015,broad,theta_current,26,0.315,0.0491590442372315,0.050178975239315346,0.0,1920
1058,0.015,broad,theta_current,27,0.32999999999999996,0.057648976903017235,0.04443550503188579,0.0,1920
1058,0.015,broad,theta_current,28,0.345,0.07397761094682252,0.06203178393321114,0.0,1920
1058,0.015,broad,theta_current,29,0.36,0.048647326711654254,0.05435226296576104,0.0,1920
1058,0.015,broad,joint_current,0,0.0,0.0,0.0,0.0027640545845750244,1920
1058,0.015,broad,joint_current,1,0.0,2.110830862475471e-05,3.885630701614719e-05,0.0090455107824602,1920
1058,0.015,broad,joint_current,2,0.0,0.0002035000113218442,0.00022640713935682914,0.00972487251077045,1920
1058,0.015,broad,joint_current,3,0.0,0.00010184002117970307,0.00011977579437275224,0.03367766206268913,1920
1058,0.015,broad,joint_current,4,0.0,0.0002529403538541934,0.00022885054746031553,0.007048516438922107,1920
1058,0.015,broad,joint_current,5,0.0,0.0002819774027439631,0.0002281239439511559,0.008771395604598341,1920
1058,0.015,broad,joint_current,6,0.015,0.0012952018896119494,0.0013090766431277114,0.01803781525961379,1920
1058,0.015,broad,joint_current,7,0.03,0.0011426387883247111,0.0009557050428250862,0.03697852103686228,1920
1058,0.015,broad,joint_current,8,0.045,0.0015464800820440387,0.0017054766775220797,0.05011068248418639,1920
1058,0.015,broad,joint_current,9,0.06,0.0010349284876295139,0.0012452296088771239,0.06748930381511888,1920
1058,0.015,broad,joint_current,10,0.075,0.0006420174916125361,0.0006823079710625481,0.07440277380579631,1920
1058,0.015,broad,joint_current,11,0.09,0.0005545258658519683,0.0007111852428797326,0.0933736219154079,1920
1058,0.015,broad,joint_current,12,0.105,0.0019160507840612446,0.0015196125481373906,0.1117356948061283,1920
1058,0.015,broad,joint_current,13,0.12,0.0004257233850042269,0.0006471604755342165,0.11543794600606781,1920
1058,0.015,broad,joint_current,14,0.135,0.0006317739409173101,0.0011079148229222562,0.13512040866315417,1920
1058,0.015,broad,joint_current,15,0.15,0.001011163382615681,0.0010932756357861198,0.14223273500527117,1920
1058,0.015,broad,joint_current,16,0.16499999999999998,0.002073383890773017,0.002019551480566017,0.15280023754142852,1920
1058,0.015,broad,joint_current,17,0.18,0.0007383483123524981,0.000604223731432812,0.1761585911078724,1920
1058,0.015,broad,joint_current,18,0.195,0.0008395580056135138,0.00098825522577081,0.19531196023058273,1920
1058,0.015,broad,joint_current,19,0.21,0.0003449648607123371,0.0007066171045701198,0.18078234421581743,1920
1058,0.015,broad,joint_current,20,0.22499999999999998,0.002456510114495438,0.0021536730341676124,0.2156722341447768,1920
1058,0.015,broad,joint_current,21,0.24,0.0004564100940862021,0.000542786896124416,0.20932198507894925,1920
1058,0.015,broad,joint_current,22,0.255,0.0005319443501090776,0.0012090723823196233,0.22203960829906616,1920
1058,0.015,broad,joint_current,23,0.27,0.00088086077641315,0.0015205541201629932,0.25874046268628303,1920
1058,0.015,broad,joint_current,24,0.285,0.0004364615629288509,0.0005686308262602363,0.24282978753137294,1920
1058,0.015,broad,joint_current,25,0.3,0.0016866274860416516,0.0017798868216862074,0.2881085485723946,1920
1058,0.015,broad,joint_current,26,0.315,0.00030353006604590045,0.0005144264930394102,0.28557733576101896,1920
1058,0.015,broad,joint_current,27,0.32999999999999996,0.0013769971771458737,0.0014076392170944542,0.3204198616417316,1920
1058,0.015,broad,joint_current,28,0.345,0.0007191244544356446,0.0010525878027234483,0.33697832321898624,1920
1058,0.015,broad,joint_current,29,0.36,0.0010799162716091557,0.0013008685905148364,0.34891373741102394,1920
1058,0.015,broad,joint_current_unpenalized,0,0.0,0.0,0.0,0.0033447975638782033,1920
1058,0.015,broad,joint_current_unpenalized,1,0.0,2.0868184687621988e-05,3.909937466414457e-05,0.009535070452700013,1920
1058,0.015,broad,joint_current_unpenalized,2,0.0,0.00021453236474996257,0.0002394595743825575,0.010437709634835446,1920
1058,0.015,broad,joint_current_unpenalized,3,0.0,0.00010440687876173714,0.00012183687176261257,0.04177953383040119,1920
1058,0.015,broad,joint_current_unpenalized,4,0.0,0.0002979512162061689,0.0002871099085327576,0.0077243518129042925,1920
1058,0.015,broad,joint_current_unpenalized,5,0.0,0.0002909340203479211,0.00023240140047860205,0.012725785254177197,1920
1058,0.015,broad,joint_current_unpenalized,6,0.015,0.0012775077234758517,0.0012929588748493792,0.018468968248464425,1920
1058,0.015,broad,joint_current_unpenalized,7,0.03,0.0011343959637006992,0.0009551662035323914,0.04173161361653942,1920
1058,0.015,broad,joint_current_unpenalized,8,0.045,0.0016774722016735806,0.0018751275380031107,0.05173198304017572,1920
1058,0.015,broad,joint_current_unpenalized,9,0.06,0.0010676280742351078,0.0012646392079214259,0.06868451704077981,1920
1058,0.015,broad,joint_current_unpenalized,10,0.075,0.000607518109159722,0.0006573185229856429,0.07555490696084838,1920
1058,0.015,broad,joint_current_unpenalized,11,0.09,0.0005431280017123701,0.0006931719215041608,0.09536530630554599,1920
1058,0.015,broad,joint_current_unpenalized,12,0.105,0.0019079297556956292,0.001522543907030779,0.1139295254504606,1920
1058,0.015,broad,joint_current_unpenalized,13,0.12,0.0004035494721595851,0.0006359695272740561,0.11764080571965468,1920
1058,0.015,broad,joint_current_unpenalized,14,0.135,0.0006263478226832819,0.001061836125313897,0.14326860481113438,1920
1058,0.015,broad,joint_current_unpenalized,15,0.15,0.0011436602357241857,0.001049910789517303,0.15116790459654986,1920
1058,0.015,broad,joint_current_unpenalized,16,0.16499999999999998,0.0019732665914476808,0.0022453607236348747,0.15605005355790072,1920
1058,0.015,broad,joint_current_unpenalized,17,0.18,0.0006614740522779518,0.0005409273432917963,0.1814829756432774,1920
1058,0.015,broad,joint_current_unpenalized,18,0.195,0.0008321999269031419,0.0008831993065557398,0.2014311583272484,1920
1058,0.015,broad,joint_current_unpenalized,19,0.21,0.00038657131122247276,0.0006469220858245497,0.20200222474355442,1920
1058,0.015,broad,joint_current_unpenalized,20,0.22499999999999998,0.0010863650768171466,0.0009544548884265114,0.22428533624113464,1920
1058,0.015,broad,joint_current_unpenalized,21,0.24,0.0004213448435154801,0.0004160651463521784,0.2428993669350459,1920
1058,0.015,broad,joint_current_unpenalized,22,0.255,0.00037115240132834645,0.0007796267226662414,0.2464229949530098,1920
1058,0.015,broad,joint_current_unpenalized,23,0.27,0.00046808531768001,0.0006737391638452495,0.275397789191228,1920
1058,0.015,broad,joint_current_unpenalized,24,0.285,0.00023135031869859034,0.0003152726103218117,0.2567678141369123,1920
1058,0.015,broad,joint_current_unpenalized,25,0.3,0.000920083037417788,0.0009944547063809519,0.2977796012764555,1920
1058,0.015,broad,joint_current_unpenalized,26,0.315,0.00025288800359484057,0.0003799828830707413,0.3046262434641829,1920
1058,0.015,broad,joint_current_unpenalized,27,0.32999999999999996,0.0008499373342047505,0.0009004353137114964,0.3332305825580116,1920
1058,0.015,broad,joint_current_unpenalized,28,0.345,0.000845900070670177,0.0011323677987747209,0.347176713956473,1920
1058,0.015,broad,joint_current_unpenalized,29,0.36,0.000871779079352679,0.0009901865955704208,0.3671712160509719,1920
1058,0.015,broad,joint_recent2,0,0.0,0.0,0.0,0.0027640545845750244,1920
1058,0.015,broad,joint_recent2,1,0.0,2.110830862475471e-05,3.885630701614719e-05,0.006354750278420727,1920
1058,0.015,broad,joint_recent2,2,0.0,3.876846766649178e-05,4.606404953149774e-05,0.006597521748208146,1920
1058,0.015,broad,joint_recent2,3,0.0,5.460449124633864e-05,8.084470245840411e-05,0.01583460093304566,1920
1058,0.015,broad,joint_recent2,4,0.0,0.0001106802075219102,9.704932499564984e-05,0.013576873111150578,1920
1058,0.015,broad,joint_recent2,5,0.0,0.00013170070237924426,8.185614761589275e-05,0.004456673527831454,1920
1058,0.015,broad,joint_recent2,6,0.015,0.0014287559829771225,0.0012380395077043126,0.01751172267848824,1920
1058,0.015,broad,joint_recent2,7,0.03,0.0033745592513468588,0.002346988289874702,0.025526521894994027,1920
1058,0.015,broad,joint_recent2,8,0.045,0.00224760834810233,0.0023381499897971426,0.04263789836835289,1920
1058,0.015,broad,joint_recent2,9,0.06,0.0020598144145039243,0.002578835973817196,0.05171812898845972,1920
1058,0.015,broad,joint_recent2,10,0.075,0.002225972328727351,0.001874304997114048,0.07371326563312039,1920
1058,0.015,broad,joint_recent2,11,0.09,0.001282691478143962,0.0015153933749934437,0.08178285702069958,1920
1058,0.015,broad,joint_recent2,12,0.105,0.0027613801131763822,0.0021358950822771543,0.10304510117914473,1920
1058,0.015,broad,joint_recent2,13,0.12,0.0013545283379811871,0.001571879387354323,0.11380456533033678,1920
1058,0.015,broad,joint_recent2,14,0.135,0.001022665148348702,0.0018988841796381572,0.12117561277031845,1920
1058,0.015,broad,joint_recent2,15,0.15,0.002044416069588395,0.002325805549086953,0.13624345349291092,1920
1058,0.015,broad,joint_recent2,16,0.16499999999999998,0.002088963202898851,0.0016789028643630108,0.15468355519544713,1920
1058,0.015,broad,joint_recent2,17,0.18,0.0012974413427839372,0.0010965058634940716,0.165790984942016,1920
1058,0.015,broad,joint_recent2,18,0.195,0.001321945673776339,0.001100376826641978,0.18475939175300227,1920
1058,0.015,broad,joint_recent2,19,0.21,0.0007062741245063804,0.0013068872586426083,0.19498279048424547,1920
1058,0.015,broad,joint_recent2,20,0.22499999999999998,0.0011701330667991119,0.0010887769762542153,0.2185428948823944,1920
1058,0.015,broad,joint_recent2,21,0.24,0.0008610576580869046,0.0009406576889478271,0.22028514682798386,1920
1058,0.015,broad,joint_recent2,22,0.255,0.00044008870670582157,0.0010411911359400775,0.2198714328950702,1920
1058,0.015,broad,joint_recent2,23,0.27,0.0011784839083427933,0.001908595944461524,0.24708828399112104,1920
1058,0.015,broad,joint_recent2,24,0.285,0.0011259213956654635,0.001305975781889815,0.26085454468701824,1920
1058,0.015,broad,joint_recent2,25,0.3,0.0012787559106294264,0.0013837511692689256,0.27216289484673695,1920
1058,0.015,broad,joint_recent2,26,0.315,0.0007142232543459531,0.0011452901100904526,0.28760612909365707,1920
1058,0.015,broad,joint_recent2,27,0.32999999999999996,0.0017170002088940407,0.0016929683948661003,0.31171766012867624,1920
1058,0.015,broad,joint_recent2,28,0.345,0.0012071955863272195,0.001611469027060755,0.32648410065157923,1920
1058,0.015,broad,joint_recent2,29,0.36,0.0019501230402111352,0.0021327726891751816,0.34555759178328516,1920
1058,0.04,narrow,theta_current,0,0.0,0.0,0.0,0.0,1920
1058,0.04,narrow,theta_current,1,0.0,2.5093836508756214e-06,0.005935496231419101,0.0,1920
1058,0.04,narrow,theta_current,2,0.0,0.00016201747633136964,0.0141091455669018,0.0,1920
1058,0.04,narrow,theta_current,3,0.0,3.550166146220328e-05,0.011774944538007774,0.0,1920
1058,0.04,narrow,theta_current,4,0.0,9.647815620889235e-05,0.036205133689271196,0.0,1920
1058,0.04,narrow,theta_current,5,0.0,3.7757788326142305e-05,0.008987843293732931,0.0,1920
1058,0.04,narrow,theta_current,6,0.04,0.0051779154800491636,0.0061432460920520186,0.0,1920
1058,0.04,narrow,theta_current,7,0.08,0.005611724143118585,0.0283940705914315,0.0,1920
1058,0.04,narrow,theta_current,8,0.12,0.004001301561656796,0.035189740660887286,0.0,1920
1058,0.04,narrow,theta_current,9,0.16,0.002126641133200529,0.06042536906567586,0.0,1920
1058,0.04,narrow,theta_current,10,0.2,0.0022178021443085023,0.09182261030743187,0.0,1920
1058,0.04,narrow,theta_current,11,0.24,0.0030223286201296155,0.1324399594310567,0.0,1920
1058,0.04,narrow,theta_current,12,0.28,0.0020446696340803397,0.14341786108698418,0.0,1920
1058,0.04,narrow,theta_current,13,0.32,0.0015286094444263004,0.20798599770074372,0.0,1920
1058,0.04,narrow,theta_current,14,0.36,0.0018770030350419838,0.22254858323211255,0.0,1920
1058,0.04,narrow,theta_current,15,0.4,0.0012576597754518299,0.2661667317324075,0.0,1920
1058,0.04,narrow,theta_current,16,0.44,0.0012138635320258903,0.3124304027848787,0.0,1920
1058,0.04,narrow,theta_current,17,0.48,0.000735060840940733,0.3838577182163376,0.0,1920
1058,0.04,narrow,theta_current,18,0.52,0.0008235066886900649,0.41186244718600606,0.0,1920
1058,0.04,narrow,theta_current,19,0.56,0.0006497001457326891,0.5079618719906496,0.0,1920
1058,0.04,narrow,theta_current,20,0.6,0.0012130965801138783,0.4712165516571414,0.0,1920
1058,0.04,narrow,theta_current,21,0.64,0.0014305951577121563,0.49993225943874886,0.0,1920
1058,0.04,narrow,theta_current,22,0.65,5.7094604263836124e-05,0.4208390866805287,0.0,1920
1058,0.04,narrow,theta_current,23,0.65,3.5101007575683856e-05,0.4241505925429845,0.0,1920
1058,0.04,narrow,theta_current,24,0.65,0.00013117297600038756,0.4499556916999087,0.0,1920
1058,0.04,narrow,theta_current,25,0.65,6.379315903637618e-05,0.456657063549491,0.0,1920
1058,0.04,narrow,theta_current,26,0.65,5.9314909038601455e-05,0.4300651541255076,0.0,1920
1058,0.04,narrow,theta_current,27,0.65,1.0390780819906914e-05,0.41810722850366766,0.0,1920
1058,0.04,narrow,theta_current,28,0.65,4.267391255365869e-05,0.4046568040151379,0.0,1920
1058,0.04,narrow,theta_current,29,0.65,3.846615127832599e-06,0.4179505775183998,0.0,1920
1058,0.04,narrow,joint_current,0,0.0,0.0,0.0,0.009021872327796086,1920
1058,0.04,narrow,joint_current,1,0.0,2.7520272495941882e-06,0.0048633913262468255,0.00048210688930290806,1920
1058,0.04,narrow,joint_current,2,0.0,0.00015957136061425426,0.0125663321752872,0.001833224889926594,1920
1058,0.04,narrow,joint_current,3,0.0,3.5455184600331005e-05,0.010656623842175134,0.005820867557923367,1920
1058,0.04,narrow,joint_current,4,0.0,9.62606191560734e-05,0.03297546923694272,0.005799592137395408,1920
1058,0.04,narrow,joint_current,5,0.0,3.54357010183803e-05,0.008435771810090646,0.006464858887830748,1920
1058,0.04,narrow,joint_current,6,0.04,0.0051663172161527235,0.00638689501704952,0.00040577433528478444,1920
1058,0.04,narrow,joint_current,7,0.08,0.005611948335603511,0.027437608260446594,0.000630036495870079,1920
1058,0.04,narrow,joint_current,8,0.12,0.004002890244434013,0.0341763255322269,0.007461819326584308,1920
1058,0.04,narrow,joint_current,9,0.16,0.0021319166335390665,0.0627638477493112,0.0015154571467154393,1920
1058,0.04,narrow,joint_current,10,0.2,0.002218578732772832,0.09019668306880638,0.009846466695642249,1920
1058,0.04,narrow,joint_current,11,0.24,0.003025113966091186,0.12426056283800752,0.0015678629250247527,1920
1058,0.04,narrow,joint_current,12,0.28,0.002059725932622418,0.1417286398147852,0.001698410626530789,1920
1058,0.04,narrow,joint_current,13,0.32,0.0015278831397552706,0.2059425312370886,0.0047165953430121435,1920
1058,0.04,narrow,joint_current,14,0.36,0.001878791262222567,0.2220196579755933,0.004911630684560447,1920
1058,0.04,narrow,joint_current,15,0.4,0.0012579635995008263,0.2647986208665703,0.0043654073152532774,1920
1058,0.04,narrow,joint_current,16,0.44,0.0012179102433828176,0.31220067904034027,0.003820800428317004,1920
1058,0.04,narrow,joint_current,17,0.48,0.0007354742304283898,0.38511322246004953,0.004071158005798834,1920
1058,0.04,narrow,joint_current,18,0.52,0.000825847775322233,0.40990190357353884,0.005190250347735786,1920
1058,0.04,narrow,joint_current,19,0.56,0.0006520843180464843,0.5137649220124618,0.003348837318605899,1920
1058,0.04,narrow,joint_current,20,0.6,0.0012097737179521642,0.4678877080920103,0.0018403451566641406,1920
1058,0.04,narrow,joint_current,21,0.64,0.0014311096035746138,0.5025594175173609,0.014993698619030202,1920
1058,0.04,narrow,joint_current,22,0.65,5.9723096542987225e-05,0.4131629853950549,0.0021801589683948797,1920
1058,0.04,narrow,joint_current,23,0.65,3.5179500834126914e-05,0.42869900341104483,0.005163405348862614,1920
1058,0.04,narrow,joint_current,24,0.65,0.0001310783145935527,0.4590627499217497,0.0070534923369948155,1920
1058,0.04,narrow,joint_current,25,0.65,6.151061769276433e-05,0.4519226237805972,0.0017200127807200259,1920
1058,0.04,narrow,joint_current,26,0.65,5.924019791686446e-05,0.43347280542394806,0.00545581480342519,1920
1058,0.04,narrow,joint_current,27,0.65,1.1291006718762634e-05,0.4170837958069068,0.004723767620578329,1920
1058,0.04,narrow,joint_current,28,0.65,4.460404081358139e-05,0.4099710976383305,0.003339897761757019,1920
1058,0.04,narrow,joint_current,29,0.65,3.948295786862043e-06,0.41980684741622115,0.003130259076479669,1920
1058,0.04,narrow,joint_current_unpenalized,0,0.0,0.0,0.0,0.1687547456512244,1920
1058,0.04,narrow,joint_current_unpenalized,1,0.0,1.2714255721362745e-05,0.01552711868620039,0.11860727253042225,1920
1058,0.04,narrow,joint_current_unpenalized,2,0.0,0.00017300112915436778,0.006891452933916348,0.09553154943616711,1920
1058,0.04,narrow,joint_current_unpenalized,3,0.0,3.686579027512715e-05,0.007275134415204302,0.23910762010615974,1920
1058,0.04,narrow,joint_current_unpenalized,4,0.0,0.00013779099054615657,0.029004180202917597,0.04171760312196022,1920
1058,0.04,narrow,joint_current_unpenalized,5,0.0,2.3964830075044615e-05,0.005229450370689949,0.04250546947539924,1920
1058,0.04,narrow,joint_current_unpenalized,6,0.04,0.005040369812808845,0.015745362761542488,0.03968666049675095,1920
1058,0.04,narrow,joint_current_unpenalized,7,0.08,0.005616663754300043,0.020034867332442464,0.07110343419073353,1920
1058,0.04,narrow,joint_current_unpenalized,8,0.12,0.003996927614836924,0.013745330082899195,0.11533752881250377,1920
1058,0.04,narrow,joint_current_unpenalized,9,0.16,0.002200867078856992,0.05202737852597608,0.12319225678708849,1920
1058,0.04,narrow,joint_current_unpenalized,10,0.2,0.0022183219088409136,0.045878098446075946,0.19005453815528187,1920
1058,0.04,narrow,joint_current_unpenalized,11,0.24,0.0030567362148083213,0.013929161040918306,0.19866589328883594,1920
1058,0.04,narrow,joint_current_unpenalized,12,0.28,0.0020634334253742843,0.014161946283196721,0.2589527674821018,1920
1058,0.04,narrow,joint_current_unpenalized,13,0.32,0.001528397385528773,0.021645519949357275,0.22259529888200122,1920
1058,0.04,narrow,joint_current_unpenalized,14,0.36,0.0018807929521051743,0.05266694991762007,0.22030447822895563,1920
1058,0.04,narrow,joint_current_unpenalized,15,0.4,0.0012629402782670842,0.118140971654411,0.2788748111547825,1920
1058,0.04,narrow,joint_current_unpenalized,16,0.44,0.0012297065099247091,0.07557354613661522,0.35869558293081416,1920
1058,0.04,narrow,joint_current_unpenalized,17,0.48,0.0006691584662551907,0.10236964170509538,0.34161307403205937,1920
1058,0.04,narrow,joint_current_unpenalized,18,0.52,0.0008083958084643749,0.10666377044227668,0.364988562866762,1944
1058,0.04,narrow,joint_current_unpenalized,19,0.56,0.0006936139685854711,0.1779797832654485,0.3451644706809444,1920
1058,0.04,narrow,joint_current_unpenalized,20,0.6,0.001149215437074169,0.1700309021080268,0.3523575352711555,1944
1058,0.04,narrow,joint_current_unpenalized,21,0.64,0.0013905366652848187,0.21377546625285232,0.303751530467557,1920
1058,0.04,narrow,joint_current_unpenalized,22,0.65,1.8030851722273417e-05,0.2248343247392783,0.32846507082665766,1920
1058,0.04,narrow,joint_current_unpenalized,23,0.65,3.625332629010903e-05,0.1821494986689582,0.35200384974608656,1920
1058,0.04,narrow,joint_current_unpenalized,24,0.65,8.379202857557282e-05,0.174616888873892,0.36456917954883256,1920
1058,0.04,narrow,joint_current_unpenalized,25,0.65,7.215105809737703e-05,0.15503695255330988,0.3651634578591225,1920
1058,0.04,narrow,joint_current_unpenalized,26,0.65,6.059177882353528e-05,0.13779449705387187,0.3412505951919477,1920
1058,0.04,narrow,joint_current_unpenalized,27,0.65,2.4245935853890075e-06,0.16094402381031836,0.3418308437195061,1920
1058,0.04,narrow,joint_current_unpenalized,28,0.65,5.8334938318440885e-05,0.14533687717224866,0.3284797556559653,1920
1058,0.04,narrow,joint_current_unpenalized,29,0.65,3.81962809576693e-06,0.18512054420180968,0.3009829229660332,1920
1058,0.04,narrow,joint_recent2,0,0.0,0.0,0.0,0.009021872327796086,1920
1058,0.04,narrow,joint_recent2,1,0.0,2.7520272495941882e-06,0.0048633913262468255,0.0054856487835373375,1920
1058,0.04,narrow,joint_recent2,2,0.0,3.5210102618887356e-05,0.008166039418813793,0.0024337924457390257,1920
1058,0.04,narrow,joint_recent2,3,0.0,2.2737759142416012e-05,0.009472637428216862,0.006091794404838585,1920
1058,0.04,narrow,joint_recent2,4,0.0,2.7412918609082516e-05,0.014712514442400616,0.0003157945099418861,1920
1058,0.04,narrow,joint_recent2,5,0.0,2.4592602806038986e-05,0.013249768946963385,0.009404152865292038,1920
1058,0.04,narrow,joint_recent2,6,0.04,0.0048730028095898235,0.009840991242669501,0.016464164191524924,1920
1058,0.04,narrow,joint_recent2,7,0.08,0.011979214401609253,0.017843542399550768,0.010590502422066026,1920
1058,0.04,narrow,joint_recent2,8,0.12,0.009986516037736738,0.04164672714949634,0.013100332488166857,1920
1058,0.04,narrow,joint_recent2,9,0.16,0.005422625248282007,0.03877066614829409,0.003948036316208725,1920
1058,0.04,narrow,joint_recent2,10,0.2,0.006419293735619786,0.07298174469978233,0.0045342367805595,1920
1058,0.04,narrow,joint_recent2,11,0.24,0.0050602199117501375,0.11378948019396018,0.005480010020574719,1920
1058,0.04,narrow,joint_recent2,12,0.28,0.005010910471832755,0.11928013742895877,0.014438039959514815,1920
1058,0.04,narrow,joint_recent2,13,0.32,0.003011501067214728,0.20841335496561658,0.006192460001649003,1920
1058,0.04,narrow,joint_recent2,14,0.36,0.0040904994718830275,0.2220316586177023,0.007418107579639609,1920
1058,0.04,narrow,joint_recent2,15,0.4,0.0027115698739820534,0.25938040558621844,0.003033494665517383,1920
1058,0.04,narrow,joint_recent2,16,0.44,0.002863843601570337,0.2958499521997661,0.004616198000610791,1920
1058,0.04,narrow,joint_recent2,17,0.48,0.0021538690508658836,0.34758551374720603,0.004383005777139665,1920
1058,0.04,narrow,joint_recent2,18,0.52,0.0018454280136876889,0.40974092998011113,0.0030182166232753573,1920
1058,0.04,narrow,joint_recent2,19,0.56,0.001573197702993875,0.4536034326584893,0.004480822913531061,1920
1058,0.04,narrow,joint_recent2,20,0.6,0.0021585734156751974,0.4931637703911359,0.004718272700515222,1920
1058,0.04,narrow,joint_recent2,21,0.64,0.0025797654502678156,0.45324577721285864,0.008284754743144905,1920
1058,0.04,narrow,joint_recent2,22,0.65,0.0007284940122813367,0.4309729223809144,0.007914776445592265,1920
1058,0.04,narrow,joint_recent2,23,0.65,9.800974590461327e-06,0.42147143563092776,0.0020428193662043056,1920
1058,0.04,narrow,joint_recent2,24,0.65,4.8573061779076406e-05,0.43380443591084916,0.002506247094519189,1920
1058,0.04,narrow,joint_recent2,25,0.65,3.105782860711348e-05,0.4412051464064659,0.004213929913606419,1920
1058,0.04,narrow,joint_recent2,26,0.65,3.2890130002802596e-05,0.4441961014900504,0.0020532907969651472,1920
1058,0.04,narrow,joint_recent2,27,0.65,2.156821344233321e-05,0.42597290972677354,0.0028962839635797914,1920
1058,0.04,narrow,joint_recent2,28,0.65,1.7122287439865268e-05,0.41535593120758907,0.0019662525560613583,1920
1058,0.04,narrow,joint_recent2,29,0.65,1.0653552424052474e-05,0.41649399599284725,0.0017115103864454035,1920
1058,0.04,broad,theta_current,0,0.0,0.0,0.0,0.0,1992
1058,0.04,broad,theta_current,1,0.0,3.5248232515706645e-05,3.907449835522429e-05,0.0,1920
1058,0.04,broad,theta_current,2,0.0,8.972555520311153e-05,9.707980590396975e-05,0.0,1920
1058,0.04,broad,theta_current,3,0.0,4.438783872146179e-05,3.865812141663146e-05,0.0,1920
1058,0.04,broad,theta_current,4,0.0,0.00013574807865489812,0.0001097190698464469,0.0,1920
1058,0.04,broad,theta_current,5,0.0,0.0001555661890518507,0.00014566196852947458,0.0,1920
1058,0.04,broad,theta_current,6,0.04,0.009222306510474294,0.008076480393881685,0.0,1920
1058,0.04,broad,theta_current,7,0.08,0.013905685659386843,0.011626648940554658,0.0,1920
1058,0.04,broad,theta_current,8,0.12,0.018006652227589504,0.015614214711746715,0.0,1920
1058,0.04,broad,theta_current,9,0.16,0.014733927372221262,0.020426591790455598,0.0,1920
1058,0.04,broad,theta_current,10,0.2,0.028142859921923752,0.032714953293033096,0.0,1920
1058,0.04,broad,theta_current,11,0.24,0.023425499035139352,0.039096938294904696,0.0,1920
1058,0.04,broad,theta_current,12,0.28,0.03311797419413183,0.04147956891501618,0.0,1920
1058,0.04,broad,theta_current,13,0.32,0.07772340967952528,0.05831679937954741,0.0,1920
1058,0.04,broad,theta_current,14,0.36,0.05909168716277576,0.07266780097532147,0.0,1944
1058,0.04,broad,theta_current,15,0.4,0.11750894115483727,0.08122537884678421,0.0,1944
1058,0.04,broad,theta_current,16,0.44,0.09414695988287812,0.08912856851508613,0.0,1920
1058,0.04,broad,theta_current,17,0.48,0.08413137826632648,0.10087941493414662,0.0,1920
1058,0.04,broad,theta_current,18,0.52,0.04002460939902748,0.11089708344729995,0.0,1920
1058,0.04,broad,theta_current,19,0.56,0.14189171136838308,0.1612160938935761,0.0,1920
1058,0.04,broad,theta_current,20,0.6,0.28239003450601147,0.14812331883545682,0.0,1920
1058,0.04,broad,theta_current,21,0.64,0.21655673870346173,0.1738711001859089,0.0,1920
1058,0.04,broad,theta_current,22,0.65,0.15427296796868525,0.1419288051635195,0.0,1920
1058,0.04,broad,theta_current,23,0.65,0.15134689159031184,0.1645740070654149,0.0,1944
1058,0.04,broad,theta_current,24,0.65,0.17178483180789153,0.14129131698748473,0.0,1968
1058,0.04,broad,theta_current,25,0.65,0.1759759169936929,0.14826796796421227,0.0,1944
1058,0.04,broad,theta_current,26,0.65,0.0948970376690607,0.14291287442285477,0.0,1920
1058,0.04,broad,theta_current,27,0.65,0.24531889800485582,0.18885330752092433,0.0,1944
1058,0.04,broad,theta_current,28,0.65,0.09097591837685019,0.12280528398990884,0.0,1920
1058,0.04,broad,theta_current,29,0.65,0.11840831749090625,0.13113869524715677,0.0,1920
1058,0.04,broad,joint_current,0,0.0,0.0,0.0,0.0027640545845750244,1920
1058,0.04,broad,joint_current,1,0.0,2.110830862475471e-05,3.885630701614719e-05,0.0090455107824602,1920
1058,0.04,broad,joint_current,2,0.0,0.0002035000113218442,0.00022640713935682914,0.00972487251077045,1920
1058,0.04,broad,joint_current,3,0.0,0.00010184002117970307,0.00011977579437275224,0.03367766206268913,1920
1058,0.04,broad,joint_current,4,0.0,0.0002529403538541934,0.00022885054746031553,0.007048516438922107,1920
1058,0.04,broad,joint_current,5,0.0,0.0002819774027439631,0.0002281239439511559,0.008771395604598341,1920
1058,0.04,broad,joint_current,6,0.04,0.008786057213070625,0.007916900024794565,0.04146871011290006,1920
1058,0.04,broad,joint_current,7,0.08,0.00741177834915389,0.006499002109205457,0.07414540449383104,1920
1058,0.04,broad,joint_current,8,0.12,0.006562756777832417,0.007441195033707639,0.12147051258420832,1920
1058,0.04,broad,joint_current,9,0.16,0.00492165034034994,0.005249235330580477,0.16374817572527933,1920
1058,0.04,broad,joint_current,10,0.2,0.0020743797759101854,0.003287205736127459,0.19520624482201293,1920
1058,0.04,broad,joint_current,11,0.24,0.002082553918132794,0.0026612016378918793,0.23452361546763636,1920
1058,0.04,broad,joint_current,12,0.28,0.0026051594333286227,0.0027371956667775,0.2742670953802235,1920
1058,0.04,broad,joint_current,13,0.32,0.0028921525374929467,0.003863793549925987,0.309130979375644,1920
1058,0.04,broad,joint_current,14,0.36,0.002469080096142887,0.004056420352175544,0.3351739978492942,1920
1058,0.04,broad,joint_current,15,0.4,0.010709674529211177,0.006231200635127493,0.38832211434712144,1920
1058,0.04,broad,joint_current,16,0.44,0.0018279521206110369,0.005315358856526538,0.41931998960564437,1920
1058,0.04,broad,joint_current,17,0.48,0.004788408484438155,0.006213524743893164,0.44556640910804957,1920
1058,0.04,broad,joint_current,18,0.52,0.003333402364534475,0.009074177301223275,0.4754989745987284,1920
1058,0.04,broad,joint_current,19,0.56,0.006747648090829856,0.010463916390924194,0.545266742296413,1920
1058,0.04,broad,joint_current,20,0.6,0.007585445728307954,0.005544374431976377,0.5836688447573583,1920
1058,0.04,broad,joint_current,21,0.64,0.005871300031099009,0.006195256907971709,0.6246540200033167,1920
1058,0.04,broad,joint_current,22,0.65,0.0008480467822849454,0.0009601694536367483,0.6229032486904262,1920
1058,0.04,broad,joint_current,23,0.65,0.000838976221943221,0.0007465597629844227,0.6302095413545706,1920
1058,0.04,broad,joint_current,24,0.65,0.00045053963391556226,0.0004726809808062248,0.5999063263844061,1920
1058,0.04,broad,joint_current,25,0.65,0.005690112428666954,0.00430300959466917,0.6320606352877769,1920
1058,0.04,broad,joint_current,26,0.65,0.0003833450380217864,0.0002634053786807753,0.6221509155985586,1920
1058,0.04,broad,joint_current,27,0.65,0.0013334413921822382,0.0009059882172054291,0.6189935396137196,1920
1058,0.04,broad,joint_current,28,0.65,0.0033382929914755103,0.002292020126695038,0.6430523170746734,1920
1058,0.04,broad,joint_current,29,0.65,0.00015884567302688465,0.0002558090909460182,0.6405888448886975,1920
1058,0.04,broad,joint_current_unpenalized,0,0.0,0.0,0.0,0.0033447975638782033,1920
1058,0.04,broad,joint_current_unpenalized,1,0.0,2.0868184687621988e-05,3.909937466414457e-05,0.009535070452700013,1920
1058,0.04,broad,joint_current_unpenalized,2,0.0,0.00021453236474996257,0.0002394595743825575,0.010437709634835446,1920
1058,0.04,broad,joint_current_unpenalized,3,0.0,0.00010440687876173714,0.00012183687176261257,0.04177953383040119,1920
1058,0.04,broad,joint_current_unpenalized,4,0.0,0.0002979512162061689,0.0002871099085327576,0.0077243518129042925,1920
1058,0.04,broad,joint_current_unpenalized,5,0.0,0.0002909340203479211,0.00023240140047860205,0.012725785254177197,1920
1058,0.04,broad,joint_current_unpenalized,6,0.04,0.008694131086810658,0.007861027343567018,0.041946836746435824,1920
1058,0.04,broad,joint_current_unpenalized,7,0.08,0.007370896059465569,0.006470261620631414,0.07480295439289754,1920
1058,0.04,broad,joint_current_unpenalized,8,0.12,0.0064866408179313035,0.007397452301200997,0.12408771859478726,1920
1058,0.04,broad,joint_current_unpenalized,9,0.16,0.004746961184490982,0.00501712922202109,0.16774479060294833,1920
1058,0.04,broad,joint_current_unpenalized,10,0.2,0.0020054230664659236,0.003109095319804705,0.20198593671257412,1920
1058,0.04,broad,joint_current_unpenalized,11,0.24,0.001888829797991335,0.0023779751025265914,0.2422075951510277,1920
1058,0.04,broad,joint_current_unpenalized,12,0.28,0.00256260796727267,0.0025744962575128243,0.2855040065262276,1920
1058,0.04,broad,joint_current_unpenalized,13,0.32,0.0027014503319432314,0.0035796460557657546,0.3173041904099427,1920
1058,0.04,broad,joint_current_unpenalized,14,0.36,0.002207416573390616,0.0035638102309939247,0.3666447143913112,1920
1058,0.04,broad,joint_current_unpenalized,15,0.4,0.010191361976736162,0.005339602642625191,0.400395440539299,1920
1058,0.04,broad,joint_current_unpenalized,16,0.44,0.0018642549731103615,0.005268882593858021,0.4375993328568809,1920
1058,0.04,broad,joint_current_unpenalized,17,0.48,0.002606026905545821,0.0034477346745222046,0.4691002010686603,1920
1058,0.04,broad,joint_current_unpenalized,18,0.52,0.00256302787426537,0.005869106571999125,0.5020677224977046,1920
1058,0.04,broad,joint_current_unpenalized,19,0.56,0.0036391033547486826,0.005813192720988111,0.5637083265650947,1920
1058,0.04,broad,joint_current_unpenalized,20,0.6,0.006029084464725225,0.004423237832732833,0.6008916398806211,1920
1058,0.04,broad,joint_current_unpenalized,21,0.64,0.00418445220883721,0.004266989717292196,0.6508403564847342,1920
1058,0.04,broad,joint_current_unpenalized,22,0.65,0.00042263155571713173,0.0005463737321087333,0.6413250502340417,1920
1058,0.04,broad,joint_current_unpenalized,23,0.65,0.00029325071762384164,0.0002460542338342054,0.6445900699757284,1920
1058,0.04,broad,joint_current_unpenalized,24,0.65,0.00013877867234484513,0.00018336650065818485,0.6433252402650781,1920
1058,0.04,broad,joint_current_unpenalized,25,0.65,0.0008794439824045642,0.0008361282127141974,0.6453784296937268,1920
1058,0.04,broad,joint_current_unpenalized,26,0.65,0.00024152618893776893,0.00015877100126550608,0.6440894722217025,1920
1058,0.04,broad,joint_current_unpenalized,27,0.65,0.0001543157066787695,0.00017312139829546615,0.6438565908274996,1920
1058,0.04,broad,joint_current_unpenalized,28,0.65,0.00012871273080895915,0.00027305519103282516,0.6596607867389038,1920
1058,0.04,broad,joint_current_unpenalized,29,0.65,0.0001967695008320284,0.00013185201118436264,0.6524821480691473,1920
1058,0.04,broad,joint_recent2,0,0.0,0.0,0.0,0.0027640545845750244,1920
1058,0.04,broad,joint_recent2,1,0.0,2.110830862475471e-05,3.885630701614719e-05,0.006354750278420727,1920
1058,0.04,broad,joint_recent2,2,0.0,3.876846766649178e-05,4.606404953149774e-05,0.006597521748208146,1920
1058,0.04,broad,joint_recent2,3,0.0,5.460449124633864e-05,8.084470245840411e-05,0.01583460093304566,1920
1058,0.04,broad,joint_recent2,4,0.0,0.0001106802075219102,9.704932499564984e-05,0.013576873111150578,1920
1058,0.04,broad,joint_recent2,5,0.0,0.00013170070237924426,8.185614761589275e-05,0.004456673527831454,1920
1058,0.04,broad,joint_recent2,6,0.04,0.009468261187099642,0.00804449615243866,0.05043692244286541,1920
1058,0.04,broad,joint_recent2,7,0.08,0.021105504725055124,0.01550867706207492,0.06027732777114534,1920
1058,0.04,broad,joint_recent2,8,0.12,0.01234707819520237,0.014763361320199496,0.10277555954001265,1920
1058,0.04,broad,joint_recent2,9,0.16,0.011757108943867582,0.012655241145760311,0.13994664936726384,1920
1058,0.04,broad,joint_recent2,10,0.2,0.004841488624448505,0.00673900801352964,0.17620200219083987,1920
1058,0.04,broad,joint_recent2,11,0.24,0.005939591083808568,0.007297567459677398,0.21897398303871676,1920
1058,0.04,broad,joint_recent2,12,0.28,0.005638516675038212,0.00626652969710262,0.2487056167380357,1920
1058,0.04,broad,joint_recent2,13,0.32,0.005605882170724139,0.006614887132534818,0.2856402540345768,1920
1058,0.04,broad,joint_recent2,14,0.36,0.007151035352230738,0.01067989877471305,0.321380673071157,1920
1058,0.04,broad,joint_recent2,15,0.4,0.018870552492261782,0.011046397466456602,0.38673833954658854,1920
1058,0.04,broad,joint_recent2,16,0.44,0.0020344693574956894,0.006652677485177492,0.39545071469569526,1920
1058,0.04,broad,joint_recent2,17,0.48,0.013255539826403892,0.015840777165436845,0.4530227972367921,1920
1058,0.04,broad,joint_recent2,18,0.52,0.004021420511593706,0.008655284074884067,0.4652365792243124,1920
1058,0.04,broad,joint_recent2,19,0.56,0.011677386005605332,0.015438159394219293,0.5257301644312545,1920
1058,0.04,broad,joint_recent2,20,0.6,0.015062605398798274,0.011208831616684739,0.5777371569485952,1920
1058,0.04,broad,joint_recent2,21,0.64,0.008891445149472288,0.008627854214293424,0.6158780422366081,1920
1058,0.04,broad,joint_recent2,22,0.65,0.0023153059017189167,0.002860109918602704,0.6292349519172081,1920
1058,0.04,broad,joint_recent2,23,0.65,0.00045163852876922684,0.00038318513403098957,0.62986451645191,1920
1058,0.04,broad,joint_recent2,24,0.65,0.00039082554573868924,0.0004095785670511345,0.636725039005673,1920
1058,0.04,broad,joint_recent2,25,0.65,0.00014882316002439824,0.0001631931247274303,0.6312404299435809,1920
1058,0.04,broad,joint_recent2,26,0.65,0.0005191486440756055,0.00038602014601058865,0.631963361393685,1920
1058,0.04,broad,joint_recent2,27,0.65,0.0003619400808012887,0.0002410725022109471,0.6359839782809013,1920
1058,0.04,broad,joint_recent2,28,0.65,0.0001196337224718928,0.00024439225326666823,0.6404052650780185,1920
1058,0.04,broad,joint_recent2,29,0.65,0.0002189768382623798,0.00026659362179866694,0.6420061326500548,1920
1059,0.015,narrow,theta_current,0,0.0,0.0,0.0,0.0,1920
1059,0.015,narrow,theta_current,1,0.0,3.570658893106864e-05,0.008384312889586337,0.0,1920
1059,0.015,narrow,theta_current,2,0.0,9.038823323894655e-05,0.02341031547596651,0.0,1920
1059,0.015,narrow,theta_current,3,0.0,6.837744365297335e-05,0.017794569152360017,0.0,1920
1059,0.015,narrow,theta_current,4,0.0,0.0001351409189748735,0.025577010286043686,0.0,1920
1059,0.015,narrow,theta_current,5,0.0,2.01148999510417e-05,0.0372062522504559,0.0,1920
1059,0.015,narrow,theta_current,6,0.015,0.00023777417760481112,0.00958652552725592,0.0,1920
1059,0.015,narrow,theta_current,7,0.03,0.00034860093908092214,0.0016108470222947668,0.0,1920
1059,0.015,narrow,theta_current,8,0.045,0.0004085256247200475,0.013823047247887498,0.0,1920
1059,0.015,narrow,theta_current,9,0.06,0.0003075839699893867,0.01658850437407973,0.0,1920
1059,0.015,narrow,theta_current,10,0.075,0.0002580891387517121,0.006605279967270134,0.0,1920
1059,0.015,narrow,theta_current,11,0.09,0.0003449562986847304,0.035219501483782084,0.0,1920
1059,0.015,narrow,theta_current,12,0.105,0.00021011902528883454,0.07045256412763241,0.0,1920
1059,0.015,narrow,theta_current,13,0.12,8.333546834585475e-05,0.04671218965363895,0.0,1920
1059,0.015,narrow,theta_current,14,0.135,0.00028415020018076063,0.13504972203787027,0.0,1920
1059,0.015,narrow,theta_current,15,0.15,0.0003185337895939819,0.15870217776041382,0.0,1920
1059,0.015,narrow,theta_current,16,0.16499999999999998,0.00018537279845841866,0.14494598578148338,0.0,1920
1059,0.015,narrow,theta_current,17,0.18,0.00010630889300274787,0.1427614452228455,0.0,1920
1059,0.015,narrow,theta_current,18,0.195,0.000312688292305155,0.19484833874985455,0.0,1920
1059,0.015,narrow,theta_current,19,0.21,0.0004865117460759909,0.14930256259620295,0.0,1920
1059,0.015,narrow,theta_current,20,0.22499999999999998,0.00045750131201186504,0.17127010016857958,0.0,1920
1059,0.015,narrow,theta_current,21,0.24,0.00047901977680833794,0.16803342227663884,0.0,1920
1059,0.015,narrow,theta_current,22,0.255,0.0007234800453379425,0.10652761690462136,0.0,1920
1059,0.015,narrow,theta_current,23,0.27,0.0005621461528313745,0.16111827929518102,0.0,1920
1059,0.015,narrow,theta_current,24,0.285,0.00045444311960513045,0.08090122748412544,0.0,1920
1059,0.015,narrow,theta_current,25,0.3,0.0009992142954889825,0.10895690974562974,0.0,1920
1059,0.015,narrow,theta_current,26,0.315,0.0003827444959791132,0.1263449938102565,0.0,1920
1059,0.015,narrow,theta_current,27,0.32999999999999996,0.00029995489737286613,0.08672309929408271,0.0,1920
1059,0.015,narrow,theta_current,28,0.345,0.00032399633077604767,0.09882167166839702,0.0,1920
1059,0.015,narrow,theta_current,29,0.36,0.0006788544589999332,0.06524298790605776,0.0,1920
1059,0.015,narrow,joint_current,0,0.0,0.0,0.0,0.0038455456003932366,1920
1059,0.015,narrow,joint_current,1,0.0,3.554983271666465e-05,0.009853512223918578,0.002105652482441944,1920
1059,0.015,narrow,joint_current,2,0.0,9.042257673100263e-05,0.02420111776939832,0.0005447966326375598,1920
1059,0.015,narrow,joint_current,3,0.0,6.828493512661652e-05,0.017146699063679965,0.00012159567546594311,1920
1059,0.015,narrow,joint_current,4,0.0,0.00013515787417558818,0.025344015582539417,0.0018259388043885578,1920
1059,0.015,narrow,joint_current,5,0.0,1.9914101361106814e-05,0.03818269624630737,0.007806792635731839,1920
1059,0.015,narrow,joint_current,6,0.015,0.00023581413897149012,0.010067304843506932,0.0008089884770206798,1920
1059,0.015,narrow,joint_current,7,0.03,0.0003485284261460389,0.0014773557451629045,0.003864039794762393,1920
1059,0.015,narrow,joint_current,8,0.045,0.0004081236525942616,0.01399678243657653,0.003505085130027199,1920
1059,0.015,narrow,joint_current,9,0.06,0.0003087125053954882,0.017369054211015006,0.005265575701528989,1920
1059,0.015,narrow,joint_current,10,0.075,0.00025784557038900906,0.008636946600934118,0.005171092705139638,1920
1059,0.015,narrow,joint_current,11,0.09,0.000345826804950589,0.041293554296475674,0.00241933945421226,1920
1059,0.015,narrow,joint_current,12,0.105,0.00021034948351798788,0.07389098816278666,0.0035538772264218075,1920
1059,0.015,narrow,joint_current,13,0.12,8.321356699315375e-05,0.042877446732091415,0.0057140738040599584,1920
1059,0.015,narrow,joint_current,14,0.135,0.0002839100269670759,0.147028585097563,0.00048151462177084884,1920
1059,0.015,narrow,joint_current,15,0.15,0.0003188139035303893,0.15958403286002582,0.0018791418973133822,1920
1059,0.015,narrow,joint_current,16,0.16499999999999998,0.00018503776810578445,0.14074017663041122,0.001001963079909463,1920
1059,0.015,narrow,joint_current,17,0.18,0.00010621053408954965,0.14036147034977856,0.001754626037999457,1920
1059,0.015,narrow,joint_current,18,0.195,0.0003128536101163011,0.19850496065693587,0.0031355719981249293,1920
1059,0.015,narrow,joint_current,19,0.21,0.0004874397989468508,0.14267640099152623,0.0007425218669427885,1920
1059,0.015,narrow,joint_current,20,0.22499999999999998,0.0004577240186499252,0.1725348873905081,0.0013016712446124667,1920
1059,0.015,narrow,joint_current,21,0.24,0.0004788982199829234,0.1647161691236118,0.005029285900175959,1920
1059,0.015,narrow,joint_current,22,0.255,0.0007229292902720148,0.0981791213088956,0.0032431468051957657,1920
1059,0.015,narrow,joint_current,23,0.27,0.0005615858548782618,0.16707755519295175,0.0065730174334031905,1920
1059,0.015,narrow,joint_current,24,0.285,0.00045321104263247824,0.07288657186465225,0.001887793895747846,1920
1059,0.015,narrow,joint_current,25,0.3,0.0009995634197610215,0.11211485439924002,0.0016007888257574883,1920
1059,0.015,narrow,joint_current,26,0.315,0.00038244156094486165,0.12927473667863826,0.0037261686356471965,1920
1059,0.015,narrow,joint_current,27,0.32999999999999996,0.00029938094777288044,0.08221358427393939,0.0007545634157178103,1920
1059,0.015,narrow,joint_current,28,0.345,0.0003237013853183074,0.09936207981963267,0.003954375187309838,1920
1059,0.015,narrow,joint_current,29,0.36,0.0006789052351864168,0.0617343100859723,0.008063571100360484,1920
1059,0.015,narrow,joint_current_unpenalized,0,0.0,0.0,0.0,0.091233552053718,1920
1059,0.015,narrow,joint_current_unpenalized,1,0.0,3.1486595440602704e-05,0.05944860305515984,0.10590355330691217,1920
1059,0.015,narrow,joint_current_unpenalized,2,0.0,9.210279294206016e-05,0.0967734152757126,0.08990784092048429,1920
1059,0.015,narrow,joint_current_unpenalized,3,0.0,7.451899377569985e-05,0.0662491399969296,0.06784008501190757,1920
1059,0.015,narrow,joint_current_unpenalized,4,0.0,0.00013337102797703106,0.07091569592880859,0.11067361504990056,1944
1059,0.015,narrow,joint_current_unpenalized,5,0.0,1.4322429241772339e-05,0.07726709520808418,0.05698271488943023,1944
1059,0.015,narrow,joint_current_unpenalized,6,0.015,0.0002401368004462884,0.03862049292422435,0.0674883167522577,1920
1059,0.015,narrow,joint_current_unpenalized,7,0.03,0.00036137367113541944,0.020165369134297343,0.14953155494261153,1920
1059,0.015,narrow,joint_current_unpenalized,8,0.045,0.0003820995045469412,0.06975346295159511,0.16303252689174935,1920
1059,0.015,narrow,joint_current_unpenalized,9,0.06,0.00032068215566873596,0.08758375567004124,0.06563545189173722,1920
1059,0.015,narrow,joint_current_unpenalized,10,0.075,0.0002750379337854529,0.008994004847306562,0.08265166744720961,1920
1059,0.015,narrow,joint_current_unpenalized,11,0.09,0.00031871495500448787,0.03314257812886814,0.11313786279559,1920
1059,0.015,narrow,joint_current_unpenalized,12,0.105,0.00021168701731089022,0.06710661291374362,0.10283226003596846,1920
1059,0.015,narrow,joint_current_unpenalized,13,0.12,7.829121112604784e-05,0.025580722684900314,0.123785592956265,1944
1059,0.015,narrow,joint_current_unpenalized,14,0.135,0.00029207675950297906,0.11503624459103684,0.12049435141747311,1920
1059,0.015,narrow,joint_current_unpenalized,15,0.15,0.00031276185131559516,0.11112326142162905,0.10980212684215486,1920
1059,0.015,narrow,joint_current_unpenalized,16,0.16499999999999998,0.0001800842386180023,0.074609007425413,0.10021635978061906,1920
1059,0.015,narrow,joint_current_unpenalized,17,0.18,0.00010312391529096487,0.06718345535820637,0.11049514655872843,1920
1059,0.015,narrow,joint_current_unpenalized,18,0.195,0.00030545189251885227,0.16812386055512926,0.09474386490159802,1920
1059,0.015,narrow,joint_current_unpenalized,19,0.21,0.0005052025046022973,0.04892282711901527,0.09893156703713406,1920
1059,0.015,narrow,joint_current_unpenalized,20,0.22499999999999998,0.00044996300180444706,0.06644483087081662,0.10373526848822522,1920
1059,0.015,narrow,joint_current_unpenalized,21,0.24,0.0004761891533760693,0.04928583089580538,0.11163511042584168,1920
1059,0.015,narrow,joint_current_unpenalized,22,0.255,0.0007176292451520098,0.00731359226419839,0.10914389093788354,1920
1059,0.015,narrow,joint_current_unpenalized,23,0.27,0.0005892556566589954,0.04931760364914369,0.14802906492782533,1920
1059,0.015,narrow,joint_current_unpenalized,24,0.285,0.0004397852560473105,0.003156595045397735,0.11958713611708821,1920
1059,0.015,narrow,joint_current_unpenalized,25,0.3,0.0009927790569248928,0.012168366512851313,0.10804825743402617,1920
1059,0.015,narrow,joint_current_unpenalized,26,0.315,0.0003942107168724756,0.02610284315408063,0.14696861694028793,1920
1059,0.015,narrow,joint_current_unpenalized,27,0.32999999999999996,0.0002871290457443903,0.006304878783232782,0.1529530071378983,1920
1059,0.015,narrow,joint_current_unpenalized,28,0.345,0.00032037273187675183,0.01889616728423304,0.18325770487205703,1920
1059,0.015,narrow,joint_current_unpenalized,29,0.36,0.0006925199669983454,0.0044468611671333175,0.10727548818442569,1920
1059,0.015,narrow,joint_recent2,0,0.0,0.0,0.0,0.0038455456003932366,1920
1059,0.015,narrow,joint_recent2,1,0.0,3.554983271666465e-05,0.009853512223918578,0.0025385949059148396,1920
1059,0.015,narrow,joint_recent2,2,0.0,6.632066293772551e-05,0.01697910184015402,0.0010038774410483023,1920
1059,0.015,narrow,joint_recent2,3,0.0,6.628797592296618e-05,0.019114585286531816,0.000880199671832831,1920
1059,0.015,narrow,joint_recent2,4,0.0,9.352576600362457e-05,0.016736455551246705,0.0036731411218847445,1920
1059,0.015,narrow,joint_recent2,5,0.0,1.0964848462373688e-05,0.028103546534454682,0.0007837262270415251,1920
1059,0.015,narrow,joint_recent2,6,0.015,0.00018039801218373003,0.015555784371115919,0.005037868255888451,1920
1059,0.015,narrow,joint_recent2,7,0.03,0.0004922846391655202,0.0029407652179059738,0.0019982086869722005,1920
1059,0.015,narrow,joint_recent2,8,0.045,0.0005787275686771214,0.009295352258214368,0.005252324259723577,1920
1059,0.015,narrow,joint_recent2,9,0.06,0.0005170297174310515,0.015930393017831238,0.001372508935772908,1920
1059,0.015,narrow,joint_recent2,10,0.075,0.0005271342812716132,0.00890360633843719,0.0058282262892365875,1920
1059,0.015,narrow,joint_recent2,11,0.09,0.000601562502537001,0.015137523287815664,0.003400050448903941,1920
1059,0.015,narrow,joint_recent2,12,0.105,0.00042883642164601095,0.021679734788382577,0.0006597902122132111,1920
1059,0.015,narrow,joint_recent2,13,0.12,0.00030904651092959404,0.02576164687732122,0.001694181503338952,1920
1059,0.015,narrow,joint_recent2,14,0.135,0.0004033466715305971,0.04429751718413666,0.005083687078181826,1920
1059,0.015,narrow,joint_recent2,15,0.15,0.0006701306659959083,0.08308415096239467,0.0031139661150659708,1920
1059,0.015,narrow,joint_recent2,16,0.16499999999999998,0.0005074597095587914,0.06496555309741414,0.002073558730907402,1920
1059,0.015,narrow,joint_recent2,17,0.18,0.0004682435422930533,0.0700768618410156,0.0010221395812548657,1920
1059,0.015,narrow,joint_recent2,18,0.195,0.000492084569482106,0.09056470946380081,0.0004691254444829425,1920
1059,0.015,narrow,joint_recent2,19,0.21,0.00076069084339451,0.10218078158077218,0.00229964373616377,1920
1059,0.015,narrow,joint_recent2,20,0.22499999999999998,0.0008988934139728156,0.13386798669676753,0.0030213480686808914,1920
1059,0.015,narrow,joint_recent2,21,0.24,0.0008674310956665685,0.11498271175940171,0.003364243646423152,1920
1059,0.015,narrow,joint_recent2,22,0.255,0.001194186958175603,0.1068539931247241,0.0020087154415270674,1920
1059,0.015,narrow,joint_recent2,23,0.27,0.001173958101607344,0.10770194515637777,0.00020003347250464008,1920
1059,0.015,narrow,joint_recent2,24,0.285,0.0009456310657290713,0.11945222219615939,0.00565974713520766,1920
1059,0.015,narrow,joint_recent2,25,0.3,0.0013884647131985229,0.08744992118534485,0.001004789258458519,1920
1059,0.015,narrow,joint_recent2,26,0.315,0.0010964856651732658,0.10882424134459989,0.001303010938745353,1920
1059,0.015,narrow,joint_recent2,27,0.32999999999999996,0.000990828656384441,0.10077196287665527,0.006228185418855131,1920
1059,0.015,narrow,joint_recent2,28,0.345,0.000838654182725801,0.06898523505688166,0.0031935705825046966,1920
1059,0.015,narrow,joint_recent2,29,0.36,0.0011010424969824337,0.06565655510557798,0.0035801640332098752,1920
1059,0.015,broad,theta_current,0,0.0,0.0,0.0,0.0,1920
1059,0.015,broad,theta_current,1,0.0,0.0001218232231803012,0.00016681930370062185,0.0,1920
1059,0.015,broad,theta_current,2,0.0,8.630938823938723e-05,9.633329366715414e-05,0.0,1920
1059,0.015,broad,theta_current,3,0.0,0.00020262768771498095,0.00017309555972041434,0.0,1920
1059,0.015,broad,theta_current,4,0.0,0.00021271755915641127,0.00019662313315728217,0.0,1920
1059,0.015,broad,theta_current,5,0.0,0.00021708739269420208,0.00019898031080139669,0.0,1920
1059,0.015,broad,theta_current,6,0.015,0.0014610991196580437,0.0013182465747622978,0.0,1920
1059,0.015,broad,theta_current,7,0.03,0.001306371035909164,0.0018520200273351643,0.0,1920
1059,0.015,broad,theta_current,8,0.045,0.00693167986173041,0.004184973469656113,0.0,1920
1059,0.015,broad,theta_current,9,0.06,0.0035175635944207236,0.003212500362723378,0.0,1920
1059,0.015,broad,theta_current,10,0.075,0.007028815492781631,0.006017002726975614,0.0,1920
1059,0.015,broad,theta_current,11,0.09,0.00635929800636544,0.006900117621427499,0.0,1944
1059,0.015,broad,theta_current,12,0.105,0.012315227284723165,0.00991781760790968,0.0,1920
1059,0.015,broad,theta_current,13,0.12,0.011855895619503655,0.014591794301104351,0.0,1944
1059,0.015,broad,theta_current,14,0.135,0.017045766343540873,0.01624732041987275,0.0,1944
1059,0.015,broad,theta_current,15,0.15,0.016849960353804098,0.019605029343909834,0.0,1920
1059,0.015,broad,theta_current,16,0.16499999999999998,0.03019617401016871,0.021524230317664633,0.0,1920
1059,0.015,broad,theta_current,17,0.18,0.020388292424920712,0.023413264634453382,0.0,1920
1059,0.015,broad,theta_current,18,0.195,0.024576063971330553,0.025832917210190952,0.0,1944
1059,0.015,broad,theta_current,19,0.21,0.025357489138821118,0.03155471390163434,0.0,1920
1059,0.015,broad,theta_current,20,0.22499999999999998,0.031781248782026296,0.03141059565517264,0.0,1920
1059,0.015,broad,theta_current,21,0.24,0.03857327756913436,0.03842643893757983,0.0,1920
1059,0.015,broad,theta_current,22,0.255,0.034539601814556176,0.0386885549811747,0.0,1944
1059,0.015,broad,theta_current,23,0.27,0.05918631806349662,0.04166717607822041,0.0,1944
1059,0.015,broad,theta_current,24,0.285,0.0720259550174785,0.0510077345443295,0.0,1944
1059,0.015,broad,theta_current,25,0.3,0.06677319347904329,0.05130436424892013,0.0,1944
1059,0.015,broad,theta_current,26,0.315,0.0831800568566658,0.04605916987473324,0.0,1944
1059,0.015,broad,theta_current,27,0.32999999999999996,0.06471580380122038,0.050153661832924606,0.0,1920
1059,0.015,broad,theta_current,28,0.345,0.07496423651253432,0.061175314527925725,0.0,1920
1059,0.015,broad,theta_current,29,0.36,0.039735057689619026,0.04636945381338464,0.0,1944
1059,0.015,broad,joint_current,0,0.0,0.0,0.0,0.020698525837753858,1920
1059,0.015,broad,joint_current,1,0.0,0.0001440000522791909,0.00020588778675673368,0.015990533146709937,1920
1059,0.015,broad,joint_current,2,0.0,0.0001671478337532012,0.00014697371511833196,0.03782724161380985,1920
1059,0.015,broad,joint_current,3,0.0,0.0002086581309790084,0.00019217557817151744,0.011062436917787726,1920
1059,0.015,broad,joint_current,4,0.0,0.00024156888277001098,0.00020900769232398654,0.022888511263742934,1920
1059,0.015,broad,joint_current,5,0.0,0.0003600513695165024,0.00033559871473330704,0.01040195566176094,1920
1059,0.015,broad,joint_current,6,0.015,0.001446161131935736,0.001291714993429299,0.02284251074068356,1920
1059,0.015,broad,joint_current,7,0.03,0.0007250864158234637,0.0008154412820926818,0.03141558626661841,1920
1059,0.015,broad,joint_current,8,0.045,0.0009003305246824567,0.0006754581742655962,0.03556650265126108,1920
1059,0.015,broad,joint_current,9,0.06,0.0006606889317605629,0.000730533348963164,0.06771442284074794,1920
1059,0.015,broad,joint_current,10,0.075,0.0007416633332262574,0.0007416222280621212,0.06318201630978097,1920
1059,0.015,broad,joint_current,11,0.09,0.0005347183434356409,0.0005198872557876158,0.07522508651482883,1920
1059,0.015,broad,joint_current,12,0.105,0.0019911223694818966,0.0017085792378664635,0.07502618421604625,1920
1059,0.015,broad,joint_current,13,0.12,0.0008401404532899331,0.0011638913383611035,0.07653235928602775,1920
1059,0.015,broad,joint_current,14,0.135,0.0011191474557014551,0.0010706721613657688,0.10475156423842934,1920
1059,0.015,broad,joint_current,15,0.15,0.0007042062940500368,0.0011666871604348096,0.11616971125798732,1920
1059,0.015,broad,joint_current,16,0.16499999999999998,0.0013849512452213536,0.0010226244486204634,0.1283995457610209,1920
1059,0.015,broad,joint_current,17,0.18,0.0007707713987010634,0.0007129677400481841,0.13934862547935659,1920
1059,0.015,broad,joint_current,18,0.195,0.0007352052782500846,0.000829468102973363,0.14602708245247997,1920
1059,0.015,broad,joint_current,19,0.21,0.0009173550400013259,0.0008959161534830469,0.13852809359327836,1920
1059,0.015,broad,joint_current,20,0.22499999999999998,0.0008087881058017756,0.0009927783891632899,0.18458049105881927,1920
1059,0.015,broad,joint_current,21,0.24,0.0012268706859581047,0.0011811660794100978,0.18614311419960192,1920
1059,0.015,broad,joint_current,22,0.255,0.0006825998414867017,0.0008788973658366229,0.1784784865184896,1920
1059,0.015,broad,joint_current,23,0.27,0.0013121573395957198,0.0010094451616787354,0.20269198226460008,1920
1059,0.015,broad,joint_current,24,0.285,0.0006083353061841399,0.0006509985583506032,0.19952817681734153,1920
1059,0.015,broad,joint_current,25,0.3,0.0011546276936716254,0.0011778894406612008,0.22062322899792794,1920
1059,0.015,broad,joint_current,26,0.315,0.00026250472270114604,0.00029492167579065647,0.24203108077783309,1920
1059,0.015,broad,joint_current,27,0.32999999999999996,0.0005288088553334065,0.00045181441533531565,0.2311871805680209,1920
1059,0.015,broad,joint_current,28,0.345,0.002207400349136212,0.0017021901550051074,0.20280127177567242,1920
1059,0.015,broad,joint_current,29,0.36,0.0011317016211573848,0.0016886068342577866,0.2501022344015853,1920
1059,0.015,broad,joint_current_unpenalized,0,0.0,0.0,0.0,0.06220898076800715,1920
1059,0.015,broad,joint_current_unpenalized,1,0.0,0.0002952135115173888,0.00047408810855574654,0.02934309426560881,1920
1059,0.015,broad,joint_current_unpenalized,2,0.0,0.00024162479904147704,0.00019719503781486615,0.07663989489557767,1920
1059,0.015,broad,joint_current_unpenalized,3,0.0,0.00021359620109407968,0.00023155628774438122,0.02255466377886979,1920
1059,0.015,broad,joint_current_unpenalized,4,0.0,0.0002638670167709334,0.00021803765066662155,0.05829627660098885,1920
1059,0.015,broad,joint_current_unpenalized,5,0.0,0.0007767739050778105,0.0007432752164734505,0.028414885693272968,1920
1059,0.015,broad,joint_current_unpenalized,6,0.015,0.0014833891936342186,0.0013160989557304118,0.03854185059043304,1920
1059,0.015,broad,joint_current_unpenalized,7,0.03,0.0007297031357372926,0.0007975749119174275,0.05341617766034001,1920
1059,0.015,broad,joint_current_unpenalized,8,0.045,0.0006029465458379534,0.0005563275775088284,0.048774897168380765,1920
1059,0.015,broad,joint_current_unpenalized,9,0.06,0.0006827345717834356,0.0007158169858478525,0.10412245726730944,1920
1059,0.015,broad,joint_current_unpenalized,10,0.075,0.0007427000270884592,0.0007708124328796886,0.08254530581838378,1920
1059,0.015,broad,joint_current_unpenalized,11,0.09,0.000517034363556486,0.0005330356873850592,0.10634826198894196,1920
1059,0.015,broad,joint_current_unpenalized,12,0.105,0.0020844837059369498,0.0017017285189797422,0.13458675303757375,1920
1059,0.015,broad,joint_current_unpenalized,13,0.12,0.0007037835850083173,0.0006992074896266733,0.07970322847276325,1920
1059,0.015,broad,joint_current_unpenalized,14,0.135,0.0010825343133340516,0.0010395762771991082,0.12951421200473442,1920
1059,0.015,broad,joint_current_unpenalized,15,0.15,0.0006758829654579607,0.001132265929140767,0.1408310097397395,1920
1059,0.015,broad,joint_current_unpenalized,16,0.16499999999999998,0.0010976923505722918,0.0009166525556745454,0.2093156164634912,1920
1059,0.015,broad,joint_current_unpenalized,17,0.18,0.0009753634151317521,0.0008789018761060257,0.15947815038384278,1920
1059,0.015,broad,joint_current_unpenalized,18,0.195,0.0006415179302710183,0.0006919214812659812,0.18680177536057202,1920
1059,0.015,broad,joint_current_unpenalized,19,0.21,0.000856510136763598,0.0007130714275307617,0.23091541533983317,1920
1059,0.015,broad,joint_current_unpenalized,20,0.22499999999999998,0.0007860124651693479,0.0006915552013549413,0.24551652364146442,1920
1059,0.015,broad,joint_current_unpenalized,21,0.24,0.0013976412824548998,0.0012547890879837389,0.28533964036832254,1920
1059,0.015,broad,joint_current_unpenalized,22,0.255,0.00047187785935076974,0.0005469219052767775,0.21966536679197385,1920
1059,0.015,broad,joint_current_unpenalized,23,0.27,0.0008792010348739847,0.0007242626747016356,0.2799211779368276,1920
1059,0.015,broad,joint_current_unpenalized,24,0.285,0.0003940675416851582,0.0003950884144350818,0.2628520718589638,1920
1059,0.015,broad,joint_current_unpenalized,25,0.3,0.00045509154264328135,0.00043039182180870244,0.24932039788819962,1920
1059,0.015,broad,joint_current_unpenalized,26,0.315,0.00013565413334127926,0.0001544285487721682,0.3852777968786056,1920
1059,0.015,broad,joint_current_unpenalized,27,0.32999999999999996,0.0001610681174269321,0.00019558243058410914,0.2952560303254646,1920
1059,0.015,broad,joint_current_unpenalized,28,0.345,0.0008458468448701694,0.0006264595442202566,0.3642036646459876,1920
1059,0.015,broad,joint_current_unpenalized,29,0.36,0.0005593991889899371,0.0004823533482775584,0.38771569978436016,1920
1059,0.015,broad,joint_recent2,0,0.0,0.0,0.0,0.020698525837753858,1920
1059,0.015,broad,joint_recent2,1,0.0,0.0001440000522791909,0.00020588778675673368,0.014854438429727517,1920
1059,0.015,broad,joint_recent2,2,0.0,0.00013668566815572142,0.00012286892085923234,0.022651301072673505,1920
1059,0.015,broad,joint_recent2,3,0.0,0.00012945913520645284,0.00014197169514942155,0.027680868101326413,1920
1059,0.015,broad,joint_recent2,4,0.0,0.0001128619025060095,8.358239510369294e-05,0.0055104688444134456,1920
1059,0.015,broad,joint_recent2,5,0.0,3.23364270218848e-05,3.798687694089285e-05,0.0071970175403223225,1920
1059,0.015,broad,joint_recent2,6,0.015,0.0012750110136806325,0.0010036541200060618,0.014727098948573799,1920
1059,0.015,broad,joint_recent2,7,0.03,0.0015106919124542827,0.0021073031386789538,0.027273244051987073,1920
1059,0.015,broad,joint_recent2,8,0.045,0.0028670883529961027,0.0020048750307549105,0.03918489045894833,1920
1059,0.015,broad,joint_recent2,9,0.06,0.0011681606265922836,0.0013215683416113845,0.04452157878818854,1920
1059,0.015,broad,joint_recent2,10,0.075,0.00204477573112436,0.0019158187780150522,0.07450784778481966,1920
1059,0.015,broad,joint_recent2,11,0.09,0.0016708155894073777,0.001663403555824351,0.06784493858914656,1920
1059,0.015,broad,joint_recent2,12,0.105,0.0018895132491230113,0.0019729769595513407,0.06521364095077037,1920
1059,0.015,broad,joint_recent2,13,0.12,0.002064378292084198,0.002353409310620641,0.07501487302594277,1920
1059,0.015,broad,joint_recent2,14,0.135,0.002035772233803596,0.0020867720140353837,0.09278608893739677,1920
1059,0.015,broad,joint_recent2,15,0.15,0.0013358738512954016,0.0019067902992858667,0.10987395124178474,1920
1059,0.015,broad,joint_recent2,16,0.16499999999999998,0.0035267593103575513,0.0022040738986890563,0.1337985190899557,1920
1059,0.015,broad,joint_recent2,17,0.18,0.001398855183569115,0.0014683018371516759,0.12547558105143017,1920
1059,0.015,broad,joint_recent2,18,0.195,0.0015538555503365802,0.0013540742562583167,0.14510491909941273,1920
1059,0.015,broad,joint_recent2,19,0.21,0.00138696667797123,0.001511514072998583,0.14231128471674157,1920
1059,0.015,broad,joint_recent2,20,0.22499999999999998,0.0012334813016430049,0.001506935697266011,0.1636449463162929,1920
1059,0.015,broad,joint_recent2,21,0.24,0.0014427042311644523,0.0015653908653223021,0.17817210466283984,1920
1059,0.015,broad,joint_recent2,22,0.255,0.0011361064626187751,0.0014502876501955788,0.18597078515908738,1920
1059,0.015,broad,joint_recent2,23,0.27,0.0017817238131364373,0.0013956299481354196,0.19603745315912702,1920
1059,0.015,broad,joint_recent2,24,0.285,0.0009059842507492445,0.00094696746943654,0.20949424106814427,1920
1059,0.015,broad,joint_recent2,25,0.3,0.0009460798092390624,0.0010390176219431278,0.21528268841441386,1920
1059,0.015,broad,joint_recent2,26,0.315,0.0010333130630614646,0.0008134039741945806,0.23040956491682066,1920
1059,0.015,broad,joint_recent2,27,0.32999999999999996,0.0005171157440413393,0.000480613640528121,0.2505986165585234,1920
1059,0.015,broad,joint_recent2,28,0.345,0.0006401917090929993,0.0005540075006178176,0.254703517187787,1920
1059,0.015,broad,joint_recent2,29,0.36,0.0007503507492662956,0.000628513072165621,0.238602996072532,1920
1059,0.04,narrow,theta_current,0,0.0,0.0,0.0,0.0,1920
1059,0.04,narrow,theta_current,1,0.0,3.570658893106864e-05,0.008384312889586337,0.0,1920
1059,0.04,narrow,theta_current,2,0.0,9.038823323894655e-05,0.02341031547596651,0.0,1920
1059,0.04,narrow,theta_current,3,0.0,6.837744365297335e-05,0.017794569152360017,0.0,1920
1059,0.04,narrow,theta_current,4,0.0,0.0001351409189748735,0.025577010286043686,0.0,1920
1059,0.04,narrow,theta_current,5,0.0,2.01148999510417e-05,0.0372062522504559,0.0,1920
1059,0.04,narrow,theta_current,6,0.04,0.0009646145319492898,0.012558220454677646,0.0,1920
1059,0.04,narrow,theta_current,7,0.08,0.0017685328674907654,0.016590417216065707,0.0,1920
1059,0.04,narrow,theta_current,8,0.12,0.002068638799079555,0.02817243050617015,0.0,1920
1059,0.04,narrow,theta_current,9,0.16,0.0022846688135722934,0.02323921564591288,0.0,1920
1059,0.04,narrow,theta_current,10,0.2,0.0025824165934416857,0.056784059354578,0.0,1920
1059,0.04,narrow,theta_current,11,0.24,0.0030610846870483635,0.13171349082524034,0.0,1920
1059,0.04,narrow,theta_current,12,0.28,0.0022087640894668807,0.18794210986792861,0.0,1920
1059,0.04,narrow,theta_current,13,0.32,0.0020915548962416996,0.12925213499067228,0.0,1920
1059,0.04,narrow,theta_current,14,0.36,0.003015494173751227,0.22483992878237158,0.0,1920
1059,0.04,narrow,theta_current,15,0.4,0.003146469777103813,0.22168768339499842,0.0,1920
1059,0.04,narrow,theta_current,16,0.44,0.0018618732494862869,0.1616432893720619,0.0,1920
1059,0.04,narrow,theta_current,17,0.48,0.001431059430302589,0.1046675447189819,0.0,1920
1059,0.04,narrow,theta_current,18,0.52,0.001646796709488171,0.1002951596850968,0.0,1920
1059,0.04,narrow,theta_current,19,0.56,0.0017665963562404662,0.04711287969382056,0.0,1920
1059,0.04,narrow,theta_current,20,0.6,0.0013013735940836145,0.047309448086070044,0.0,1920
1059,0.04,narrow,theta_current,21,0.64,0.0011822333447151971,0.06188675381588736,0.0,1920
1059,0.04,narrow,theta_current,22,0.65,0.00022277905733468237,0.07104448369947973,0.0,1920
1059,0.04,narrow,theta_current,23,0.65,6.215917764056453e-05,0.06615067145110551,0.0,1920
1059,0.04,narrow,theta_current,24,0.65,1.0252655341733369e-05,0.08881934946411268,0.0,1920
1059,0.04,narrow,theta_current,25,0.65,0.00014178108601641397,0.08104390016527005,0.0,1920
1059,0.04,narrow,theta_current,26,0.65,9.114444051860616e-06,0.0763217599808749,0.0,1920
1059,0.04,narrow,theta_current,27,0.65,2.451555485799124e-05,0.09179094646606586,0.0,1920
1059,0.04,narrow,theta_current,28,0.65,0.00022154591328411876,0.08590860587667126,0.0,1920
1059,0.04,narrow,theta_current,29,0.65,4.382009320527231e-05,0.10533775100328668,0.0,1920
1059,0.04,narrow,joint_current,0,0.0,0.0,0.0,0.0038455456003932366,1920
1059,0.04,narrow,joint_current,1,0.0,3.554983271666465e-05,0.009853512223918578,0.002105652482441944,1920
1059,0.04,narrow,joint_current,2,0.0,9.042257673100263e-05,0.02420111776939832,0.0005447966326375598,1920
1059,0.04,narrow,joint_current,3,0.0,6.828493512661652e-05,0.017146699063679965,0.00012159567546594311,1920
1059,0.04,narrow,joint_current,4,0.0,0.00013515787417558818,0.025344015582539417,0.0018259388043885578,1920
1059,0.04,narrow,joint_current,5,0.0,1.9914101361106814e-05,0.03818269624630737,0.007806792635731839,1920
1059,0.04,narrow,joint_current,6,0.04,0.0009602329853576081,0.014917400818487945,0.0009846533807109556,1920
1059,0.04,narrow,joint_current,7,0.08,0.0017684021962015306,0.01596719507831531,0.004205319162480914,1920
1059,0.04,narrow,joint_current,8,0.12,0.0020677975828936844,0.025701483955192,0.004110081138629149,1920
1059,0.04,narrow,joint_current,9,0.16,0.0022888953026143884,0.021684863234234766,0.004822750007630039,1920
1059,0.04,narrow,joint_current,10,0.2,0.0025818525304489226,0.06274086822771051,0.0048055830327475065,1920
1059,0.04,narrow,joint_current,11,0.24,0.003063834196208395,0.14194274038940968,0.0018508943325117103,1920
1059,0.04,narrow,joint_current,12,0.28,0.002208017058478753,0.19236279596387257,0.004983927381639834,1920
1059,0.04,narrow,joint_current,13,0.32,0.0020919158849608,0.1213253168743048,0.004791398925123852,1920
1059,0.04,narrow,joint_current,14,0.36,0.003014773234477458,0.23683964887885545,0.000328019524332182,1920
1059,0.04,narrow,joint_current,15,0.4,0.00314677646241447,0.22104769734211843,0.0030347138507382633,1920
1059,0.04,narrow,joint_current,16,0.44,0.001861734338718667,0.1560945710251486,0.002626220328775942,1920
1059,0.04,narrow,joint_current,17,0.48,0.0014305268156895822,0.1011770305842177,0.000615611581588064,1920
1059,0.04,narrow,joint_current,18,0.52,0.0016468938265366427,0.10102010999888433,0.004517179496938207,1920
1059,0.04,narrow,joint_current,19,0.56,0.001769840582002838,0.045047892661107466,0.0003845691421805846,1920
1059,0.04,narrow,joint_current,20,0.6,0.001301950764733997,0.04745721408204054,0.0018979694322449243,1920
1059,0.04,narrow,joint_current,21,0.64,0.001181842973378207,0.06206297526980853,0.005454500501657965,1920
1059,0.04,narrow,joint_current,22,0.65,0.00022252155986776157,0.07370237915907608,0.0028432069241906585,1920
1059,0.04,narrow,joint_current,23,0.65,6.246097057227429e-05,0.06509428299284581,0.006267581544337514,1920
1059,0.04,narrow,joint_current,24,0.65,9.78859836668689e-06,0.09212429032273478,0.0020116484420975725,1920
1059,0.04,narrow,joint_current,25,0.65,0.00014220933892850255,0.07985795624240025,0.0016373012567267526,1920
1059,0.04,narrow,joint_current,26,0.65,9.093056431676129e-06,0.07540463374157741,0.0031332708880845413,1920
1059,0.04,narrow,joint_current,27,0.65,2.4445964830839586e-05,0.09341045572200248,0.0009940835585871075,1920
1059,0.04,narrow,joint_current,28,0.65,0.0002205693945661766,0.08551849854476244,0.0032524643355870205,1920
1059,0.04,narrow,joint_current,29,0.65,4.362382900011354e-05,0.10688941726384835,0.007954896854272978,1920
1059,0.04,narrow,joint_current_unpenalized,0,0.0,0.0,0.0,0.091233552053718,1920
1059,0.04,narrow,joint_current_unpenalized,1,0.0,3.1486595440602704e-05,0.05944860305515984,0.10590355330691217,1920
1059,0.04,narrow,joint_current_unpenalized,2,0.0,9.210279294206016e-05,0.0967734152757126,0.08990784092048429,1920
1059,0.04,narrow,joint_current_unpenalized,3,0.0,7.451899377569985e-05,0.0662491399969296,0.06784008501190757,1920
1059,0.04,narrow,joint_current_unpenalized,4,0.0,0.00013337102797703106,0.07091569592880859,0.11067361504990056,1944
1059,0.04,narrow,joint_current_unpenalized,5,0.0,1.4322429241772339e-05,0.07726709520808418,0.05698271488943023,1944
1059,0.04,narrow,joint_current_unpenalized,6,0.04,0.000988165202087138,0.02257104883495319,0.07353808544672422,1920
1059,0.04,narrow,joint_current_unpenalized,7,0.08,0.0017958515463820327,0.00608176774157475,0.15975550229819652,1920
1059,0.04,narrow,joint_current_unpenalized,8,0.12,0.0019971424864539023,0.031381467306442846,0.18189753181578447,1920
1059,0.04,narrow,joint_current_unpenalized,9,0.16,0.0023254781539997576,0.0309093954019273,0.10957727504066751,1920
1059,0.04,narrow,joint_current_unpenalized,10,0.2,0.0026368289556001,0.0023949621192560808,0.09359617151137468,1920
1059,0.04,narrow,joint_current_unpenalized,11,0.24,0.0031041070878338075,0.03569748847047708,0.1536046893344189,1920
1059,0.04,narrow,joint_current_unpenalized,12,0.28,0.002230161210121995,0.06791196512662309,0.1224499592505854,1920
1059,0.04,narrow,joint_current_unpenalized,13,0.32,0.00212347524439946,0.02075772032184562,0.14141390282411445,1920
1059,0.04,narrow,joint_current_unpenalized,14,0.36,0.003087469697682192,0.09558837388289822,0.16074235221024036,1920
1059,0.04,narrow,joint_current_unpenalized,15,0.4,0.003114848680803317,0.08134086159107179,0.161809260538257,1920
1059,0.04,narrow,joint_current_unpenalized,16,0.44,0.0018707609901913297,0.042737017397509826,0.16899200686821916,1920
1059,0.04,narrow,joint_current_unpenalized,17,0.48,0.0014183750400651896,0.02276461207860782,0.16411781534587364,1920
1059,0.04,narrow,joint_current_unpenalized,18,0.52,0.0016483969407108303,0.03795801977676705,0.21512396431031566,1920
1059,0.04,narrow,joint_current_unpenalized,19,0.56,0.0018163846964063541,0.03283642416099608,0.22749826099613157,1920
1059,0.04,narrow,joint_current_unpenalized,20,0.6,0.0012541010568467683,0.05377400302002931,0.2502222354714755,1920
1059,0.04,narrow,joint_current_unpenalized,21,0.64,0.0011610622846536301,0.0751052383355584,0.2937339202780675,1920
1059,0.04,narrow,joint_current_unpenalized,22,0.65,0.00022580530626159948,0.060012742668709,0.2734356779518526,1920
1059,0.04,narrow,joint_current_unpenalized,23,0.65,5.589719749969285e-05,0.06996233608334732,0.3260849335434448,1920
1059,0.04,narrow,joint_current_unpenalized,24,0.65,4.977161070371407e-06,0.03382057216579506,0.29027064884172415,1920
1059,0.04,narrow,joint_current_unpenalized,25,0.65,0.00013589461086819282,0.06388683952461859,0.27584384099833503,1920
1059,0.04,narrow,joint_current_unpenalized,26,0.65,1.1010496766820042e-05,0.07306113999849909,0.3050777130616191,1920
1059,0.04,narrow,joint_current_unpenalized,27,0.65,2.3824461791107694e-05,0.04953941554107043,0.3028051215073488,1920
1059,0.04,narrow,joint_current_unpenalized,28,0.65,0.0002127734838288835,0.04113255683395258,0.3176154584898971,1920
1059,0.04,narrow,joint_current_unpenalized,29,0.65,4.6665321337575805e-05,0.04247765399577864,0.24167271616088434,1920
1059,0.04,narrow,joint_recent2,0,0.0,0.0,0.0,0.0038455456003932366,1920
1059,0.04,narrow,joint_recent2,1,0.0,3.554983271666465e-05,0.009853512223918578,0.0025385949059148396,1920
1059,0.04,narrow,joint_recent2,2,0.0,6.632066293772551e-05,0.01697910184015402,0.0010038774410483023,1920
1059,0.04,narrow,joint_recent2,3,0.0,6.628797592296618e-05,0.019114585286531816,0.000880199671832831,1920
1059,0.04,narrow,joint_recent2,4,0.0,9.352576600362457e-05,0.016736455551246705,0.0036731411218847445,1920
1059,0.04,narrow,joint_recent2,5,0.0,1.0964848462373688e-05,0.028103546534454682,0.0007837262270415251,1920
1059,0.04,narrow,joint_recent2,6,0.04,0.0009943054778302964,0.008491535849573214,0.005158494801359849,1920
1059,0.04,narrow,joint_recent2,7,0.08,0.003020656994438941,0.009725841774361995,0.0008896709799510153,1920
1059,0.04,narrow,joint_recent2,8,0.12,0.0038896870437709966,0.028070382415884085,0.008822897428428218,1920
1059,0.04,narrow,joint_recent2,9,0.16,0.004444214485802168,0.023872278879423385,0.002052780015008011,1920
1059,0.04,narrow,joint_recent2,10,0.2,0.005279460391854715,0.049590896197226814,0.004957334596260391,1920
1059,0.04,narrow,joint_recent2,11,0.24,0.006372227071591478,0.10374864448036175,0.002605894273998446,1920
1059,0.04,narrow,joint_recent2,12,0.28,0.005628017683106535,0.10600476146690818,0.0004723872175083549,1920
1059,0.04,narrow,joint_recent2,13,0.32,0.005666071849889705,0.12445321938179657,0.0006602520865453651,1920
1059,0.04,narrow,joint_recent2,14,0.36,0.005788985264637859,0.14456410141889173,0.005360344688898086,1920
1059,0.04,narrow,joint_recent2,15,0.4,0.00694143730224222,0.19830280523483956,0.010496299342577722,1920
1059,0.04,narrow,joint_recent2,16,0.44,0.005155773313698029,0.08813447246818829,0.004353375310258302,1920
1059,0.04,narrow,joint_recent2,17,0.48,0.004760869424471239,0.07149827219081573,0.0025712090613015017,1920
1059,0.04,narrow,joint_recent2,18,0.52,0.003439813631831224,0.049060175205775616,0.001599156165254616,1920
1059,0.04,narrow,joint_recent2,19,0.56,0.003644311506890483,0.04039041242068763,0.003980889120961691,1920
1059,0.04,narrow,joint_recent2,20,0.6,0.0032251250751586837,0.05674990687094181,0.006678256853600149,1920
1059,0.04,narrow,joint_recent2,21,0.64,0.002044013404451217,0.058505367238902546,0.005564099276502327,1920
1059,0.04,narrow,joint_recent2,22,0.65,0.0007761977905295826,0.06520454937741786,0.002362319444078905,1920
1059,0.04,narrow,joint_recent2,23,0.65,0.00010052441997687549,0.06679535419400257,0.003243920645718406,1920
1059,0.04,narrow,joint_recent2,24,0.65,1.9712270926779292e-05,0.07150873525921157,0.0037336712349044726,1920
1059,0.04,narrow,joint_recent2,25,0.65,3.4131982708734146e-05,0.07817207676255117,0.0011410494631339432,1920
1059,0.04,narrow,joint_recent2,26,0.65,1.5946936553839252e-05,0.07477388329640852,0.0013718436762767175,1920
1059,0.04,narrow,joint_recent2,27,0.65,1.2394115142609841e-05,0.07962859853012524,0.0041283637141571305,1920
1059,0.04,narrow,joint_recent2,28,0.65,4.058677769493905e-06,0.08981903404647294,0.0037823465237721457,1920
1059,0.04,narrow,joint_recent2,29,0.65,5.769786783411044e-06,0.09693550126714406,0.003042257911524871,1920
1059,0.04,broad,theta_current,0,0.0,0.0,0.0,0.0,1920
1059,0.04,broad,theta_current,1,0.0,0.0001218232231803012,0.00016681930370062185,0.0,1920
1059,0.04,broad,theta_current,2,0.0,8.630938823938723e-05,9.633329366715414e-05,0.0,1920
1059,0.04,broad,theta_current,3,0.0,0.00020262768771498095,0.00017309555972041434,0.0,1920
1059,0.04,broad,theta_current,4,0.0,0.00021271755915641127,0.00019662313315728217,0.0,1920
1059,0.04,broad,theta_current,5,0.0,0.00021708739269420208,0.00019898031080139669,0.0,1920
1059,0.04,broad,theta_current,6,0.04,0.008319516962999656,0.007464695052613186,0.0,1920
1059,0.04,broad,theta_current,7,0.08,0.007604297356945694,0.01158383465699672,0.0,1920
1059,0.04,broad,theta_current,8,0.12,0.03746808455944942,0.02398613445876962,0.0,1944
1059,0.04,broad,theta_current,9,0.16,0.020935121859825535,0.018874236875787216,0.0,1944
1059,0.04,broad,theta_current,10,0.2,0.03430900547865589,0.031121575689952163,0.0,1920
1059,0.04,broad,theta_current,11,0.24,0.026232019829950617,0.03544790626225525,0.0,1944
1059,0.04,broad,theta_current,12,0.28,0.04731662656159077,0.03926501947964415,0.0,1920
1059,0.04,broad,theta_current,13,0.32,0.04587772991389191,0.05300773842896867,0.0,1944
1059,0.04,broad,theta_current,14,0.36,0.0457899810247562,0.04370204785948647,0.0,1944
1059,0.04,broad,theta_current,15,0.4,0.03439139387336531,0.03579369013217744,0.0,1944
1059,0.04,broad,theta_current,16,0.44,0.06913470437508913,0.03954398495946381,0.0,1920
1059,0.04,broad,theta_current,17,0.48,0.026901596973224067,0.030258276897717852,0.0,1920
1059,0.04,broad,theta_current,18,0.52,0.020321769363703817,0.01925618947944787,0.0,1920
1059,0.04,broad,theta_current,19,0.56,0.017606638528336046,0.02260191415593046,0.0,1920
1059,0.04,broad,theta_current,20,0.6,0.034913367401536936,0.033679251166146285,0.0,1944
1059,0.04,broad,theta_current,21,0.64,0.05300892456380501,0.051514581560146384,0.0,1920
1059,0.04,broad,theta_current,22,0.65,0.05920894700363263,0.06254198811696621,0.0,1944
1059,0.04,broad,theta_current,23,0.65,0.06711025292744198,0.049725879186719536,0.0,1944
1059,0.04,broad,theta_current,24,0.65,0.07843681812459083,0.05666342296705676,0.0,1944
1059,0.04,broad,theta_current,25,0.65,0.06537962209816846,0.05480080665564459,0.0,1944
1059,0.04,broad,theta_current,26,0.65,0.06653758369521508,0.050006672445930336,0.0,1944
1059,0.04,broad,theta_current,27,0.65,0.05217924415612755,0.053776608827343496,0.0,1944
1059,0.04,broad,theta_current,28,0.65,0.05912611227835727,0.05941011066827033,0.0,1920
1059,0.04,broad,theta_current,29,0.65,0.05337623931466545,0.07267620079349305,0.0,1944
1059,0.04,broad,joint_current,0,0.0,0.0,0.0,0.020698525837753858,1920
1059,0.04,broad,joint_current,1,0.0,0.0001440000522791909,0.00020588778675673368,0.015990533146709937,1920
1059,0.04,broad,joint_current,2,0.0,0.0001671478337532012,0.00014697371511833196,0.03782724161380985,1920
1059,0.04,broad,joint_current,3,0.0,0.0002086581309790084,0.00019217557817151744,0.011062436917787726,1920
1059,0.04,broad,joint_current,4,0.0,0.00024156888277001098,0.00020900769232398654,0.022888511263742934,1920
1059,0.04,broad,joint_current,5,0.0,0.0003600513695165024,0.00033559871473330704,0.01040195566176094,1920
1059,0.04,broad,joint_current,6,0.04,0.00828277186156035,0.00739951686522326,0.03932188880815179,1920
1059,0.04,broad,joint_current,7,0.08,0.00410794974477069,0.005748238844712339,0.06304489491263218,1920
1059,0.04,broad,joint_current,8,0.12,0.006689929014101276,0.005040268029382778,0.08968641042712963,1920
1059,0.04,broad,joint_current,9,0.16,0.004584369010258765,0.004778918675835006,0.13638547338153306,1920
1059,0.04,broad,joint_current,10,0.2,0.004023038340925816,0.004231662650622953,0.13992635309021573,1920
1059,0.04,broad,joint_current,11,0.24,0.0026457030362287,0.0031760601486344547,0.15109175296132338,1920
1059,0.04,broad,joint_current,12,0.28,0.004250520051432124,0.004032366868720175,0.1918561495273629,1920
1059,0.04,broad,joint_current,13,0.32,0.0019124240629834206,0.002597148203200065,0.20399692558019497,1920
1059,0.04,broad,joint_current,14,0.36,0.0026061967136500413,0.0022554168415541043,0.24125223220570666,1920
1059,0.04,broad,joint_current,15,0.4,0.0013479724154603825,0.0018382003995037915,0.2782595096250147,1920
1059,0.04,broad,joint_current,16,0.44,0.0028449024993246184,0.002216574877121594,0.3313797869717159,1920
1059,0.04,broad,joint_current,17,0.48,0.0016481090053843907,0.0014179174075377675,0.35601690788321994,1920
1059,0.04,broad,joint_current,18,0.52,0.0052493950078066716,0.0037967877476651774,0.37240844786804767,1920
1059,0.04,broad,joint_current,19,0.56,0.00396576456785713,0.005212392170776689,0.3527924387154077,1920
1059,0.04,broad,joint_current,20,0.6,0.012614799408820612,0.011745931646196167,0.4593132503899176,1920
1059,0.04,broad,joint_current,21,0.64,0.009199417719684822,0.008346163115332407,0.5178245478160537,1920
1059,0.04,broad,joint_current,22,0.65,0.001276014679058182,0.001503662513146439,0.4999933200493829,1920
1059,0.04,broad,joint_current,23,0.65,0.001429706168775505,0.0010746214623391487,0.5133978252128637,1920
1059,0.04,broad,joint_current,24,0.65,0.0015528627020109653,0.0015212043555234093,0.4516276068642429,1920
1059,0.04,broad,joint_current,25,0.65,0.004547540223060142,0.004846103550455187,0.46257394286036146,1920
1059,0.04,broad,joint_current,26,0.65,0.007456504021067368,0.0030870006240770686,0.5383133460563815,1920
1059,0.04,broad,joint_current,27,0.65,0.0010155724960553638,0.0008577557978120966,0.5060380392463881,1920
1059,0.04,broad,joint_current,28,0.65,0.0020087713771839238,0.001312397395059186,0.351640577043334,1920
1059,0.04,broad,joint_current,29,0.65,0.010243953584868364,0.01875725539366323,0.44021902810955565,1944
1059,0.04,broad,joint_current_unpenalized,0,0.0,0.0,0.0,0.06220898076800715,1920
1059,0.04,broad,joint_current_unpenalized,1,0.0,0.0002952135115173888,0.00047408810855574654,0.02934309426560881,1920
1059,0.04,broad,joint_current_unpenalized,2,0.0,0.00024162479904147704,0.00019719503781486615,0.07663989489557767,1920
1059,0.04,broad,joint_current_unpenalized,3,0.0,0.00021359620109407968,0.00023155628774438122,0.02255466377886979,1920
1059,0.04,broad,joint_current_unpenalized,4,0.0,0.0002638670167709334,0.00021803765066662155,0.05829627660098885,1920
1059,0.04,broad,joint_current_unpenalized,5,0.0,0.0007767739050778105,0.0007432752164734505,0.028414885693272968,1920
1059,0.04,broad,joint_current_unpenalized,6,0.04,0.008371524075224184,0.007450078199606203,0.0507866150109327,1920
1059,0.04,broad,joint_current_unpenalized,7,0.08,0.004030461019545621,0.005628582961076487,0.08662271320430596,1920
1059,0.04,broad,joint_current_unpenalized,8,0.12,0.005949252643796334,0.00468038782079307,0.11066378530625481,1920
1059,0.04,broad,joint_current_unpenalized,9,0.16,0.004526856324696278,0.004616618074903943,0.18298314689177514,1920
1059,0.04,broad,joint_current_unpenalized,10,0.2,0.0035488645442804975,0.003943156793683441,0.18204690760525125,1920
1059,0.04,broad,joint_current_unpenalized,11,0.24,0.0020711409816888235,0.0028901326010107747,0.21668108090706992,1944
1059,0.04,broad,joint_current_unpenalized,12,0.28,0.003969499283654157,0.0034298739569597276,0.3142049206235415,1920
1059,0.04,broad,joint_current_unpenalized,13,0.32,0.0014137856257256066,0.0014910116794103077,0.2238190688051844,1920
1059,0.04,broad,joint_current_unpenalized,14,0.36,0.002165122232440964,0.0017631800657762443,0.31811434423270535,1920
1059,0.04,broad,joint_current_unpenalized,15,0.4,0.001637127175479186,0.001854544386175328,0.36867205144732096,1920
1059,0.04,broad,joint_current_unpenalized,16,0.44,0.0018193940184537901,0.0014614728191041358,0.45250015588025133,1920
1059,0.04,broad,joint_current_unpenalized,17,0.48,0.0013493129640416845,0.0010089651685163256,0.48029342669690656,1920
1059,0.04,broad,joint_current_unpenalized,18,0.52,0.003538354588424585,0.002855125730836375,0.4992908470942374,1920
1059,0.04,broad,joint_current_unpenalized,19,0.56,0.0033746558464558436,0.003926296377924919,0.5712511033098665,1920
1059,0.04,broad,joint_current_unpenalized,20,0.6,0.005244778789943107,0.005862728286146348,0.6387789064637412,1920
1059,0.04,broad,joint_current_unpenalized,21,0.64,0.005244498671105847,0.0046675844975447795,0.6404713590503437,1920
1059,0.04,broad,joint_current_unpenalized,22,0.65,0.0005987079046245035,0.0006542880527146305,0.6099281965115771,1920
1059,0.04,broad,joint_current_unpenalized,23,0.65,9.587116439269036e-05,0.0001166053994699656,0.6604334290654527,1920
1059,0.04,broad,joint_current_unpenalized,24,0.65,9.463268035833758e-05,9.4550073873666e-05,0.6575843692826117,1920
1059,0.04,broad,joint_current_unpenalized,25,0.65,0.00010683009226033347,8.858313860147355e-05,0.5824378369676377,1920
1059,0.04,broad,joint_current_unpenalized,26,0.65,0.0009405634261167463,0.0004156244049462268,0.663873087317202,1920
1059,0.04,broad,joint_current_unpenalized,27,0.65,0.0002834817657649096,0.00023851505158845043,0.640736228804242,1920
1059,0.04,broad,joint_current_unpenalized,28,0.65,0.00032460212192901957,0.00023421249940259472,0.6569900401371511,1920
1059,0.04,broad,joint_current_unpenalized,29,0.65,0.00017972621350232713,0.00014022046377331598,0.6860962425600956,1920
1059,0.04,broad,joint_recent2,0,0.0,0.0,0.0,0.020698525837753858,1920
1059,0.04,broad,joint_recent2,1,0.0,0.0001440000522791909,0.00020588778675673368,0.014854438429727517,1920
1059,0.04,broad,joint_recent2,2,0.0,0.00013668566815572142,0.00012286892085923234,0.022651301072673505,1920
1059,0.04,broad,joint_recent2,3,0.0,0.00012945913520645284,0.00014197169514942155,0.027680868101326413,1920
1059,0.04,broad,joint_recent2,4,0.0,0.0001128619025060095,8.358239510369294e-05,0.0055104688444134456,1920
1059,0.04,broad,joint_recent2,5,0.0,3.23364270218848e-05,3.798687694089285e-05,0.0071970175403223225,1920
1059,0.04,broad,joint_recent2,6,0.04,0.007963505257281399,0.006793062032330845,0.01832143426694374,1920
1059,0.04,broad,joint_recent2,7,0.08,0.009622384154938048,0.014537235603488945,0.054899296419791126,1920
1059,0.04,broad,joint_recent2,8,0.12,0.02056012753473078,0.01510074508153932,0.09595468132007469,1920
1059,0.04,broad,joint_recent2,9,0.16,0.009621484869364226,0.009772476743064192,0.11066241270486851,1920
1059,0.04,broad,joint_recent2,10,0.2,0.010845787932279973,0.01116087365886354,0.154158575339508,1920
1059,0.04,broad,joint_recent2,11,0.24,0.006571349680386467,0.008579683001444701,0.16002597350284384,1920
1059,0.04,broad,joint_recent2,12,0.28,0.007391626060135587,0.007347525125746402,0.1685937570641802,1920
1059,0.04,broad,joint_recent2,13,0.32,0.004374001450033942,0.00541734495250342,0.20118000889476242,1920
1059,0.04,broad,joint_recent2,14,0.36,0.005298509258622204,0.004071819596253568,0.22776343675285746,1920
1059,0.04,broad,joint_recent2,15,0.4,0.0021662544768856593,0.002937219633176496,0.26090807177118036,1920
1059,0.04,broad,joint_recent2,16,0.44,0.0043920785651809765,0.003680818176807581,0.3256782645984623,1920
1059,0.04,broad,joint_recent2,17,0.48,0.003074920236332873,0.0030140248423386026,0.3370409246151255,1920
1059,0.04,broad,joint_recent2,18,0.52,0.006972174737067005,0.005073047571432891,0.37253988394728477,1920
1059,0.04,broad,joint_recent2,19,0.56,0.0064531021203961736,0.008218671366530345,0.3785509799778165,1920
1059,0.04,broad,joint_recent2,20,0.6,0.011758796252825393,0.014010226861692435,0.43846193211632956,1920
1059,0.04,broad,joint_recent2,21,0.64,0.020487477713018818,0.01801223521557008,0.49615161509458156,1920
1059,0.04,broad,joint_recent2,22,0.65,0.0039045846475435036,0.0040325304572614495,0.5078263739504031,1920
1059,0.04,broad,joint_recent2,23,0.65,0.0015468722637909775,0.0011138799694315185,0.5171780080235282,1920
1059,0.04,broad,joint_recent2,24,0.65,0.0008677394090364376,0.0007607662781452037,0.5235344939697735,1920
1059,0.04,broad,joint_recent2,25,0.65,0.0006599181811365655,0.0010513071138993943,0.516583463692833,1920
1059,0.04,broad,joint_recent2,26,0.65,0.0009311128349532132,0.0009756835716771136,0.5239130778261065,1920
1059,0.04,broad,joint_recent2,27,0.65,0.0008198491600011241,0.000766675663194845,0.5368871826961144,1920
1059,0.04,broad,joint_recent2,28,0.65,0.0005315996951387567,0.0006292491399306852,0.5169682831313251,1920
1059,0.04,broad,joint_recent2,29,0.65,0.0007229407383130111,0.000795782762375551,0.4850656648641492,1920
1060,0.015,narrow,theta_current,0,0.0,0.0,0.0,0.0,1920
1060,0.015,narrow,theta_current,1,0.0,4.2755334024318465e-05,0.0008424426737091711,0.0,1920
1060,0.015,narrow,theta_current,2,0.0,8.306709298761096e-06,0.005508304143886606,0.0,1920
1060,0.015,narrow,theta_current,3,0.0,1.1114034504601925e-05,0.001376666053927394,0.0,1920
1060,0.015,narrow,theta_current,4,0.0,5.901119311339131e-05,0.0007210651718397216,0.0,1920
1060,0.015,narrow,theta_current,5,0.0,0.0001668608522259713,0.012238340680198169,0.0,1920
1060,0.015,narrow,theta_current,6,0.015,4.750680771800067e-05,0.004266989296702016,0.0,1920
1060,0.015,narrow,theta_current,7,0.03,0.00012653015918175393,0.00995260086802753,0.0,1920
1060,0.015,narrow,theta_current,8,0.045,5.474072227497075e-05,0.002747320641887328,0.0,1920
1060,0.015,narrow,theta_current,9,0.06,4.5652618695595836e-05,0.004463292370349886,0.0,1920
1060,0.015,narrow,theta_current,10,0.075,1.3905675608480397e-05,0.014082475211269516,0.0,1920
1060,0.015,narrow,theta_current,11,0.09,8.110571013289264e-05,0.004178571481453819,0.0,1920
1060,0.015,narrow,theta_current,12,0.105,5.7223083946047526e-05,0.0061800088877376385,0.0,1920
1060,0.015,narrow,theta_current,13,0.12,1.875668962295863e-05,0.006031654445216864,0.0,1920
1060,0.015,narrow,theta_current,14,0.135,0.00010745746763803094,0.019715305730461204,0.0,1920
1060,0.015,narrow,theta_current,15,0.15,4.0297846472517924e-05,0.006449999942265005,0.0,1920
1060,0.015,narrow,theta_current,16,0.16499999999999998,0.00012798517411983802,0.007981613474053429,0.0,1920
1060,0.015,narrow,theta_current,17,0.18,2.2059572848661807e-05,0.007364556980410518,0.0,1920
1060,0.015,narrow,theta_current,18,0.195,6.980535651588912e-05,0.011191435805441026,0.0,1920
1060,0.015,narrow,theta_current,19,0.21,0.0001518636650110392,0.022655944240458244,0.0,1920
1060,0.015,narrow,theta_current,20,0.22499999999999998,0.00026788154686871815,0.011527755116321689,0.0,1920
1060,0.015,narrow,theta_current,21,0.24,0.00023650004361302766,0.016659301386731877,0.0,1920
1060,0.015,narrow,theta_current,22,0.255,5.6925596729183984e-05,0.017486094885738757,0.0,1920
1060,0.015,narrow,theta_current,23,0.27,0.0001950964025072725,0.02157246024427261,0.0,1920
1060,0.015,narrow,theta_current,24,0.285,0.00013457388454928034,0.02150761778615964,0.0,1920
1060,0.015,narrow,theta_current,25,0.3,3.326409330166663e-05,0.023191208534844826,0.0,1920
1060,0.015,narrow,theta_current,26,0.315,4.367461758231672e-05,0.030825145081159463,0.0,1920
1060,0.015,narrow,theta_current,27,0.32999999999999996,0.00014578047083434382,0.036178909955377606,0.0,1920
1060,0.015,narrow,theta_current,28,0.345,0.0001448006071297072,0.021916828020199983,0.0,1920
1060,0.015,narrow,theta_current,29,0.36,0.00023390214896582473,0.03099080734074539,0.0,1920
1060,0.015,narrow,joint_current,0,0.0,0.0,0.0,0.002077484007483768,1920
1060,0.015,narrow,joint_current,1,0.0,4.274845431784418e-05,0.0009481297994873735,0.002253135182837275,1920
1060,0.015,narrow,joint_current,2,0.0,8.31930478040811e-06,0.005809749055895619,0.0012757516068430499,1920
1060,0.015,narrow,joint_current,3,0.0,1.1077274564115798e-05,0.001260207802438948,0.0004964174557449217,1920
1060,0.015,narrow,joint_current,4,0.0,5.895012552386855e-05,0.0007003407299577048,0.0027853694128597275,1920
1060,0.015,narrow,joint_current,5,0.0,0.0001654103874173632,0.012072269441980343,0.0016901988666122014,1920
1060,0.015,narrow,joint_current,6,0.015,4.740082731226056e-05,0.004187948253495458,0.0033475961514629507,1920
1060,0.015,narrow,joint_current,7,0.03,0.00012623740575308954,0.01022738929556921,0.0014945329877548734,1920
1060,0.015,narrow,joint_current,8,0.045,5.470986452014412e-05,0.00289383072660701,0.002760738801195003,1920
1060,0.015,narrow,joint_current,9,0.06,4.5642278349575574e-05,0.004625177485637127,0.0033568268689048325,1920
1060,0.015,narrow,joint_current,10,0.075,1.3936026156330464e-05,0.014735533801980895,0.0038935394913512307,1920
1060,0.015,narrow,joint_current,11,0.09,8.106826901142883e-05,0.0037779483686226356,0.00048183043456302287,1920
1060,0.015,narrow,joint_current,12,0.105,5.739605936452808e-05,0.006158124709858426,0.002481629597511518,1920
1060,0.015,narrow,joint_current,13,0.12,1.854375519140309e-05,0.005586579264030462,0.0004062929213690236,1920
1060,0.015,narrow,joint_current,14,0.135,0.00010737346406684428,0.019708357342878666,0.0014999580714133063,1920
1060,0.015,narrow,joint_current,15,0.15,4.0097359000488245e-05,0.006213497871714271,0.00042347397047408277,1920
1060,0.015,narrow,joint_current,16,0.16499999999999998,0.00012772520252286667,0.0080718480529199,0.0026354289181318175,1920
1060,0.015,narrow,joint_current,17,0.18,2.1920930164028473e-05,0.006942428610036478,0.0018096551170971131,1920
1060,0.015,narrow,joint_current,18,0.195,7.016238481216816e-05,0.010934827251723983,0.0019503438126397866,1920
1060,0.015,narrow,joint_current,19,0.21,0.0001518810066439174,0.022902312200447077,0.001905188717787355,1920
1060,0.015,narrow,joint_current,20,0.22499999999999998,0.0002673647542766166,0.011257497248070068,0.002426333115739552,1920
1060,0.015,narrow,joint_current,21,0.24,0.00023641031930570302,0.0166969444314934,0.0024962864166532366,1920
1060,0.015,narrow,joint_current,22,0.255,5.6851065610530445e-05,0.017473049401545284,0.001650304367262946,1920
1060,0.015,narrow,joint_current,23,0.27,0.000195459252139112,0.021595663151431244,0.000588490449083915,1920
1060,0.015,narrow,joint_current,24,0.285,0.00013409633831423112,0.021690367614326276,0.0013061113286203655,1920
1060,0.015,narrow,joint_current,25,0.3,3.3279257961760145e-05,0.023236492982242004,0.0018310316365610835,1920
1060,0.015,narrow,joint_current,26,0.315,4.371455021982877e-05,0.030748461763337,0.0021174592695249244,1920
1060,0.015,narrow,joint_current,27,0.32999999999999996,0.00014447424394784338,0.03668630376681401,0.0011204814872085452,1920
1060,0.015,narrow,joint_current,28,0.345,0.00014581252661983709,0.022600719150807722,0.00202932121094202,1920
1060,0.015,narrow,joint_current,29,0.36,0.00023316577427096114,0.030159262091426192,0.003698888596313121,1920
1060,0.015,narrow,joint_current_unpenalized,0,0.0,0.0,0.0,0.037571317049062726,1920
1060,0.015,narrow,joint_current_unpenalized,1,0.0,4.344002861676811e-05,0.0027113303221305398,0.07770385307307658,1920
1060,0.015,narrow,joint_current_unpenalized,2,0.0,8.802821844943123e-06,0.013993703192633284,0.04774952897118437,1920
1060,0.015,narrow,joint_current_unpenalized,3,0.0,1.1358213389478771e-05,0.003458591155333486,0.04468728109876912,1920
1060,0.015,narrow,joint_current_unpenalized,4,0.0,5.8551807442765694e-05,0.0029345600069460025,0.03203023099256056,1920
1060,0.015,narrow,joint_current_unpenalized,5,0.0,0.00016757121058421463,0.01714516730649377,0.04357300245941451,1920
1060,0.015,narrow,joint_current_unpenalized,6,0.015,5.036863403768053e-05,0.003914228191544578,0.1122437415235194,1920
1060,0.015,narrow,joint_current_unpenalized,7,0.03,0.00012318613090363966,0.011226731301767615,0.046967585982689956,1920
1060,0.015,narrow,joint_current_unpenalized,8,0.045,5.575823647447796e-05,0.00696498638579833,0.05976171416850513,1920
1060,0.015,narrow,joint_current_unpenalized,9,0.06,4.5712894514674706e-05,0.004479487804554759,0.033848838150651234,1920
1060,0.015,narrow,joint_current_unpenalized,10,0.075,1.413993138635914e-05,0.02467003822995384,0.04824104480733609,1920
1060,0.015,narrow,joint_current_unpenalized,11,0.09,8.042387735888887e-05,0.0021967834185446307,0.05572959669426308,1920
1060,0.015,narrow,joint_current_unpenalized,12,0.105,5.95809396733286e-05,0.002314175396790072,0.08917518984985934,1920
1060,0.015,narrow,joint_current_unpenalized,13,0.12,1.8529401137357118e-05,0.0010850723017705017,0.07351203906091017,1920
1060,0.015,narrow,joint_current_unpenalized,14,0.135,0.00010959066290259883,0.013002493748869685,0.1082048020188991,1920
1060,0.015,narrow,joint_current_unpenalized,15,0.15,3.661134971890619e-05,0.0011599813315169775,0.13614922360990597,1920
1060,0.015,narrow,joint_current_unpenalized,16,0.16499999999999998,0.00012344748665959386,0.0012158678404172374,0.12983034984652467,1920
1060,0.015,narrow,joint_current_unpenalized,17,0.18,1.8852894617280143e-05,0.004314956238713056,0.1326912202264244,1920
1060,0.015,narrow,joint_current_unpenalized,18,0.195,7.190943744607793e-05,0.012977952481394835,0.11845740799459302,1920
1060,0.015,narrow,joint_current_unpenalized,19,0.21,0.00015779681852651022,0.0076645495150584626,0.14437766458403484,1920
1060,0.015,narrow,joint_current_unpenalized,20,0.22499999999999998,0.0002640230887936115,0.009341693989174647,0.18823678900380175,1920
1060,0.015,narrow,joint_current_unpenalized,21,0.24,0.00023757395694872952,0.022361746440194806,0.147034596341918,1920
1060,0.015,narrow,joint_current_unpenalized,22,0.255,5.403648936715372e-05,0.00671395426660084,0.16756768681049156,1920
1060,0.015,narrow,joint_current_unpenalized,23,0.27,0.00019474560296846224,0.01842195388771953,0.17309070699887674,1920
1060,0.015,narrow,joint_current_unpenalized,24,0.285,0.0001342625274257418,0.019017295884568616,0.19587795499940072,1920
1060,0.015,narrow,joint_current_unpenalized,25,0.3,3.327936118785524e-05,0.023808281057967777,0.179493328489546,1920
1060,0.015,narrow,joint_current_unpenalized,26,0.315,4.1752307077309296e-05,0.02937432086183386,0.2610923636100594,1920
1060,0.015,narrow,joint_current_unpenalized,27,0.32999999999999996,0.00014729390872229094,0.03290409127981681,0.25529226207197886,1920
1060,0.015,narrow,joint_current_unpenalized,28,0.345,0.00014788649252345677,0.016519807822217455,0.19596030484838875,1920
1060,0.015,narrow,joint_current_unpenalized,29,0.36,0.000235086401733555,0.01244181695064096,0.22064518115904713,1920
1060,0.015,narrow,joint_recent2,0,0.0,0.0,0.0,0.002077484007483768,1920
1060,0.015,narrow,joint_recent2,1,0.0,4.274845431784418e-05,0.0009481297994873735,0.0018731579289337546,1920
1060,0.015,narrow,joint_recent2,2,0.0,3.4256447484421728e-06,0.0025696800541106677,0.0007352445590039424,1920
1060,0.015,narrow,joint_recent2,3,0.0,1.0034293613773381e-05,0.002575238896559821,0.0007291360721153738,1920
1060,0.015,narrow,joint_recent2,4,0.0,2.5210413546069806e-05,0.0014193654755986075,0.0036850788473036626,1920
1060,0.015,narrow,joint_recent2,5,0.0,2.0108127650518775e-05,0.0025715190691909737,0.0028116946001878872,1920
1060,0.015,narrow,joint_recent2,6,0.015,9.096171182594621e-05,0.000505043148675761,0.004276517323135341,1920
1060,0.015,narrow,joint_recent2,7,0.03,0.00011875638341774371,0.007229053914543973,0.002253058824354426,1920
1060,0.015,narrow,joint_recent2,8,0.045,0.00012965339955984598,0.002270366067668053,0.0014781853705871347,1920
1060,0.015,narrow,joint_recent2,9,0.06,6.186351229957528e-05,0.001893100698277859,0.002290137595310251,1920
1060,0.015,narrow,joint_recent2,10,0.075,5.46235318616401e-05,0.007661534169504644,0.0014807626580530002,1920
1060,0.015,narrow,joint_recent2,11,0.09,7.510660998311905e-05,0.006145251874842283,0.0030268697476213747,1920
1060,0.015,narrow,joint_recent2,12,0.105,0.0001570938083405792,0.006236033467739861,0.002683395972053942,1920
1060,0.015,narrow,joint_recent2,13,0.12,2.1971499056922456e-05,0.010852834917936005,0.0027847231779398775,1920
1060,0.015,narrow,joint_recent2,14,0.135,5.510342037369224e-05,0.014117388840195262,0.0008584745525131465,1920
1060,0.015,narrow,joint_recent2,15,0.15,0.0001238176035474174,0.014942431565796811,0.002889052649098247,1920
1060,0.015,narrow,joint_recent2,16,0.16499999999999998,0.0001267770733338179,0.01159825286350739,0.003047474270532223,1920
1060,0.015,narrow,joint_recent2,17,0.18,0.0001213974274284296,0.011738356749208615,0.00444902191541575,1920
1060,0.015,narrow,joint_recent2,18,0.195,0.00013570358016798834,0.011499919886571959,0.002426978233965672,1920
1060,0.015,narrow,joint_recent2,19,0.21,0.0001514837222559057,0.020788428045285814,0.0009263100442848881,1920
1060,0.015,narrow,joint_recent2,20,0.22499999999999998,0.0003886505843781085,0.020471907249598405,0.004622483013865566,1920
1060,0.015,narrow,joint_recent2,21,0.24,0.0002559249370335106,0.013772737402634832,0.002350608301078373,1920
1060,0.015,narrow,joint_recent2,22,0.255,0.00013302567478268694,0.017546735393319864,0.00134279523195645,1920
1060,0.015,narrow,joint_recent2,23,0.27,0.00014134869004018066,0.01866319381276927,0.002080106516137518,1920
1060,0.015,narrow,joint_recent2,24,0.285,0.00024258545065527904,0.018188303205984753,0.002646140607200329,1920
1060,0.015,narrow,joint_recent2,25,0.3,0.0002378171727413081,0.019447909179536045,0.002686940237425384,1920
1060,0.015,narrow,joint_recent2,26,0.315,7.471196361268525e-05,0.021204801533993754,0.003319971879186456,1920
1060,0.015,narrow,joint_recent2,27,0.32999999999999996,7.236424550881522e-05,0.024154409688445233,0.00294298097881271,1920
1060,0.015,narrow,joint_recent2,28,0.345,0.00023222536246312206,0.028080790664092442,0.0057689148076606935,1920
1060,0.015,narrow,joint_recent2,29,0.36,0.0002240005868844128,0.027619393976284365,0.003388647095536919,1920
1060,0.015,broad,theta_current,0,0.0,0.0,0.0,0.0,1920
1060,0.015,broad,theta_current,1,0.0,0.00024880175915789,0.00025160011548858727,0.0,1920
1060,0.015,broad,theta_current,2,0.0,8.812765854788143e-05,8.744953025027156e-05,0.0,1920
1060,0.015,broad,theta_current,3,0.0,4.371991733450909e-05,4.6140256348417715e-05,0.0,1920
1060,0.015,broad,theta_current,4,0.0,0.00014630911902199277,0.0001693739391288077,0.0,1920
1060,0.015,broad,theta_current,5,0.0,0.0001634178142521863,0.00018716443550604868,0.0,1920
1060,0.015,broad,theta_current,6,0.015,0.0003147202258473427,0.00043273462809941525,0.0,1920
1060,0.015,broad,theta_current,7,0.03,0.0014982307452445706,0.001218490127193351,0.0,1920
1060,0.015,broad,theta_current,8,0.045,0.0006979720327872514,0.0005127256549255194,0.0,1920
1060,0.015,broad,theta_current,9,0.06,0.0003179634448722308,0.0006580859687234705,0.0,1920
1060,0.015,broad,theta_current,10,0.075,0.00110900348457979,0.0013860879368318218,0.0,1920
1060,0.015,broad,theta_current,11,0.09,0.002385574772823513,0.001786529194905067,0.0,1920
1060,0.015,broad,theta_current,12,0.105,0.001855474634881498,0.001702931373861794,0.0,1920
1060,0.015,broad,theta_current,13,0.12,0.0019209237986588669,0.002406475930222052,0.0,1920
1060,0.015,broad,theta_current,14,0.135,0.0030903014254325244,0.003392628633723634,0.0,1920
1060,0.015,broad,theta_current,15,0.15,0.004526536280569478,0.00435655595806406,0.0,1920
1060,0.015,broad,theta_current,16,0.16499999999999998,0.004970597967311638,0.004564170230389522,0.0,1920
1060,0.015,broad,theta_current,17,0.18,0.006156124857997429,0.005414062048572758,0.0,1920
1060,0.015,broad,theta_current,18,0.195,0.009703551370506951,0.007007715636166548,0.0,1920
1060,0.015,broad,theta_current,19,0.21,0.0074094781222909965,0.0073134137212500176,0.0,1920
1060,0.015,broad,theta_current,20,0.22499999999999998,0.012451835592396676,0.009943646558415339,0.0,1920
1060,0.015,broad,theta_current,21,0.24,0.013114592217108844,0.008152876377208275,0.0,1944
1060,0.015,broad,theta_current,22,0.255,0.04638096605575564,0.04158564795853817,0.0,1920
1060,0.015,broad,theta_current,23,0.27,0.015127931991453297,0.011628974873001607,0.0,1920
1060,0.015,broad,theta_current,24,0.285,0.013750437734447986,0.01572551685563461,0.0,1920
1060,0.015,broad,theta_current,25,0.3,0.010920421948852878,0.01207235736183173,0.0,1920
1060,0.015,broad,theta_current,26,0.315,0.014818128758751702,0.014884124618685225,0.0,1920
1060,0.015,broad,theta_current,27,0.32999999999999996,0.01474241910275415,0.015461395955954839,0.0,1944
1060,0.015,broad,theta_current,28,0.345,0.011530811358138429,0.021498189885666104,0.0,1920
1060,0.015,broad,theta_current,29,0.36,0.019400222140019772,0.01815547244371771,0.0,1920
1060,0.015,broad,joint_current,0,0.0,0.0,0.0,0.017489868174625035,1920
1060,0.015,broad,joint_current,1,0.0,0.0002621313807249515,0.0002842058940306631,0.018168167672574738,1920
1060,0.015,broad,joint_current,2,0.0,0.0001296150214949009,9.943979325478496e-05,0.01863519048187253,1920
1060,0.015,broad,joint_current,3,0.0,6.610800444516197e-05,8.263490790947915e-05,0.02710018161093789,1920
1060,0.015,broad,joint_current,4,0.0,0.0003000808000483126,0.00030815319672272776,0.0029375665676979533,1920
1060,0.015,broad,joint_current,5,0.0,0.00019061348972768003,0.0002136648733320893,0.007596970812640432,1920
1060,0.015,broad,joint_current,6,0.015,0.0003089481622769491,0.0004180542274884225,0.026367219401040105,1920
1060,0.015,broad,joint_current,7,0.03,0.0014628912351525695,0.0011465591475249561,0.03493992853128286,1920
1060,0.015,broad,joint_current,8,0.045,0.0002458365241396862,0.0002364218652687518,0.045862555976576715,1920
1060,0.015,broad,joint_current,9,0.06,0.00024613990837531245,0.0002894715399627023,0.042353837279405206,1920
1060,0.015,broad,joint_current,10,0.075,0.00029086426415191106,0.00037009061085662863,0.04265848110699399,1920
1060,0.015,broad,joint_current,11,0.09,0.0005644773571979225,0.0004388231111680774,0.07277951636007526,1920
1060,0.015,broad,joint_current,12,0.105,0.00026315323007240814,0.00017291168842382132,0.08762330733299965,1920
1060,0.015,broad,joint_current,13,0.12,0.0003107921392402759,0.0003336628887873293,0.08047464157327641,1920
1060,0.015,broad,joint_current,14,0.135,0.00036536875419848364,0.00041761358525641126,0.11424913715758717,1920
1060,0.015,broad,joint_current,15,0.15,0.00039966433999940996,0.0003542724759939251,0.0952047148392057,1920
1060,0.015,broad,joint_current,16,0.16499999999999998,0.0008112202305799445,0.0006327553474596453,0.09797191079174163,1920
1060,0.015,broad,joint_current,17,0.18,0.0006041392578149829,0.0004988639467122722,0.10283609307521867,1920
1060,0.015,broad,joint_current,18,0.195,0.0028321006508286463,0.0010917061429243048,0.14705359360488485,1920
1060,0.015,broad,joint_current,19,0.21,0.00020457718071158174,0.0003511119323323079,0.14975926131255463,1920
1060,0.015,broad,joint_current,20,0.22499999999999998,0.0010731471589694207,0.0007815577677398033,0.1950364249392812,1920
1060,0.015,broad,joint_current,21,0.24,0.0006372049921786785,0.0004712594011476688,0.1655505299729427,1920
1060,0.015,broad,joint_current,22,0.255,0.00486582025071958,0.004649524918210445,0.19827603507494457,1920
1060,0.015,broad,joint_current,23,0.27,0.000402699241840271,0.0005282620975980187,0.1996687766963182,1920
1060,0.015,broad,joint_current,24,0.285,0.0015905797357096587,0.002043688965468744,0.22124415610554868,1920
1060,0.015,broad,joint_current,25,0.3,0.0008903916635290128,0.0007833279794504694,0.2203866805557571,1920
1060,0.015,broad,joint_current,26,0.315,0.00037016585707312443,0.00037687609544740107,0.26043444557506124,1920
1060,0.015,broad,joint_current,27,0.32999999999999996,0.0008560127641979595,0.0009715861761473995,0.20697048668244253,1920
1060,0.015,broad,joint_current,28,0.345,0.0013875820482011662,0.0019569403813242117,0.24604219510147982,1920
1060,0.015,broad,joint_current,29,0.36,0.0010283936886895802,0.0011001078168350116,0.2849557155469245,1920
1060,0.015,broad,joint_current_unpenalized,0,0.0,0.0,0.0,0.03463579751648611,1920
1060,0.015,broad,joint_current_unpenalized,1,0.0,0.00026700192557150605,0.00028626967915261915,0.037789182095275334,1920
1060,0.015,broad,joint_current_unpenalized,2,0.0,0.00014574934739179182,9.937201823780769e-05,0.1496133432966074,1920
1060,0.015,broad,joint_current_unpenalized,3,0.0,0.0009344396883014453,0.0012571794315001895,0.059957410117618085,1920
1060,0.015,broad,joint_current_unpenalized,4,0.0,0.000402410913203297,0.00043849208949736846,0.003404530720000772,1920
1060,0.015,broad,joint_current_unpenalized,5,0.0,0.00018914730311493294,0.00021178713116515435,0.018592751162499966,1920
1060,0.015,broad,joint_current_unpenalized,6,0.015,0.0003240771021432582,0.0004247502375744217,0.04616717775974875,1920
1060,0.015,broad,joint_current_unpenalized,7,0.03,0.0013928068388838397,0.0011415864922480132,0.03642634364482455,1920
1060,0.015,broad,joint_current_unpenalized,8,0.045,0.0002401008095054533,0.0002351165922077589,0.07647926986887135,1920
1060,0.015,broad,joint_current_unpenalized,9,0.06,0.00025170301934371997,0.000307984634198429,0.046576236670789,1920
1060,0.015,broad,joint_current_unpenalized,10,0.075,0.0002773516824121618,0.0003493833807243019,0.050002852136931994,1920
1060,0.015,broad,joint_current_unpenalized,11,0.09,0.0004793933883837324,0.0003841142772344751,0.13051588814714454,1920
1060,0.015,broad,joint_current_unpenalized,12,0.105,0.0003499535087272615,0.00020268875772426725,0.17450536842853878,1920
1060,0.015,broad,joint_current_unpenalized,13,0.12,0.0003611990090658208,0.00035221356149405696,0.1018358722649918,1920
1060,0.015,broad,joint_current_unpenalized,14,0.135,0.0002813401232786242,0.00030838777334999415,0.17019838521171538,1920
1060,0.015,broad,joint_current_unpenalized,15,0.15,0.00040445303584826293,0.00038431360817393163,0.1084093054999836,1920
1060,0.015,broad,joint_current_unpenalized,16,0.16499999999999998,0.0007500819634824759,0.0005737916434951421,0.1285825337431744,1920
1060,0.015,broad,joint_current_unpenalized,17,0.18,0.00034478821616820856,0.0002835594156232967,0.140692786895507,1920
1060,0.015,broad,joint_current_unpenalized,18,0.195,0.0007692366990394672,0.00035641117166535375,0.18177505231983004,1920
1060,0.015,broad,joint_current_unpenalized,19,0.21,0.00017580562864174805,0.0002732113334384188,0.22767237638949614,1920
1060,0.015,broad,joint_current_unpenalized,20,0.22499999999999998,0.000609422088038926,0.0004391985217501753,0.26457281380998837,1920
1060,0.015,broad,joint_current_unpenalized,21,0.24,0.0005343737187535479,0.00042795079404887057,0.3087356034153218,1920
1060,0.015,broad,joint_current_unpenalized,22,0.255,0.0008537261059446393,0.000751570216011491,0.3282543544597539,1920
1060,0.015,broad,joint_current_unpenalized,23,0.27,0.0005712533547725804,0.0004583959276768715,0.2568086956483136,1920
1060,0.015,broad,joint_current_unpenalized,24,0.285,0.0004758882771086573,0.0005827979052719626,0.28590678372238143,1920
1060,0.015,broad,joint_current_unpenalized,25,0.3,0.0004447742474437472,0.0004997090536035358,0.31719549799711266,1920
1060,0.015,broad,joint_current_unpenalized,26,0.315,0.00018561605929675405,0.0002410470461000186,0.3595741868855897,1920
1060,0.015,broad,joint_current_unpenalized,27,0.32999999999999996,0.0009987643677873772,0.0008339370584503632,0.3197829589685783,1920
1060,0.015,broad,joint_current_unpenalized,28,0.345,0.00023976868891525214,0.0002926616624357356,0.3313002926461207,1920
1060,0.015,broad,joint_current_unpenalized,29,0.36,0.0003690180722237711,0.00040154781011299365,0.36824860265535475,1920
1060,0.015,broad,joint_recent2,0,0.0,0.0,0.0,0.017489868174625035,1920
1060,0.015,broad,joint_recent2,1,0.0,0.0002621313807249515,0.0002842058940306631,0.020188183222298314,1920
1060,0.015,broad,joint_recent2,2,0.0,0.00014931214655999423,0.00011246296099862696,0.0064238858162691545,1920
1060,0.015,broad,joint_recent2,3,0.0,6.727647557338004e-05,5.234858410429505e-05,0.006972419211870774,1920
1060,0.015,broad,joint_recent2,4,0.0,9.032561616081763e-05,9.51429782616191e-05,0.01014380283835952,1920
1060,0.015,broad,joint_recent2,5,0.0,5.691362543347407e-05,6.151829876464097e-05,0.009177445294837994,1920
1060,0.015,broad,joint_recent2,6,0.015,0.00024573580820845585,0.0002795408652784473,0.018741986942772012,1920
1060,0.015,broad,joint_recent2,7,0.03,0.0008056312060598043,0.0007949889156793235,0.030558215522613837,1920
1060,0.015,broad,joint_recent2,8,0.045,0.0005809513998371671,0.0005446475706841228,0.04266210237274925,1920
1060,0.015,broad,joint_recent2,9,0.06,0.0003065371550202337,0.00043273323913538357,0.03404206353445038,1920
1060,0.015,broad,joint_recent2,10,0.075,0.0004857105245163894,0.0006014985606760103,0.04519878646681332,1920
1060,0.015,broad,joint_recent2,11,0.09,0.000709342202631622,0.0005455375929199265,0.0649999370137256,1920
1060,0.015,broad,joint_recent2,12,0.105,0.0005710973889899492,0.0004031244174132327,0.07982087023604428,1920
1060,0.015,broad,joint_recent2,13,0.12,0.00023086710409460798,0.00037782675089892144,0.08257321306794921,1920
1060,0.015,broad,joint_recent2,14,0.135,0.0005580079586886452,0.0005952591579805496,0.0965271983658326,1920
1060,0.015,broad,joint_recent2,15,0.15,0.0006674537970401357,0.0005614694946707101,0.10796748530970968,1920
1060,0.015,broad,joint_recent2,16,0.16499999999999998,0.0007803609278006165,0.0006369524196480694,0.09816454103933883,1920
1060,0.015,broad,joint_recent2,17,0.18,0.0008699069839944062,0.0006250116663973213,0.11218727637652487,1920
1060,0.015,broad,joint_recent2,18,0.195,0.0011838143689513602,0.0005866924990701409,0.1487662621643987,1920
1060,0.015,broad,joint_recent2,19,0.21,0.0001826089045302313,0.0004563183406600975,0.14452976641831683,1920
1060,0.015,broad,joint_recent2,20,0.22499999999999998,0.0009398652888142909,0.0007220112694509576,0.18584518063443306,1920
1060,0.015,broad,joint_recent2,21,0.24,0.0008282937501857806,0.000607189019770203,0.19609753888837947,1920
1060,0.015,broad,joint_recent2,22,0.255,0.0006782152579642295,0.0005720471716866773,0.20506717051712428,1920
1060,0.015,broad,joint_recent2,23,0.27,0.0005426680353013371,0.0005822082664575447,0.20933539214484742,1920
1060,0.015,broad,joint_recent2,24,0.285,0.0006028306495162784,0.0007725523253992903,0.2214897622873825,1920
1060,0.015,broad,joint_recent2,25,0.3,0.0012143506193009162,0.001022427667613697,0.23162647345246598,1920
1060,0.015,broad,joint_recent2,26,0.315,0.0005698161878352625,0.0005677506926867356,0.2435611695314296,1920
1060,0.015,broad,joint_recent2,27,0.32999999999999996,0.00048379788037748814,0.000821415777166937,0.23940654457594368,1920
1060,0.015,broad,joint_recent2,28,0.345,0.0011233578388250497,0.00132353248334215,0.2435155559344196,1920
1060,0.015,broad,joint_recent2,29,0.36,0.000998336302288579,0.0012131340464686803,0.2756588511444526,1920
1060,0.04,narrow,theta_current,0,0.0,0.0,0.0,0.0,1920
1060,0.04,narrow,theta_current,1,0.0,4.2755334024318465e-05,0.0008424426737091711,0.0,1920
1060,0.04,narrow,theta_current,2,0.0,8.306709298761096e-06,0.005508304143886606,0.0,1920
1060,0.04,narrow,theta_current,3,0.0,1.1114034504601925e-05,0.001376666053927394,0.0,1920
1060,0.04,narrow,theta_current,4,0.0,5.901119311339131e-05,0.0007210651718397216,0.0,1920
1060,0.04,narrow,theta_current,5,0.0,0.0001668608522259713,0.012238340680198169,0.0,1920
1060,0.04,narrow,theta_current,6,0.04,0.0002914618553067244,0.004235630823154021,0.0,1920
1060,0.04,narrow,theta_current,7,0.08,0.00036123299671808693,0.00852822429205136,0.0,1920
1060,0.04,narrow,theta_current,8,0.12,0.00033915623573930754,0.007191289289647422,0.0,1920
1060,0.04,narrow,theta_current,9,0.16,0.0003742316661163773,0.010186021629473156,0.0,1920
1060,0.04,narrow,theta_current,10,0.2,0.0002451781132633985,0.030794232928535663,0.0,1920
1060,0.04,narrow,theta_current,11,0.24,0.0006180950776658764,0.022319940983191823,0.0,1920
1060,0.04,narrow,theta_current,12,0.28,0.0006017035814144651,0.03064295465155717,0.0,1920
1060,0.04,narrow,theta_current,13,0.32,0.00045385601605855324,0.03184795002529305,0.0,1920
1060,0.04,narrow,theta_current,14,0.36,0.0008345393166407786,0.04034585425667238,0.0,1920
1060,0.04,narrow,theta_current,15,0.4,0.0007334297950049441,0.03612117684180665,0.0,1920
1060,0.04,narrow,theta_current,16,0.44,0.001005664365268196,0.04552463711676069,0.0,1920
1060,0.04,narrow,theta_current,17,0.48,0.0006531322349410899,0.04631727812280643,0.0,1920
1060,0.04,narrow,theta_current,18,0.52,0.0006897013625075865,0.05149836739376186,0.0,1920
1060,0.04,narrow,theta_current,19,0.56,0.0012277804314766488,0.048829013679600575,0.0,1920
1060,0.04,narrow,theta_current,20,0.6,0.0007697400687148607,0.06277206247498128,0.0,1920
1060,0.04,narrow,theta_current,21,0.64,0.000791436470806237,0.09406597261505856,0.0,1920
1060,0.04,narrow,theta_current,22,0.65,1.955710815812243e-05,0.07097203911570664,0.0,1920
1060,0.04,narrow,theta_current,23,0.65,5.473341118193216e-05,0.08572781764827017,0.0,1920
1060,0.04,narrow,theta_current,24,0.65,1.3251368961844025e-05,0.07938062212091218,0.0,1920
1060,0.04,narrow,theta_current,25,0.65,4.2815055496858034e-05,0.09018749280223826,0.0,1920
1060,0.04,narrow,theta_current,26,0.65,4.727042923662715e-05,0.07442204711043081,0.0,1920
1060,0.04,narrow,theta_current,27,0.65,0.00017599066055358858,0.1223340386113336,0.0,1920
1060,0.04,narrow,theta_current,28,0.65,4.832593830961863e-05,0.09861840637105002,0.0,1920
1060,0.04,narrow,theta_current,29,0.65,0.00010668514418623398,0.06557001589585774,0.0,1920
1060,0.04,narrow,joint_current,0,0.0,0.0,0.0,0.002077484007483768,1920
1060,0.04,narrow,joint_current,1,0.0,4.274845431784418e-05,0.0009481297994873735,0.002253135182837275,1920
1060,0.04,narrow,joint_current,2,0.0,8.31930478040811e-06,0.005809749055895619,0.0012757516068430499,1920
1060,0.04,narrow,joint_current,3,0.0,1.1077274564115798e-05,0.001260207802438948,0.0004964174557449217,1920
1060,0.04,narrow,joint_current,4,0.0,5.895012552386855e-05,0.0007003407299577048,0.0027853694128597275,1920
1060,0.04,narrow,joint_current,5,0.0,0.0001654103874173632,0.012072269441980343,0.0016901988666122014,1920
1060,0.04,narrow,joint_current,6,0.04,0.00029328770886930043,0.004107719385830617,0.0036289160293664882,1920
1060,0.04,narrow,joint_current,7,0.08,0.00036049651443668143,0.008758168985364988,0.0005816620623760697,1920
1060,0.04,narrow,joint_current,8,0.12,0.00033934629645103465,0.0072880363859337445,0.002092162553246577,1920
1060,0.04,narrow,joint_current,9,0.16,0.00037495197944123867,0.010910638603568251,0.002582347850276118,1920
1060,0.04,narrow,joint_current,10,0.2,0.0002455843241107668,0.032684526738258404,0.004226117767852711,1920
1060,0.04,narrow,joint_current,11,0.24,0.0006185092019436569,0.02109759554715743,0.0005490793912479758,1920
1060,0.04,narrow,joint_current,12,0.28,0.0006030403881118772,0.03107548642015432,0.0020871193557367284,1920
1060,0.04,narrow,joint_current,13,0.32,0.0004535134042836315,0.0314783856641427,0.0005550414204104406,1920
1060,0.04,narrow,joint_current,14,0.36,0.0008349228206722513,0.040612163546371954,0.0011251066794023977,1920
1060,0.04,narrow,joint_current,15,0.4,0.0007330114430967714,0.03631735441044961,0.0010180406773594515,1920
1060,0.04,narrow,joint_current,16,0.44,0.0010049734481889052,0.046189013735076896,0.0006796265889157614,1920
1060,0.04,narrow,joint_current,17,0.48,0.0006532648506714298,0.046910366661361835,0.0004605111353022655,1920
1060,0.04,narrow,joint_current,18,0.52,0.0006899452387229026,0.0521791855559786,0.0026847629912255325,1920
1060,0.04,narrow,joint_current,19,0.56,0.0012256928620823211,0.04980871807151338,0.0010357314708931587,1920
1060,0.04,narrow,joint_current,20,0.6,0.0007696409216293533,0.06307113304702602,0.00032958458523807914,1920
1060,0.04,narrow,joint_current,21,0.64,0.0007903686876084747,0.09453101205196253,0.0034512320433564107,1920
1060,0.04,narrow,joint_current,22,0.65,1.9517021349150512e-05,0.07198427175798902,0.002219037832338416,1920
1060,0.04,narrow,joint_current,23,0.65,5.489735275746683e-05,0.08581672602805096,0.00024464641056619595,1920
1060,0.04,narrow,joint_current,24,0.65,1.3184608406107694e-05,0.07990163294515928,0.0002834575129892326,1920
1060,0.04,narrow,joint_current,25,0.65,4.27205470667775e-05,0.09058349822922032,0.0015695022163232243,1920
1060,0.04,narrow,joint_current,26,0.65,4.713685788656468e-05,0.07474332977242315,0.002086628480061163,1920
1060,0.04,narrow,joint_current,27,0.65,0.00017476190534509027,0.12320124689151926,0.0026551134273377734,1920
1060,0.04,narrow,joint_current,28,0.65,4.84190934460918e-05,0.09987071701907047,0.0016107430877104274,1920
1060,0.04,narrow,joint_current,29,0.65,0.0001065923382313034,0.06669668446009311,0.00691530938890654,1920
1060,0.04,narrow,joint_current_unpenalized,0,0.0,0.0,0.0,0.037571317049062726,1920
1060,0.04,narrow,joint_current_unpenalized,1,0.0,4.344002861676811e-05,0.0027113303221305398,0.07770385307307658,1920
1060,0.04,narrow,joint_current_unpenalized,2,0.0,8.802821844943123e-06,0.013993703192633284,0.04774952897118437,1920
1060,0.04,narrow,joint_current_unpenalized,3,0.0,1.1358213389478771e-05,0.003458591155333486,0.04468728109876912,1920
1060,0.04,narrow,joint_current_unpenalized,4,0.0,5.8551807442765694e-05,0.0029345600069460025,0.03203023099256056,1920
1060,0.04,narrow,joint_current_unpenalized,5,0.0,0.00016757121058421463,0.01714516730649377,0.04357300245941451,1920
1060,0.04,narrow,joint_current_unpenalized,6,0.04,0.00029622449756791204,0.003321269204557536,0.11501511029888166,1920
1060,0.04,narrow,joint_current_unpenalized,7,0.08,0.00034607228537009415,0.009644873308697396,0.06320354280583093,1920
1060,0.04,narrow,joint_current_unpenalized,8,0.12,0.00034124464394254505,0.006431875030156894,0.10232091285588986,1920
1060,0.04,narrow,joint_current_unpenalized,9,0.16,0.0003709661642049477,0.005515393684514697,0.10878519662114954,1920
1060,0.04,narrow,joint_current_unpenalized,10,0.2,0.00024496998178055767,0.030400949011392456,0.13194050322872197,1920
1060,0.04,narrow,joint_current_unpenalized,11,0.24,0.0006169585127434776,0.003350426201380665,0.16382529611052954,1920
1060,0.04,narrow,joint_current_unpenalized,12,0.28,0.000616358712134826,0.0059108052348905305,0.19593877028566975,1920
1060,0.04,narrow,joint_current_unpenalized,13,0.32,0.00045501254271759637,0.005041590387200687,0.1932343606321494,1920
1060,0.04,narrow,joint_current_unpenalized,14,0.36,0.000839324233037574,0.009344697234535512,0.251357460555395,1920
1060,0.04,narrow,joint_current_unpenalized,15,0.4,0.0007298122607388452,0.007440158441164292,0.3118490960930028,1920
1060,0.04,narrow,joint_current_unpenalized,16,0.44,0.0009961261540057784,0.009024980710305122,0.276446069354932,1920
1060,0.04,narrow,joint_current_unpenalized,17,0.48,0.0006431352055383445,0.02659599735595399,0.2632680224234696,1920
1060,0.04,narrow,joint_current_unpenalized,18,0.52,0.0006852015123124137,0.04895923127819189,0.3179653255479477,1920
1060,0.04,narrow,joint_current_unpenalized,19,0.56,0.0011237299397888487,0.015940525199879638,0.3159192486221179,1920
1060,0.04,narrow,joint_current_unpenalized,20,0.6,0.0007387519806991391,0.05570884391521928,0.33572768665633745,1920
1060,0.04,narrow,joint_current_unpenalized,21,0.64,0.0007812569414897009,0.10132948332538012,0.4115976622705271,1920
1060,0.04,narrow,joint_current_unpenalized,22,0.65,4.144734413179945e-05,0.019754324409424484,0.369265200626907,1920
1060,0.04,narrow,joint_current_unpenalized,23,0.65,4.8616794027097115e-05,0.07408828498330938,0.3672575090598175,1920
1060,0.04,narrow,joint_current_unpenalized,24,0.65,1.5171195378743108e-05,0.0617637179805825,0.3816562367875101,1920
1060,0.04,narrow,joint_current_unpenalized,25,0.65,4.4021393581770735e-05,0.06666766882366125,0.32827801583092997,1920
1060,0.04,narrow,joint_current_unpenalized,26,0.65,5.205475953262459e-05,0.09981307431934895,0.41530439201407854,1920
1060,0.04,narrow,joint_current_unpenalized,27,0.65,0.0001784181738717697,0.08565699598916762,0.47648102031108047,1920
1060,0.04,narrow,joint_current_unpenalized,28,0.65,4.035632290493467e-05,0.024065560304769876,0.4938755474612673,1920
1060,0.04,narrow,joint_current_unpenalized,29,0.65,0.00010689026653351759,0.015127955112966513,0.5339011556127442,1944
1060,0.04,narrow,joint_recent2,0,0.0,0.0,0.0,0.002077484007483768,1920
1060,0.04,narrow,joint_recent2,1,0.0,4.274845431784418e-05,0.0009481297994873735,0.0018731579289337546,1920
1060,0.04,narrow,joint_recent2,2,0.0,3.4256447484421728e-06,0.0025696800541106677,0.0007352445590039424,1920
1060,0.04,narrow,joint_recent2,3,0.0,1.0034293613773381e-05,0.002575238896559821,0.0007291360721153738,1920
1060,0.04,narrow,joint_recent2,4,0.0,2.5210413546069806e-05,0.0014193654755986075,0.0036850788473036626,1920
1060,0.04,narrow,joint_recent2,5,0.0,2.0108127650518775e-05,0.0025715190691909737,0.0028116946001878872,1920
1060,0.04,narrow,joint_recent2,6,0.04,0.0004474095262186088,0.0017165206451248706,0.005021602657944661,1920
1060,0.04,narrow,joint_recent2,7,0.08,0.0005410366128972283,0.012161987628317994,0.0053052436681264165,1920
1060,0.04,narrow,joint_recent2,8,0.12,0.0007713531220641965,0.005676883025361575,0.004148983130903391,1920
1060,0.04,narrow,joint_recent2,9,0.16,0.0006595118827289418,0.010697834091499327,0.0034426580298148103,1920
1060,0.04,narrow,joint_recent2,10,0.2,0.000711884049107493,0.02218057002153503,0.004951254327540686,1920
1060,0.04,narrow,joint_recent2,11,0.24,0.0009495791673010521,0.028295091512843824,0.005224962969002962,1920
1060,0.04,narrow,joint_recent2,12,0.28,0.0014061054084169872,0.034930759557924684,0.0052098528904942236,1920
1060,0.04,narrow,joint_recent2,13,0.32,0.0009397083993015774,0.051841090844252834,0.0027763060387897697,1920
1060,0.04,narrow,joint_recent2,14,0.36,0.001376319501707783,0.05338252441434168,0.002374127041526106,1920
1060,0.04,narrow,joint_recent2,15,0.4,0.0017387657085556677,0.05616774656125848,0.0031690963488595087,1920
1060,0.04,narrow,joint_recent2,16,0.44,0.0016852821000672511,0.058717103003853514,0.0017481118752213532,1920
1060,0.04,narrow,joint_recent2,17,0.48,0.0018876683372245344,0.05913471083521084,0.0021459525925039595,1920
1060,0.04,narrow,joint_recent2,18,0.52,0.0013453242409744897,0.06564918921638303,0.0012894519325347964,1920
1060,0.04,narrow,joint_recent2,19,0.56,0.0026300287211640737,0.06289765174603995,0.004623696281404645,1920
1060,0.04,narrow,joint_recent2,20,0.6,0.0014664307511327353,0.07047921366134968,0.0024708186688238835,1920
1060,0.04,narrow,joint_recent2,21,0.64,0.001583248081785828,0.09164309031222233,0.0018003983782303645,1920
1060,0.04,narrow,joint_recent2,22,0.65,0.00024919575037077074,0.08279560828731157,0.0019376407151686236,1920
1060,0.04,narrow,joint_recent2,23,0.65,4.970833094079106e-06,0.08542263226164504,0.0007699149551482531,1920
1060,0.04,narrow,joint_recent2,24,0.65,2.2252407902401512e-05,0.09187904096822275,0.0010051931079995819,1920
1060,0.04,narrow,joint_recent2,25,0.65,6.739559811532378e-06,0.09723098482945763,0.0005077444420555147,1920
1060,0.04,narrow,joint_recent2,26,0.65,2.5716925212771467e-05,0.09566847344596581,0.00203761090100059,1920
1060,0.04,narrow,joint_recent2,27,0.65,4.20506968151069e-05,0.10881747159215666,0.002939777299453555,1920
1060,0.04,narrow,joint_recent2,28,0.65,8.491110301124141e-05,0.12129697483767835,0.00228991677871352,1920
1060,0.04,narrow,joint_recent2,29,0.65,2.272173974269074e-05,0.08972541894760462,0.003668117466440446,1920
1060,0.04,broad,theta_current,0,0.0,0.0,0.0,0.0,1920
1060,0.04,broad,theta_current,1,0.0,0.00024880175915789,0.00025160011548858727,0.0,1920
1060,0.04,broad,theta_current,2,0.0,8.812765854788143e-05,8.744953025027156e-05,0.0,1920
1060,0.04,broad,theta_current,3,0.0,4.371991733450909e-05,4.6140256348417715e-05,0.0,1920
1060,0.04,broad,theta_current,4,0.0,0.00014630911902199277,0.0001693739391288077,0.0,1920
1060,0.04,broad,theta_current,5,0.0,0.0001634178142521863,0.00018716443550604868,0.0,1920
1060,0.04,broad,theta_current,6,0.04,0.001251749944228739,0.001786919324793812,0.0,1920
1060,0.04,broad,theta_current,7,0.08,0.0033695055750287586,0.0033934820980507396,0.0,1920
1060,0.04,broad,theta_current,8,0.12,0.004855086159879383,0.0035774208779964485,0.0,1920
1060,0.04,broad,theta_current,9,0.16,0.0027596862558618394,0.004218066151359045,0.0,1920
1060,0.04,broad,theta_current,10,0.2,0.0053705922247662624,0.007281697738333049,0.0,1920
1060,0.04,broad,theta_current,11,0.24,0.011534903200489771,0.011015075321133081,0.0,1920
1060,0.04,broad,theta_current,12,0.28,0.014714114880027418,0.012044810633545228,0.0,1920
1060,0.04,broad,theta_current,13,0.32,0.01488165442571949,0.01295734605815874,0.0,1920
1060,0.04,broad,theta_current,14,0.36,0.017467627272085492,0.0167535122453732,0.0,1920
1060,0.04,broad,theta_current,15,0.4,0.02336136132177617,0.020906324426241504,0.0,1920
1060,0.04,broad,theta_current,16,0.44,0.02652844690329142,0.022044336755393933,0.0,1920
1060,0.04,broad,theta_current,17,0.48,0.021783017334527668,0.022489995283264466,0.0,1920
1060,0.04,broad,theta_current,18,0.52,0.019840203596972188,0.023921905550266007,0.0,1920
1060,0.04,broad,theta_current,19,0.56,0.040744408450987056,0.031070689434642005,0.0,1944
1060,0.04,broad,theta_current,20,0.6,0.043627438462630425,0.03336490646073458,0.0,1920
1060,0.04,broad,theta_current,21,0.64,0.0395045613515981,0.033372305815701206,0.0,1920
1060,0.04,broad,theta_current,22,0.65,0.052320933479262775,0.0507559018930563,0.0,1944
1060,0.04,broad,theta_current,23,0.65,0.03384321710384223,0.032012153489033995,0.0,1944
1060,0.04,broad,theta_current,24,0.65,0.043859852671301845,0.03493774191089676,0.0,1920
1060,0.04,broad,theta_current,25,0.65,0.02781313816719247,0.03320401644546445,0.0,1920
1060,0.04,broad,theta_current,26,0.65,0.027696419048657092,0.03134520774480533,0.0,1920
1060,0.04,broad,theta_current,27,0.65,0.024414640628951295,0.03012075269580029,0.0,1944
1060,0.04,broad,theta_current,28,0.65,0.03803174506025501,0.03121549789996779,0.0,1944
1060,0.04,broad,theta_current,29,0.65,0.03217142926812723,0.031299761010465235,0.0,1944
1060,0.04,broad,joint_current,0,0.0,0.0,0.0,0.017489868174625035,1920
1060,0.04,broad,joint_current,1,0.0,0.0002621313807249515,0.0002842058940306631,0.018168167672574738,1920
1060,0.04,broad,joint_current,2,0.0,0.0001296150214949009,9.943979325478496e-05,0.01863519048187253,1920
1060,0.04,broad,joint_current,3,0.0,6.610800444516197e-05,8.263490790947915e-05,0.02710018161093789,1920
1060,0.04,broad,joint_current,4,0.0,0.0003000808000483126,0.00030815319672272776,0.0029375665676979533,1920
1060,0.04,broad,joint_current,5,0.0,0.00019061348972768003,0.0002136648733320893,0.007596970812640432,1920
1060,0.04,broad,joint_current,6,0.04,0.0012468118574631905,0.0017651904894537545,0.037834448140440784,1920
1060,0.04,broad,joint_current,7,0.08,0.0028314286200673672,0.0027159290188506035,0.06901735390835066,1920
1060,0.04,broad,joint_current,8,0.12,0.0018865485875811713,0.0015617025622013817,0.08239525195422452,1920
1060,0.04,broad,joint_current,9,0.16,0.0015089893021415952,0.0015138246089045064,0.13164184097544693,1920
1060,0.04,broad,joint_current,10,0.2,0.0010586951224042798,0.0013671737336812715,0.1263599155019797,1920
1060,0.04,broad,joint_current,11,0.24,0.0015549266679319776,0.0019064601409145613,0.16793079442733722,1920
1060,0.04,broad,joint_current,12,0.28,0.0028851709938387464,0.0017488012795342307,0.2076691893593272,1920
1060,0.04,broad,joint_current,13,0.32,0.002313961487443831,0.0014895434791895314,0.20638616966073084,1920
1060,0.04,broad,joint_current,14,0.36,0.0012255726265215643,0.0018020505588297615,0.27200380417185,1920
1060,0.04,broad,joint_current,15,0.4,0.002180658286972023,0.0020185353497287717,0.284173359189823,1920
1060,0.04,broad,joint_current,16,0.44,0.002574488489739946,0.0020600441755895867,0.32970930054189074,1920
1060,0.04,broad,joint_current,17,0.48,0.0013660063950981533,0.0011408819733153878,0.3261742175690708,1920
1060,0.04,broad,joint_current,18,0.52,0.001992599345871877,0.0016331559779419074,0.350226505169647,1920
1060,0.04,broad,joint_current,19,0.56,0.0016416349684130807,0.002151375286298203,0.3964773518959725,1920
1060,0.04,broad,joint_current,20,0.6,0.0037852568777886337,0.003595657217270901,0.3986852247892464,1920
1060,0.04,broad,joint_current,21,0.64,0.0021967836707531105,0.002466580831504397,0.33304547687633745,1920
1060,0.04,broad,joint_current,22,0.65,0.006779310514014307,0.007067035789085105,0.46099572513333964,1944
1060,0.04,broad,joint_current,23,0.65,0.0010335280416645068,0.0013713863827692963,0.4016691798390777,1920
1060,0.04,broad,joint_current,24,0.65,0.004924123277082232,0.006003621352149164,0.5256288124968658,1920
1060,0.04,broad,joint_current,25,0.65,0.0003865506059681911,0.0005880436602686694,0.49432756801659516,1920
1060,0.04,broad,joint_current,26,0.65,0.0009398466143479193,0.001040767551293201,0.45336781075382554,1920
1060,0.04,broad,joint_current,27,0.65,0.0030868889014124073,0.002069408069953753,0.35479588045703636,1944
1060,0.04,broad,joint_current,28,0.65,0.0011393094080305553,0.005104886333203896,0.33723474185144364,1920
1060,0.04,broad,joint_current,29,0.65,0.008388025962312981,0.007167034750443249,0.4327945466730753,1920
1060,0.04,broad,joint_current_unpenalized,0,0.0,0.0,0.0,0.03463579751648611,1920
1060,0.04,broad,joint_current_unpenalized,1,0.0,0.00026700192557150605,0.00028626967915261915,0.037789182095275334,1920
1060,0.04,broad,joint_current_unpenalized,2,0.0,0.00014574934739179182,9.937201823780769e-05,0.1496133432966074,1920
1060,0.04,broad,joint_current_unpenalized,3,0.0,0.0009344396883014453,0.0012571794315001895,0.059957410117618085,1920
1060,0.04,broad,joint_current_unpenalized,4,0.0,0.000402410913203297,0.00043849208949736846,0.003404530720000772,1920
1060,0.04,broad,joint_current_unpenalized,5,0.0,0.00018914730311493294,0.00021178713116515435,0.018592751162499966,1920
1060,0.04,broad,joint_current_unpenalized,6,0.04,0.001260343273030052,0.0017721442839307255,0.04378254754976759,1920
1060,0.04,broad,joint_current_unpenalized,7,0.08,0.0028094285086483588,0.0027194234720873418,0.08778805205630882,1920
1060,0.04,broad,joint_current_unpenalized,8,0.12,0.0016582225590714011,0.0014170582713967286,0.11396645837463124,1920
1060,0.04,broad,joint_current_unpenalized,9,0.16,0.0014744957116224783,0.001545290032898094,0.18352961307723448,1920
1060,0.04,broad,joint_current_unpenalized,10,0.2,0.0011232492457147049,0.0013939639991747933,0.1834026775333887,1920
1060,0.04,broad,joint_current_unpenalized,11,0.24,0.0012194119715348368,0.0014370371262272942,0.2539974587931977,1920
1060,0.04,broad,joint_current_unpenalized,12,0.28,0.0010349061735886922,0.0008068920081782368,0.301187311533424,1920
1060,0.04,broad,joint_current_unpenalized,13,0.32,0.001716110348677832,0.0011449058533078448,0.2738282930370331,1920
1060,0.04,broad,joint_current_unpenalized,14,0.36,0.0010777106153785699,0.0013885369237123199,0.3780269703584087,1920
1060,0.04,broad,joint_current_unpenalized,15,0.4,0.0014299754821600087,0.0012871935265782502,0.35176947630997374,1920
1060,0.04,broad,joint_current_unpenalized,16,0.44,0.001625378589130657,0.0013291735378387708,0.4327371606013471,1920
1060,0.04,broad,joint_current_unpenalized,17,0.48,0.0006806556432762071,0.000640986948276407,0.5226323665727909,1920
1060,0.04,broad,joint_current_unpenalized,18,0.52,0.0010207276282238468,0.0009856398168547908,0.5012678211513869,1920
1060,0.04,broad,joint_current_unpenalized,19,0.56,0.0010554805598650787,0.0013740886966124694,0.5193351728345773,1920
1060,0.04,broad,joint_current_unpenalized,20,0.6,0.0018357258039366703,0.0017816606814128563,0.5887900204849238,1920
1060,0.04,broad,joint_current_unpenalized,21,0.64,0.0016944715666088472,0.0013077244281558267,0.5944471307528373,1920
1060,0.04,broad,joint_current_unpenalized,22,0.65,0.0008003579037189237,0.0007874528476223857,0.6950267239642408,1920
1060,0.04,broad,joint_current_unpenalized,23,0.65,0.00014447895785749384,0.00014604121518722713,0.6876030821189179,1920
1060,0.04,broad,joint_current_unpenalized,24,0.65,0.00018199370527236032,0.00026934445439777025,0.6254958551901866,1920
1060,0.04,broad,joint_current_unpenalized,25,0.65,0.0001783462591784051,0.00024676810676689434,0.6688406048328905,1920
1060,0.04,broad,joint_current_unpenalized,26,0.65,6.032196965641244e-05,8.639807714707148e-05,0.6609383783148409,1920
1060,0.04,broad,joint_current_unpenalized,27,0.65,0.000658588841862767,0.0003926416290287233,0.6670174995275153,1920
1060,0.04,broad,joint_current_unpenalized,28,0.65,9.418621310085338e-05,0.0001348831760818546,0.6404802823131879,1920
1060,0.04,broad,joint_current_unpenalized,29,0.65,0.0002021844621059065,0.0001944180227733492,0.6379955566301905,1920
1060,0.04,broad,joint_recent2,0,0.0,0.0,0.0,0.017489868174625035,1920
1060,0.04,broad,joint_recent2,1,0.0,0.0002621313807249515,0.0002842058940306631,0.020188183222298314,1920
1060,0.04,broad,joint_recent2,2,0.0,0.00014931214655999423,0.00011246296099862696,0.0064238858162691545,1920
1060,0.04,broad,joint_recent2,3,0.0,6.727647557338004e-05,5.234858410429505e-05,0.006972419211870774,1920
1060,0.04,broad,joint_recent2,4,0.0,9.032561616081763e-05,9.51429782616191e-05,0.01014380283835952,1920
1060,0.04,broad,joint_recent2,5,0.0,5.691362543347407e-05,6.151829876464097e-05,0.009177445294837994,1920
1060,0.04,broad,joint_recent2,6,0.04,0.0011881381822669808,0.0016083745930371653,0.027414745118885378,1920
1060,0.04,broad,joint_recent2,7,0.08,0.0040228360784883045,0.004303478278058746,0.05800068165498354,1920
1060,0.04,broad,joint_recent2,8,0.12,0.00394050916985237,0.003235909506042028,0.09366729648706254,1920
1060,0.04,broad,joint_recent2,9,0.16,0.002584082229108392,0.0028726137307822533,0.09690454031716712,1920
1060,0.04,broad,joint_recent2,10,0.2,0.002378526909922438,0.0033366302612328246,0.12346295096320367,1920
1060,0.04,broad,joint_recent2,11,0.24,0.0026228038858926617,0.003478251798710584,0.15014359576719452,1920
1060,0.04,broad,joint_recent2,12,0.28,0.004205994625103832,0.0030175009857769716,0.21163905358262705,1920
1060,0.04,broad,joint_recent2,13,0.32,0.0030027654379496636,0.0020592506035198607,0.225805276896343,1920
1060,0.04,broad,joint_recent2,14,0.36,0.0019234953687232853,0.002615326313649218,0.23060266909985835,1920
1060,0.04,broad,joint_recent2,15,0.4,0.0042399167659382215,0.0036311982551027323,0.2857116339818564,1920
1060,0.04,broad,joint_recent2,16,0.44,0.003105975811673692,0.0028321817638483487,0.31580492488158635,1920
1060,0.04,broad,joint_recent2,17,0.48,0.002601320702380313,0.0024736825469983703,0.33325828365434723,1920
1060,0.04,broad,joint_recent2,18,0.52,0.0033792347063385953,0.0024611742003143064,0.3399927684787878,1920
1060,0.04,broad,joint_recent2,19,0.56,0.002144024534759746,0.003028053555781854,0.37084053893987723,1920
1060,0.04,broad,joint_recent2,20,0.6,0.0052420108977307,0.004342622957543559,0.43794503895272235,1920
1060,0.04,broad,joint_recent2,21,0.64,0.005059807002566383,0.004043045130069896,0.3903831395289644,1920
1060,0.04,broad,joint_recent2,22,0.65,0.0029794671072591616,0.0029445946580837407,0.44052557882029114,1920
1060,0.04,broad,joint_recent2,23,0.65,0.001073532451215788,0.0016405140314329273,0.4702451526661838,1920
1060,0.04,broad,joint_recent2,24,0.65,0.0016283929014214592,0.001222451323395362,0.49412660695533406,1920
1060,0.04,broad,joint_recent2,25,0.65,0.0007466738042315812,0.0009752234633451588,0.5082643377235406,1920
1060,0.04,broad,joint_recent2,26,0.65,0.000695153705261418,0.0007789060373127638,0.4860070032278638,1920
1060,0.04,broad,joint_recent2,27,0.65,0.0017868947307046995,0.001269484020255167,0.4755438750979082,1920
1060,0.04,broad,joint_recent2,28,0.65,0.0010254389651077292,0.0011027334823507703,0.37957299493247004,1968
1060,0.04,broad,joint_recent2,29,0.65,0.004886998178752935,0.004146163470425209,0.42376087452500694,1920
1061,0.015,narrow,theta_current,0,0.0,0.0,0.0,0.0,1920
1061,0.015,narrow,theta_current,1,0.0,6.112248748003035e-06,0.006460545574120975,0.0,1920
1061,0.015,narrow,theta_current,2,0.0,2.084688804186716e-05,0.0006074583245231644,0.0,1920
1061,0.015,narrow,theta_current,3,0.0,3.109842437773466e-05,0.0022453836156746208,0.0,1920
1061,0.015,narrow,theta_current,4,0.0,4.8224385674205826e-05,0.06151447684428033,0.0,1920
1061,0.015,narrow,theta_current,5,0.0,0.00018545391975694804,0.029366525749834078,0.0,1920
1061,0.015,narrow,theta_current,6,0.015,9.63803993893649e-05,0.048761129308791645,0.0,1920
1061,0.015,narrow,theta_current,7,0.03,0.0001447259103826168,0.016088206778390256,0.0,1920
1061,0.015,narrow,theta_current,8,0.045,0.00020638822716134608,0.043741849361040364,0.0,1920
1061,0.015,narrow,theta_current,9,0.06,0.0001986050425556897,0.028961357151507803,0.0,1920
1061,0.015,narrow,theta_current,10,0.075,5.85129826444587e-05,0.009844214488343947,0.0,1920
1061,0.015,narrow,theta_current,11,0.09,5.142251127575466e-05,0.0345560916565904,0.0,1920
1061,0.015,narrow,theta_current,12,0.105,5.509523943916631e-05,0.02328917085616433,0.0,1920
1061,0.015,narrow,theta_current,13,0.12,4.342674142579074e-05,0.01343403449666824,0.0,1920
1061,0.015,narrow,theta_current,14,0.135,1.8735134176010088e-05,0.04662438092860216,0.0,1920
1061,0.015,narrow,theta_current,15,0.15,3.644647343223252e-05,0.026786227326924896,0.0,1920
1061,0.015,narrow,theta_current,16,0.16499999999999998,3.640482340065619e-05,0.02334592537149641,0.0,1920
1061,0.015,narrow,theta_current,17,0.18,0.00021598942550950045,0.0885865073184502,0.0,1920
1061,0.015,narrow,theta_current,18,0.195,0.00010964249471242264,0.057085144448281167,0.0,1920
1061,0.015,narrow,theta_current,19,0.21,8.072483542920732e-05,0.045227873748660746,0.0,1920
1061,0.015,narrow,theta_current,20,0.22499999999999998,0.00019867687771645234,0.04576859295573013,0.0,1920
1061,0.015,narrow,theta_current,21,0.24,3.610188046307625e-05,0.05882340865627203,0.0,1920
1061,0.015,narrow,theta_current,22,0.255,0.00013568475329572114,0.0898791669262595,0.0,1920
1061,0.015,narrow,theta_current,23,0.27,0.00018052932986875866,0.14780989659520752,0.0,1920
1061,0.015,narrow,theta_current,24,0.285,0.0001734707496342929,0.19272088600357415,0.0,1920
1061,0.015,narrow,theta_current,25,0.3,3.629817182964024e-05,0.08602918021154005,0.0,1920
1061,0.015,narrow,theta_current,26,0.315,0.00010571458956019232,0.08692815512786908,0.0,1920
1061,0.015,narrow,theta_current,27,0.32999999999999996,8.411030833286714e-05,0.09732702383957018,0.0,1920
1061,0.015,narrow,theta_current,28,0.345,0.00013547737232464426,0.13922743458037146,0.0,1920
1061,0.015,narrow,theta_current,29,0.36,0.0001301462791336634,0.11687497574236469,0.0,1920
1061,0.015,narrow,joint_current,0,0.0,0.0,0.0,0.00337530473949532,1920
1061,0.015,narrow,joint_current,1,0.0,6.089165610227222e-06,0.006482440071325966,0.00482281878463309,1920
1061,0.015,narrow,joint_current,2,0.0,2.103358268019295e-05,0.0005263451734822817,0.0029121125619256884,1920
1061,0.015,narrow,joint_current,3,0.0,3.1221852634457434e-05,0.0023309728745193577,0.0111705556579724,1920
1061,0.015,narrow,joint_current,4,0.0,4.902516877254186e-05,0.06049316877201824,0.0045687572546736326,1920
1061,0.015,narrow,joint_current,5,0.0,0.00018409765578667226,0.026592108406218666,0.0010489647761445676,1920
1061,0.015,narrow,joint_current,6,0.015,9.547637009857172e-05,0.04745181648761858,0.004336922442346875,1920
1061,0.015,narrow,joint_current,7,0.03,0.00014437508265727314,0.01521699745222245,0.004984518752042074,1920
1061,0.015,narrow,joint_current,8,0.045,0.00020730311816110172,0.04460312189942364,0.0039540200009706575,1920
1061,0.015,narrow,joint_current,9,0.06,0.00019731907653627902,0.027905828559465856,0.006832843341885997,1920
1061,0.015,narrow,joint_current,10,0.075,5.630020585002338e-05,0.009667638119126668,0.007072446560631708,1920
1061,0.015,narrow,joint_current,11,0.09,5.296860893147944e-05,0.03367604469567205,0.001615559406849724,1920
1061,0.015,narrow,joint_current,12,0.105,5.475429752941621e-05,0.02148839488145219,0.004104881867646176,1920
1061,0.015,narrow,joint_current,13,0.12,4.4167840757732815e-05,0.013609726984274559,0.006043110221096581,1920
1061,0.015,narrow,joint_current,14,0.135,1.8555203758088677e-05,0.04598297594161865,0.0029150401652097394,1920
1061,0.015,narrow,joint_current,15,0.15,3.644250488569058e-05,0.025380577560450576,0.002584153896465888,1920
1061,0.015,narrow,joint_current,16,0.16499999999999998,3.625151312302275e-05,0.023480372404416344,0.007584780168333675,1920
1061,0.015,narrow,joint_current,17,0.18,0.00021801209298445026,0.08723281177178188,0.0035479996204732037,1920
1061,0.015,narrow,joint_current,18,0.195,0.00010881334248773596,0.05416263071033376,0.002423346954332443,1920
1061,0.015,narrow,joint_current,19,0.21,8.000675750135935e-05,0.044604728396062956,0.0022196450888177775,1920
1061,0.015,narrow,joint_current,20,0.22499999999999998,0.00019861995491325226,0.046524989799692135,0.0018544044757880438,1920
1061,0.015,narrow,joint_current,21,0.24,3.588212771963222e-05,0.06029205901334317,0.007233889485042807,1920
1061,0.015,narrow,joint_current,22,0.255,0.00013888194966310197,0.08996328639453549,0.0025077244332943754,1920
1061,0.015,narrow,joint_current,23,0.27,0.00018073937695861774,0.14244788947528575,0.00230448869453548,1920
1061,0.015,narrow,joint_current,24,0.285,0.00017406971657070065,0.18520098196872342,0.010444550737625478,1920
1061,0.015,narrow,joint_current,25,0.3,3.547321795181193e-05,0.08679490232995256,0.0014958509885444136,1920
1061,0.015,narrow,joint_current,26,0.315,0.00011033371452953054,0.08886185548137288,0.0008691509188103617,1920
1061,0.015,narrow,joint_current,27,0.32999999999999996,8.403481444970612e-05,0.10056213500496364,0.003969058641925091,1920
1061,0.015,narrow,joint_current,28,0.345,0.0001352207915666036,0.14473525720425884,0.009285410922189099,1920
1061,0.015,narrow,joint_current,29,0.36,0.00012995122577337046,0.11916970405006948,0.0007685216484202979,1920
1061,0.015,narrow,joint_current_unpenalized,0,0.0,0.0,0.0,0.058667980349514766,1920
1061,0.015,narrow,joint_current_unpenalized,1,0.0,7.0307460108329e-06,0.013509905906177077,0.04979296576643939,1920
1061,0.015,narrow,joint_current_unpenalized,2,0.0,3.0429902705918654e-05,0.0033305026036862164,0.06295299535477655,1920
1061,0.015,narrow,joint_current_unpenalized,3,0.0,3.7564834327219605e-05,0.0062689585678144776,0.13853836638241543,1944
1061,0.015,narrow,joint_current_unpenalized,4,0.0,4.306892780517391e-05,0.03113787662884761,0.06885718178636925,1920
1061,0.015,narrow,joint_current_unpenalized,5,0.0,0.00017700940955692437,0.006608121428534728,0.1284931772955631,1920
1061,0.015,narrow,joint_current_unpenalized,6,0.015,9.540039249697875e-05,0.0345480458987886,0.05178585716599993,1920
1061,0.015,narrow,joint_current_unpenalized,7,0.03,0.0001404680407263108,0.006815131850115622,0.17209363184349288,1920
1061,0.015,narrow,joint_current_unpenalized,8,0.045,0.00022570245902807804,0.05686736081193629,0.06321661444586812,1920
1061,0.015,narrow,joint_current_unpenalized,9,0.06,0.0001842812988507055,0.015254777379784548,0.06596043268608609,1920
1061,0.015,narrow,joint_current_unpenalized,10,0.075,3.713132871915538e-05,0.02436857896312143,0.10113043992075287,1920
1061,0.015,narrow,joint_current_unpenalized,11,0.09,7.359110309336819e-05,0.08091353479152968,0.0631032358000337,1920
1061,0.015,narrow,joint_current_unpenalized,12,0.105,6.425893653412008e-05,0.02017773508849539,0.03399228264192601,1920
1061,0.015,narrow,joint_current_unpenalized,13,0.12,5.778444083429071e-05,0.010334393243620517,0.10381272309627623,1920
1061,0.015,narrow,joint_current_unpenalized,14,0.135,2.0103587122275148e-05,0.05985740113439183,0.08309302220304139,1920
1061,0.015,narrow,joint_current_unpenalized,15,0.15,3.785937722039859e-05,0.00860357530793326,0.12230681981259826,1920
1061,0.015,narrow,joint_current_unpenalized,16,0.16499999999999998,3.9186067193743524e-05,0.007524925899946414,0.14128550623312486,1920
1061,0.015,narrow,joint_current_unpenalized,17,0.18,0.0002252992898767094,0.1115010369499489,0.0928964619994909,1920
1061,0.015,narrow,joint_current_unpenalized,18,0.195,0.00011015341004632071,0.033030771616742303,0.12581295220973707,1920
1061,0.015,narrow,joint_current_unpenalized,19,0.21,7.890277796427437e-05,0.00956922477122234,0.09641702761223886,1920
1061,0.015,narrow,joint_current_unpenalized,20,0.22499999999999998,0.00020199429106985338,0.019779524316979605,0.0801077876021591,1920
1061,0.015,narrow,joint_current_unpenalized,21,0.24,3.819662099815015e-05,0.03844577606423378,0.09482102943671644,1944
1061,0.015,narrow,joint_current_unpenalized,22,0.255,9.15545451855853e-05,0.025309787106280682,0.1242559615168292,1920
1061,0.015,narrow,joint_current_unpenalized,23,0.27,0.0001673281986772341,0.1240149902085855,0.15356168334750075,1920
1061,0.015,narrow,joint_current_unpenalized,24,0.285,0.00016482181995102702,0.22112446408849876,0.10166285863152796,1920
1061,0.015,narrow,joint_current_unpenalized,25,0.3,4.620270060932408e-05,0.03582925365078073,0.10957574375264571,1920
1061,0.015,narrow,joint_current_unpenalized,26,0.315,9.108722972860333e-05,0.04051299985922061,0.10004611702911434,1920
1061,0.015,narrow,joint_current_unpenalized,27,0.32999999999999996,8.493878583093219e-05,0.05441224120835911,0.092962202098303,1920
1061,0.015,narrow,joint_current_unpenalized,28,0.345,0.00014368502200205296,0.1388293054011352,0.11515299529812313,1944
1061,0.015,narrow,joint_current_unpenalized,29,0.36,0.00014195385338424427,0.08174698443486628,0.18641584284564314,1920
1061,0.015,narrow,joint_recent2,0,0.0,0.0,0.0,0.00337530473949532,1920
1061,0.015,narrow,joint_recent2,1,0.0,6.089165610227222e-06,0.006482440071325966,0.0013981529113473354,1920
1061,0.015,narrow,joint_recent2,2,0.0,1.3054769802857715e-05,0.006476615994689065,0.006795161261037488,1920
1061,0.015,narrow,joint_recent2,3,0.0,1.8473770534486687e-05,0.0011310077557333425,0.01089851091650214,1920
1061,0.015,narrow,joint_recent2,4,0.0,2.6717316012211724e-05,0.006693667596213039,0.009377542800263218,1920
1061,0.015,narrow,joint_recent2,5,0.0,3.633236202880209e-05,0.02107997039212326,0.0005371303020380514,1920
1061,0.015,narrow,joint_recent2,6,0.015,3.508139360106939e-05,0.020526645211183955,0.003308780695188014,1920
1061,0.015,narrow,joint_recent2,7,0.03,0.0001505717517002993,0.017559265293407726,0.0012533340150888293,1920
1061,0.015,narrow,joint_recent2,8,0.045,0.0002732293413307405,0.019394863941005282,0.000985962203900842,1920
1061,0.015,narrow,joint_recent2,9,0.06,0.00016502089140438218,0.02169221170173403,0.00747393131078921,1920
1061,0.015,narrow,joint_recent2,10,0.075,0.00014498126530804875,0.012973164573256028,0.01114515705353631,1920
1061,0.015,narrow,joint_recent2,11,0.09,3.9033687367227234e-05,0.011333010234866466,0.005673879899403195,1920
1061,0.015,narrow,joint_recent2,12,0.105,7.240219414592932e-05,0.019605698098234016,0.0026425617041837836,1920
1061,0.015,narrow,joint_recent2,13,0.12,6.517729070706217e-05,0.016416587848473885,0.0051466049366408525,1920
1061,0.015,narrow,joint_recent2,14,0.135,9.190965810555607e-06,0.029226049906736128,0.003558949235556828,1920
1061,0.015,narrow,joint_recent2,15,0.15,1.233364255959723e-05,0.038406033027372596,0.004660126995537302,1920
1061,0.015,narrow,joint_recent2,16,0.16499999999999998,5.17842870491529e-05,0.029206228721841303,0.0031566615071879126,1920
1061,0.015,narrow,joint_recent2,17,0.18,0.00014361928272975158,0.038747374559632924,0.0030786948018780317,1920
1061,0.015,narrow,joint_recent2,18,0.195,8.841422404417964e-05,0.0535224049024466,0.003538409762963938,1920
1061,0.015,narrow,joint_recent2,19,0.21,7.283199649158255e-05,0.045812908038981436,0.0035766784012535224,1920
1061,0.015,narrow,joint_recent2,20,0.22499999999999998,0.00014919497835625832,0.04776507524404156,0.0017760846893457843,1920
1061,0.015,narrow,joint_recent2,21,0.24,7.754464148926632e-05,0.05277877449044618,0.0037459902724385936,1920
1061,0.015,narrow,joint_recent2,22,0.255,6.782235650178074e-05,0.06103861417957798,0.008374193069810047,1920
1061,0.015,narrow,joint_recent2,23,0.27,0.0001582300982094994,0.08988633159855766,0.009363938127140354,1920
1061,0.015,narrow,joint_recent2,24,0.285,0.00023947234627497683,0.1465348973918189,0.004789236354345127,1920
1061,0.015,narrow,joint_recent2,25,0.3,0.00015275581125038376,0.11158007273681084,0.011216999358087875,1920
1061,0.015,narrow,joint_recent2,26,0.315,7.361242972011522e-05,0.08448641138391172,0.005517211666065394,1920
1061,0.015,narrow,joint_recent2,27,0.32999999999999996,0.00023973226100810528,0.09389070305795476,0.0045484852934517,1920
1061,0.015,narrow,joint_recent2,28,0.345,0.00019820186724011,0.10608711776913658,0.0017980988239631006,1920
1061,0.015,narrow,joint_recent2,29,0.36,0.00020467256129002673,0.10497099170364999,0.0077119172948599,1920
1061,0.015,broad,theta_current,0,0.0,0.0,0.0,0.0,1992
1061,0.015,broad,theta_current,1,0.0,2.552744016087161e-05,2.8814976067185717e-05,0.0,1992
1061,0.015,broad,theta_current,2,0.0,0.00024136937767794034,0.00023143606381588694,0.0,1920
1061,0.015,broad,theta_current,3,0.0,2.936009292399473e-05,5.4385972852846006e-05,0.0,1920
1061,0.015,broad,theta_current,4,0.0,7.003043844572754e-05,7.461687913531455e-05,0.0,1920
1061,0.015,broad,theta_current,5,0.0,0.00025867606764936235,0.0002739948611896511,0.0,1920
1061,0.015,broad,theta_current,6,0.015,0.0003024109669770913,0.0002480705639085784,0.0,1920
1061,0.015,broad,theta_current,7,0.03,0.0002367975609063616,0.00026365528492740183,0.0,1992
1061,0.015,broad,theta_current,8,0.045,0.0005267520692103053,0.00046483807973684286,0.0,1992
1061,0.015,broad,theta_current,9,0.06,0.0009752137549105602,0.0008367212265778003,0.0,1920
1061,0.015,broad,theta_current,10,0.075,0.0012292391388466551,0.0011484610846172888,0.0,1992
1061,0.015,broad,theta_current,11,0.09,0.0015497229903611513,0.0014057890959863534,0.0,1920
1061,0.015,broad,theta_current,12,0.105,0.002650717228799834,0.0021834470403697035,0.0,1920
1061,0.015,broad,theta_current,13,0.12,0.003020841009398041,0.002875562218498888,0.0,1920
1061,0.015,broad,theta_current,14,0.135,0.006152180986016144,0.00392390198258868,0.0,1920
1061,0.015,broad,theta_current,15,0.15,0.0061904166502239006,0.004840274976306975,0.0,1920
1061,0.015,broad,theta_current,16,0.16499999999999998,0.007271323052327405,0.005650801859337496,0.0,1920
1061,0.015,broad,theta_current,17,0.18,0.007724127982555399,0.006846611603671983,0.0,1920
1061,0.015,broad,theta_current,18,0.195,0.007633624023118031,0.007425301017222389,0.0,1920
1061,0.015,broad,theta_current,19,0.21,0.007678422191635559,0.008534646306072657,0.0,1920
1061,0.015,broad,theta_current,20,0.22499999999999998,0.012390668162430674,0.0099693675085281,0.0,1920
1061,0.015,broad,theta_current,21,0.24,0.007224975484295408,0.012214610381168032,0.0,1920
1061,0.015,broad,theta_current,22,0.255,0.01279465943382215,0.015156606893529493,0.0,1920
1061,0.015,broad,theta_current,23,0.27,0.011247224572823228,0.014830863903126596,0.0,1920
1061,0.015,broad,theta_current,24,0.285,0.015380337996384287,0.013976999178583652,0.0,1920
1061,0.015,broad,theta_current,25,0.3,0.006060580397698814,0.015790346004039238,0.0,1920
1061,0.015,broad,theta_current,26,0.315,0.0449385677883794,0.026184099008908567,0.0,1920
1061,0.015,broad,theta_current,27,0.32999999999999996,0.021336060332015464,0.024358477462023374,0.0,1920
1061,0.015,broad,theta_current,28,0.345,0.02206921016878138,0.018773958719858038,0.0,1920
1061,0.015,broad,theta_current,29,0.36,0.02040763312183574,0.026210847012602255,0.0,1920
1061,0.015,broad,joint_current,0,0.0,0.0,0.0,0.00250891162132984,1920
1061,0.015,broad,joint_current,1,0.0,2.5644628387967485e-05,3.0067672011216587e-05,0.02476022966130161,1920
1061,0.015,broad,joint_current,2,0.0,0.00041531449284301923,0.0005980844316092754,0.03478802251073098,1920
1061,0.015,broad,joint_current,3,0.0,0.000268824976639369,0.0002623768911285489,0.0368216815473471,1920
1061,0.015,broad,joint_current,4,0.0,0.00028997086797471095,0.0004910303383023654,0.011553902515439968,1920
1061,0.015,broad,joint_current,5,0.0,0.0003312448361512048,0.00033687386338068694,0.023194588433534342,1920
1061,0.015,broad,joint_current,6,0.015,0.0003113486470147029,0.00030116805771097965,0.026597385489416273,1920
1061,0.015,broad,joint_current,7,0.03,0.00026128602413940446,0.000236019961181478,0.013160038160262582,1920
1061,0.015,broad,joint_current,8,0.045,0.00041780803423600594,0.00033918369785932746,0.04904403167586797,1920
1061,0.015,broad,joint_current,9,0.06,0.0008285482719657887,0.000784522262930443,0.03205017203840652,1920
1061,0.015,broad,joint_current,10,0.075,0.0004396474080193633,0.0003960479339987522,0.0587898787902215,1920
1061,0.015,broad,joint_current,11,0.09,0.0003749143269172563,0.0003006144834738828,0.08304817300662276,1920
1061,0.015,broad,joint_current,12,0.105,0.0003523560806500932,0.0003716975274414866,0.09867951825382576,1920
1061,0.015,broad,joint_current,13,0.12,0.00038580905180997887,0.0004116127135028965,0.09948334137038055,1920
1061,0.015,broad,joint_current,14,0.135,0.0003760503621137304,0.00039763755527421295,0.12360364875127597,1920
1061,0.015,broad,joint_current,15,0.15,0.0006313116762152915,0.0005047577224133997,0.11963056799603236,1920
1061,0.015,broad,joint_current,16,0.16499999999999998,0.0010019667437631199,0.0007732574702083101,0.15948417267542378,1920
1061,0.015,broad,joint_current,17,0.18,0.0009633612953517138,0.0009351981146797057,0.16097050650145325,1920
1061,0.015,broad,joint_current,18,0.195,0.0008043838955336897,0.0008128079137617329,0.1656634707091722,1920
1061,0.015,broad,joint_current,19,0.21,0.000581354812625683,0.0005464798980594745,0.1872344989896453,1920
1061,0.015,broad,joint_current,20,0.22499999999999998,0.0006630280303216504,0.0006170206862197808,0.21575920102430263,1920
1061,0.015,broad,joint_current,21,0.24,9.701101397575466e-05,0.00020936122230321902,0.1981124835795697,1920
1061,0.015,broad,joint_current,22,0.255,0.0013879842513246402,0.0009152369660696553,0.23729497905235275,1920
1061,0.015,broad,joint_current,23,0.27,0.0006770647485821197,0.0006176460871178674,0.22230457642617707,1920
1061,0.015,broad,joint_current,24,0.285,0.0009465536309752604,0.0009695194311202274,0.28450395396173206,1920
1061,0.015,broad,joint_current,25,0.3,5.414831096814038e-05,0.00025120523581019993,0.1348155656156707,1920
1061,0.015,broad,joint_current,26,0.315,0.03510646802542287,0.02831882222374623,0.27301763250112326,1920
1061,0.015,broad,joint_current,27,0.32999999999999996,0.0005516206716274317,0.0009898448327443452,0.28505457299454534,1920
1061,0.015,broad,joint_current,28,0.345,0.0005302836719386411,0.0007115853616255995,0.2899783377690699,1920
1061,0.015,broad,joint_current,29,0.36,0.0017565035571248163,0.0017706508490713982,0.28005053185845885,1920
1061,0.015,broad,joint_current_unpenalized,0,0.0,0.0,0.0,0.0028177602592231532,1920
1061,0.015,broad,joint_current_unpenalized,1,0.0,2.5759034357516935e-05,3.053529812642648e-05,0.029559268766196082,1920
1061,0.015,broad,joint_current_unpenalized,2,0.0,0.00045381466777687446,0.000670054554737901,0.04437855278135105,1920
1061,0.015,broad,joint_current_unpenalized,3,0.0,0.0004156184737692654,0.00037438789604953937,0.05174893038437164,1920
1061,0.015,broad,joint_current_unpenalized,4,0.0,0.0004564598069555299,0.0009354385018907779,0.01232961422450152,1920
1061,0.015,broad,joint_current_unpenalized,5,0.0,0.00033637695994456,0.0003415040573537005,0.029612683597871486,1920
1061,0.015,broad,joint_current_unpenalized,6,0.015,0.00036722022529735876,0.00033896194208003137,0.030406285092809515,1920
1061,0.015,broad,joint_current_unpenalized,7,0.03,0.0002932003874233608,0.0002527504064848039,0.014174384775464972,1920
1061,0.015,broad,joint_current_unpenalized,8,0.045,0.00040979807218893,0.0003316989319044097,0.05573952533981779,1920
1061,0.015,broad,joint_current_unpenalized,9,0.06,0.0008408559506055753,0.0008161229996507674,0.04678636328125468,1920
1061,0.015,broad,joint_current_unpenalized,10,0.075,0.0002210601642553509,0.00023610546613993112,0.06312386510850505,1920
1061,0.015,broad,joint_current_unpenalized,11,0.09,0.0003479826170247728,0.0002760728980372582,0.09142394201224954,1920
1061,0.015,broad,joint_current_unpenalized,12,0.105,0.00033154479179226215,0.0003293773484072189,0.10969222336416556,1920
1061,0.015,broad,joint_current_unpenalized,13,0.12,0.0002930403908696398,0.0003427573931780425,0.13579346165520376,1920
1061,0.015,broad,joint_current_unpenalized,14,0.135,0.000698994758414476,0.00048447233069357604,0.13899667447507308,1920
1061,0.015,broad,joint_current_unpenalized,15,0.15,0.000666917587754525,0.0005250970900001737,0.1362014221207562,1920
1061,0.015,broad,joint_current_unpenalized,16,0.16499999999999998,0.0006947507501883222,0.000531425593834309,0.1799428913855542,1920
1061,0.015,broad,joint_current_unpenalized,17,0.18,0.0010871911762191518,0.0009559028018426362,0.17587230084686328,1920
1061,0.015,broad,joint_current_unpenalized,18,0.195,0.0007021507685148019,0.000701315091058958,0.1910583625412118,1920
1061,0.015,broad,joint_current_unpenalized,19,0.21,0.00028086188206292843,0.00025116608107440065,0.20499969562929002,1920
1061,0.015,broad,joint_current_unpenalized,20,0.22499999999999998,0.0004563790032415281,0.00046305148563165774,0.2500717307044851,1920
1061,0.015,broad,joint_current_unpenalized,21,0.24,0.00011366793648279884,0.00013521935409836278,0.23211132672818596,1920
1061,0.015,broad,joint_current_unpenalized,22,0.255,0.0007146460180012035,0.0004722947704083792,0.265476681534561,1920
1061,0.015,broad,joint_current_unpenalized,23,0.27,0.0007660965091600297,0.000660369876264211,0.24737213374082287,1920
1061,0.015,broad,joint_current_unpenalized,24,0.285,0.0005117073865125883,0.0005750526970986084,0.3103544134977303,1920
1061,0.015,broad,joint_current_unpenalized,25,0.3,5.6591885487776156e-05,0.00027118414587572545,0.3715252376333169,1920
1061,0.015,broad,joint_current_unpenalized,26,0.315,0.00380867764863484,0.003384836457919549,0.32692865969344453,1920
1061,0.015,broad,joint_current_unpenalized,27,0.32999999999999996,0.0011241460473887,0.0008891780891841594,0.3140923067810186,1920
1061,0.015,broad,joint_current_unpenalized,28,0.345,0.0002510403872517603,0.0002972578774400828,0.37251044827269136,1920
1061,0.015,broad,joint_current_unpenalized,29,0.36,0.0003959813107713682,0.0007198402243644237,0.3607616808983096,1920
1061,0.015,broad,joint_recent2,0,0.0,0.0,0.0,0.00250891162132984,1920
1061,0.015,broad,joint_recent2,1,0.0,2.5644628387967485e-05,3.0067672011216587e-05,0.010380933501572355,1920
1061,0.015,broad,joint_recent2,2,0.0,4.21673605013514e-05,5.955690375980221e-05,0.0201276244906445,1920
1061,0.015,broad,joint_recent2,3,0.0,0.00015735710421442098,0.00023553506217119412,0.013446044731867335,1920
1061,0.015,broad,joint_recent2,4,0.0,9.067531651671392e-05,8.5900279027584e-05,0.010775753250165835,1920
1061,0.015,broad,joint_recent2,5,0.0,0.00015169129478665187,0.00013454160965760786,0.011367928578731435,1920
1061,0.015,broad,joint_recent2,6,0.015,0.0002557848639876432,0.0003625582861462108,0.012381193822324043,1920
1061,0.015,broad,joint_recent2,7,0.03,0.0005024779923885292,0.0004688231140432433,0.01652342740756311,1920
1061,0.015,broad,joint_recent2,8,0.045,0.0003943395569511688,0.00037590416063728005,0.02860469968744763,1920
1061,0.015,broad,joint_recent2,9,0.06,0.0008940085539270275,0.0006100820640821572,0.049031950613542694,1920
1061,0.015,broad,joint_recent2,10,0.075,0.0003778609031613917,0.0003989401145812611,0.04952308541563678,1920
1061,0.015,broad,joint_recent2,11,0.09,0.0006354914555408506,0.0005090386483134485,0.07092605516416414,1920
1061,0.015,broad,joint_recent2,12,0.105,0.00037143928246146664,0.0004646204430327923,0.09097789521004324,1920
1061,0.015,broad,joint_recent2,13,0.12,0.0004948548930639023,0.0005322633267762992,0.11201244698390421,1920
1061,0.015,broad,joint_recent2,14,0.135,0.000737405578003479,0.0005787739195132981,0.11151847052543276,1920
1061,0.015,broad,joint_recent2,15,0.15,0.0005275809206891878,0.0005887022650204496,0.12630066259225892,1920
1061,0.015,broad,joint_recent2,16,0.16499999999999998,0.0006843037447432934,0.0006244483998349816,0.1500560739965127,1920
1061,0.015,broad,joint_recent2,17,0.18,0.0008513513586014019,0.0008783876236533822,0.15826882243876997,1920
1061,0.015,broad,joint_recent2,18,0.195,0.0009451874802453465,0.0010045832820052044,0.17055981462033326,1920
1061,0.015,broad,joint_recent2,19,0.21,0.000616648345193863,0.0006410212718555687,0.18278355128134005,1920
1061,0.015,broad,joint_recent2,20,0.22499999999999998,0.0007220851126629194,0.0007548994007592522,0.20928609646472712,1920
1061,0.015,broad,joint_recent2,21,0.24,0.0004140644705224544,0.000531040316933529,0.20805361810547007,1920
1061,0.015,broad,joint_recent2,22,0.255,0.00117844590608035,0.0007791449924490331,0.22195340350583517,1920
1061,0.015,broad,joint_recent2,23,0.27,0.0008176967865435935,0.0008728407442271332,0.23053748346231964,1920
1061,0.015,broad,joint_recent2,24,0.285,0.0009385760536098904,0.00098526150448052,0.2590449249887571,1920
1061,0.015,broad,joint_recent2,25,0.3,0.0001702261717123016,0.0006535826135489243,0.2721612639048307,1920
1061,0.015,broad,joint_recent2,26,0.315,0.000938250336451479,0.0008171785531484074,0.270554825996799,1920
1061,0.015,broad,joint_recent2,27,0.32999999999999996,0.000569846123112447,0.0010329539037965327,0.27893341705216845,1920
1061,0.015,broad,joint_recent2,28,0.345,0.0008171330320321181,0.0010182518990482147,0.2979789610312684,1920
1061,0.015,broad,joint_recent2,29,0.36,0.0005302652231173494,0.000830641217185375,0.3158741135519705,1920
1061,0.04,narrow,theta_current,0,0.0,0.0,0.0,0.0,1920
1061,0.04,narrow,theta_current,1,0.0,6.112248748003035e-06,0.006460545574120975,0.0,1920
1061,0.04,narrow,theta_current,2,0.0,2.084688804186716e-05,0.0006074583245231644,0.0,1920
1061,0.04,narrow,theta_current,3,0.0,3.109842437773466e-05,0.0022453836156746208,0.0,1920
1061,0.04,narrow,theta_current,4,0.0,4.8224385674205826e-05,0.06151447684428033,0.0,1920
1061,0.04,narrow,theta_current,5,0.0,0.00018545391975694804,0.029366525749834078,0.0,1920
1061,0.04,narrow,theta_current,6,0.04,0.0003998924083409309,0.047801725973680216,0.0,1920
1061,0.04,narrow,theta_current,7,0.08,0.00046879183478798107,0.018211021459731636,0.0,1920
1061,0.04,narrow,theta_current,8,0.12,0.0004001713297035442,0.04944937207744558,0.0,1920
1061,0.04,narrow,theta_current,9,0.16,0.0005380547540215574,0.046437952268260224,0.0,1920
1061,0.04,narrow,theta_current,10,0.2,7.229867749864123e-05,0.047840355133318566,0.0,1920
1061,0.04,narrow,theta_current,11,0.24,0.00026514093920280507,0.0902711958404018,0.0,1920
1061,0.04,narrow,theta_current,12,0.28,0.0003831832672038342,0.08444899637587881,0.0,1920
1061,0.04,narrow,theta_current,13,0.32,0.00043339219574870837,0.08287324227164944,0.0,1920
1061,0.04,narrow,theta_current,14,0.36,0.0011295138062940252,0.12391360679907915,0.0,1920
1061,0.04,narrow,theta_current,15,0.4,0.0008852147386827276,0.1060202770255725,0.0,1920
1061,0.04,narrow,theta_current,16,0.44,0.0014881198564713994,0.1115527513242369,0.0,1920
1061,0.04,narrow,theta_current,17,0.48,0.002069926086720709,0.14241039833351224,0.0,1920
1061,0.04,narrow,theta_current,18,0.52,0.003095668518879446,0.1050267096128065,0.0,1920
1061,0.04,narrow,theta_current,19,0.56,0.0023825043026158054,0.12185134128360277,0.0,1920
1061,0.04,narrow,theta_current,20,0.6,0.003542694782957262,0.1262423589250012,0.0,1920
1061,0.04,narrow,theta_current,21,0.64,0.002528394483668473,0.17465856782857053,0.0,1920
1061,0.04,narrow,theta_current,22,0.65,0.0001798039151784203,0.09757263345427895,0.0,1920
1061,0.04,narrow,theta_current,23,0.65,9.339175508528136e-05,0.09599950121958907,0.0,1920
1061,0.04,narrow,theta_current,24,0.65,0.00012612146847940803,0.11379064947379902,0.0,1944
1061,0.04,narrow,theta_current,25,0.65,8.266363784574151e-05,0.09801517782785085,0.0,1920
1061,0.04,narrow,theta_current,26,0.65,0.0004968450062344155,0.08563937409492589,0.0,1920
1061,0.04,narrow,theta_current,27,0.65,3.891969361735061e-05,0.12392549991602042,0.0,1920
1061,0.04,narrow,theta_current,28,0.65,9.472028134986685e-05,0.23876109717711064,0.0,1920
1061,0.04,narrow,theta_current,29,0.65,5.6703422705205036e-05,0.0909641511694726,0.0,1920
1061,0.04,narrow,joint_current,0,0.0,0.0,0.0,0.00337530473949532,1920
1061,0.04,narrow,joint_current,1,0.0,6.089165610227222e-06,0.006482440071325966,0.00482281878463309,1920
1061,0.04,narrow,joint_current,2,0.0,2.103358268019295e-05,0.0005263451734822817,0.0029121125619256884,1920
1061,0.04,narrow,joint_current,3,0.0,3.1221852634457434e-05,0.0023309728745193577,0.0111705556579724,1920
1061,0.04,narrow,joint_current,4,0.0,4.902516877254186e-05,0.06049316877201824,0.0045687572546736326,1920
1061,0.04,narrow,joint_current,5,0.0,0.00018409765578667226,0.026592108406218666,0.0010489647761445676,1920
1061,0.04,narrow,joint_current,6,0.04,0.0003988441242380499,0.046607812837973966,0.004843695936792012,1920
1061,0.04,narrow,joint_current,7,0.08,0.0004687626175688806,0.017426237246204374,0.004388213924465795,1920
1061,0.04,narrow,joint_current,8,0.12,0.0004010406705639714,0.05066026525600788,0.004776330258657444,1920
1061,0.04,narrow,joint_current,9,0.16,0.000535576439924583,0.04579432107976904,0.006779512261273841,1920
1061,0.04,narrow,joint_current,10,0.2,7.266725429189769e-05,0.048363113332692775,0.006499739842079274,1920
1061,0.04,narrow,joint_current,11,0.24,0.000264908783073585,0.08916474783987563,0.0014275977241836103,1920
1061,0.04,narrow,joint_current,12,0.28,0.0003836956072111967,0.08249702233122054,0.003274077853682151,1920
1061,0.04,narrow,joint_current,13,0.32,0.00043315074542290703,0.08316151871415016,0.005101515055824885,1920
1061,0.04,narrow,joint_current,14,0.36,0.0011228466408108359,0.12373080198480227,0.00310154222587356,1920
1061,0.04,narrow,joint_current,15,0.4,0.000884599649910881,0.10583890284170935,0.0017963907603075785,1920
1061,0.04,narrow,joint_current,16,0.44,0.0014893755369124843,0.11322154764562815,0.006417682262225046,1920
1061,0.04,narrow,joint_current,17,0.48,0.002059279400879119,0.14220999814309243,0.0038281373737370688,1920
1061,0.04,narrow,joint_current,18,0.52,0.003091463440334627,0.10600189903258912,0.0025318017188527943,1920
1061,0.04,narrow,joint_current,19,0.56,0.0023828684823314784,0.12499759858977763,0.0015659686080414532,1920
1061,0.04,narrow,joint_current,20,0.6,0.003541150996876663,0.1301948695276074,0.0023637011685358725,1920
1061,0.04,narrow,joint_current,21,0.64,0.002530985906191376,0.17966305451876038,0.006998401667081604,1920
1061,0.04,narrow,joint_current,22,0.65,0.00017628884005515763,0.09954541423761948,0.001779586527139633,1920
1061,0.04,narrow,joint_current,23,0.65,9.357762779398272e-05,0.09625702543585936,0.002006982739729989,1920
1061,0.04,narrow,joint_current,24,0.65,0.0001264193203905572,0.1120986388636616,0.026361468819381215,1944
1061,0.04,narrow,joint_current,25,0.65,7.120886727960246e-05,0.10345880442436337,0.003269013148981488,1920
1061,0.04,narrow,joint_current,26,0.65,0.000486060993020451,0.0913767003048309,0.0034064186763837507,1920
1061,0.04,narrow,joint_current,27,0.65,3.946430452519192e-05,0.13181756445862308,0.005341078950031659,1920
1061,0.04,narrow,joint_current,28,0.65,9.473640470651495e-05,0.24779696795638434,0.018835673048590892,1944
1061,0.04,narrow,joint_current,29,0.65,4.957493009090518e-05,0.16599156306126356,0.004320475576836982,1920
1061,0.04,narrow,joint_current_unpenalized,0,0.0,0.0,0.0,0.058667980349514766,1920
1061,0.04,narrow,joint_current_unpenalized,1,0.0,7.0307460108329e-06,0.013509905906177077,0.04979296576643939,1920
1061,0.04,narrow,joint_current_unpenalized,2,0.0,3.0429902705918654e-05,0.0033305026036862164,0.06295299535477655,1920
1061,0.04,narrow,joint_current_unpenalized,3,0.0,3.7564834327219605e-05,0.0062689585678144776,0.13853836638241543,1944
1061,0.04,narrow,joint_current_unpenalized,4,0.0,4.306892780517391e-05,0.03113787662884761,0.06885718178636925,1920
1061,0.04,narrow,joint_current_unpenalized,5,0.0,0.00017700940955692437,0.006608121428534728,0.1284931772955631,1920
1061,0.04,narrow,joint_current_unpenalized,6,0.04,0.00039667886745882913,0.03678306303095831,0.04517300593697738,1920
1061,0.04,narrow,joint_current_unpenalized,7,0.08,0.00046514195444012754,0.013985825639008104,0.1531659245183864,1920
1061,0.04,narrow,joint_current_unpenalized,8,0.12,0.0004155635805120908,0.06524091119922423,0.050303061603165965,1920
1061,0.04,narrow,joint_current_unpenalized,9,0.16,0.0005078319018479879,0.03724096133781332,0.07402869424869096,1920
1061,0.04,narrow,joint_current_unpenalized,10,0.2,8.126863303579835e-05,0.06283119262898676,0.1083358509491134,1920
1061,0.04,narrow,joint_current_unpenalized,11,0.24,0.0002703471025064521,0.12738879229895028,0.1001571036018541,1920
1061,0.04,narrow,joint_current_unpenalized,12,0.28,0.00036253405756260716,0.05911278561572247,0.07850458909117362,1920
1061,0.04,narrow,joint_current_unpenalized,13,0.32,0.0004233794491084672,0.04681611791593551,0.13948495701647912,1920
1061,0.04,narrow,joint_current_unpenalized,14,0.36,0.00110889772004718,0.08855142170196006,0.15245090949414927,1920
1061,0.04,narrow,joint_current_unpenalized,15,0.4,0.0008725670572898225,0.04222918139928885,0.21201458247506624,1920
1061,0.04,narrow,joint_current_unpenalized,16,0.44,0.0014124071725287706,0.043359738838753895,0.19223824467323136,1920
1061,0.04,narrow,joint_current_unpenalized,17,0.48,0.0018747144755363147,0.07549697589281379,0.18028697307309977,1920
1061,0.04,narrow,joint_current_unpenalized,18,0.52,0.003080693079655243,0.047261239288822574,0.23147646861707075,1920
1061,0.04,narrow,joint_current_unpenalized,19,0.56,0.002371521653789976,0.08305711810090419,0.20540249483829157,1920
1061,0.04,narrow,joint_current_unpenalized,20,0.6,0.003559950138003124,0.16434059362658263,0.1962404748869187,1920
1061,0.04,narrow,joint_current_unpenalized,21,0.64,0.002542269550780642,0.2714883271585721,0.2610312612149914,1920
1061,0.04,narrow,joint_current_unpenalized,22,0.65,0.00015473635895047266,0.1139334457392509,0.23678555029257978,1920
1061,0.04,narrow,joint_current_unpenalized,23,0.65,8.339310690505258e-05,0.07915545630631171,0.23229772410109736,1920
1061,0.04,narrow,joint_current_unpenalized,24,0.65,0.00011162499891147432,0.07117968037723607,0.20055817643177698,1920
1061,0.04,narrow,joint_current_unpenalized,25,0.65,9.222893505479937e-06,0.2269373453094646,0.19887841477825313,1920
1061,0.04,narrow,joint_current_unpenalized,26,0.65,0.00015927388072281353,0.2705736510299841,0.18550884576943433,1920
1061,0.04,narrow,joint_current_unpenalized,27,0.65,4.344671317548641e-05,0.27839769445825213,0.1929359723670036,1920
1061,0.04,narrow,joint_current_unpenalized,28,0.65,0.00010782787354199565,0.42143969726865305,0.19121641293135436,1944
1061,0.04,narrow,joint_current_unpenalized,29,0.65,4.638652419624047e-05,0.3232266457010659,0.2483917385881983,1920
1061,0.04,narrow,joint_recent2,0,0.0,0.0,0.0,0.00337530473949532,1920
1061,0.04,narrow,joint_recent2,1,0.0,6.089165610227222e-06,0.006482440071325966,0.0013981529113473354,1920
1061,0.04,narrow,joint_recent2,2,0.0,1.3054769802857715e-05,0.006476615994689065,0.006795161261037488,1920
1061,0.04,narrow,joint_recent2,3,0.0,1.8473770534486687e-05,0.0011310077557333425,0.01089851091650214,1920
1061,0.04,narrow,joint_recent2,4,0.0,2.6717316012211724e-05,0.006693667596213039,0.009377542800263218,1920
1061,0.04,narrow,joint_recent2,5,0.0,3.633236202880209e-05,0.02107997039212326,0.0005371303020380514,1920
1061,0.04,narrow,joint_recent2,6,0.04,0.00029891772842530494,0.02022217738109964,0.004396018313754144,1920
1061,0.04,narrow,joint_recent2,7,0.08,0.0007318897193326236,0.018141143174740117,0.0013436667736953273,1920
1061,0.04,narrow,joint_recent2,8,0.12,0.000760926586509654,0.02831799435652051,0.0011824197006224323,1920
1061,0.04,narrow,joint_recent2,9,0.16,0.0005949400512866778,0.04008826536895066,0.010066506246395402,1920
1061,0.04,narrow,joint_recent2,10,0.2,0.0002774480084563622,0.04423433839075663,0.009011958880883185,1920
1061,0.04,narrow,joint_recent2,11,0.24,0.0004285797626087786,0.060215344016025005,0.007998477993689461,1920
1061,0.04,narrow,joint_recent2,12,0.28,0.0008253072636436016,0.08596021116566566,0.002318783941199482,1920
1061,0.04,narrow,joint_recent2,13,0.32,0.0009566588135696642,0.09726417326837099,0.004249269071123567,1920
1061,0.04,narrow,joint_recent2,14,0.36,0.002175625394610359,0.10089951801013952,0.009174354514287043,1920
1061,0.04,narrow,joint_recent2,15,0.4,0.0022920974288406105,0.1298654115971971,0.004580193906017965,1920
1061,0.04,narrow,joint_recent2,16,0.44,0.002882817935482699,0.11673334191092524,0.003931968294573652,1920
1061,0.04,narrow,joint_recent2,17,0.48,0.004270040349468357,0.11747788686631928,0.0027433259210446026,1920
1061,0.04,narrow,joint_recent2,18,0.52,0.005154757994878328,0.11664305239311101,0.0037265667636601652,1920
1061,0.04,narrow,joint_recent2,19,0.56,0.005698037267199141,0.11303865339418712,0.006458165163885027,1920
1061,0.04,narrow,joint_recent2,20,0.6,0.006388624258028865,0.11935703488009244,0.006209969950459425,1920
1061,0.04,narrow,joint_recent2,21,0.64,0.007104533023430189,0.15033171910686394,0.007013900551015599,1920
1061,0.04,narrow,joint_recent2,22,0.65,0.0014881530063970965,0.13350418474052206,0.009806547709636576,1920
1061,0.04,narrow,joint_recent2,23,0.65,6.824942076355562e-05,0.09209129383277606,0.00755857567628695,1920
1061,0.04,narrow,joint_recent2,24,0.65,8.287004783742067e-05,0.09656381625423498,0.005269189198599462,1920
1061,0.04,narrow,joint_recent2,25,0.65,6.02614291218558e-05,0.09840988391118574,0.012620289043632058,1920
1061,0.04,narrow,joint_recent2,26,0.65,1.8184060395780297e-05,0.13776939302803567,0.0061655137814170405,1920
1061,0.04,narrow,joint_recent2,27,0.65,2.2140156855059314e-05,0.17323426013418003,0.004118668092192157,1920
1061,0.04,narrow,joint_recent2,28,0.65,5.451575985515656e-05,0.19920034926685296,0.004172828624575137,1920
1061,0.04,narrow,joint_recent2,29,0.65,2.047522376941173e-05,0.15893943403354646,0.0065350561741119965,1920
1061,0.04,broad,theta_current,0,0.0,0.0,0.0,0.0,1992
1061,0.04,broad,theta_current,1,0.0,2.552744016087161e-05,2.8814976067185717e-05,0.0,1992
1061,0.04,broad,theta_current,2,0.0,0.00024136937767794034,0.00023143606381588694,0.0,1920
1061,0.04,broad,theta_current,3,0.0,2.936009292399473e-05,5.4385972852846006e-05,0.0,1920
1061,0.04,broad,theta_current,4,0.0,7.003043844572754e-05,7.461687913531455e-05,0.0,1920
1061,0.04,broad,theta_current,5,0.0,0.00025867606764936235,0.0002739948611896511,0.0,1920
1061,0.04,broad,theta_current,6,0.04,0.0009745691228609518,0.0013129763535955105,0.0,1920
1061,0.04,broad,theta_current,7,0.08,0.002507609718761418,0.0018716671098561086,0.0,1920
1061,0.04,broad,theta_current,8,0.12,0.0038092779320578266,0.0030067629272723146,0.0,1920
1061,0.04,broad,theta_current,9,0.16,0.005954247463674567,0.004805773610531406,0.0,1920
1061,0.04,broad,theta_current,10,0.2,0.008375679732134574,0.00887080286945122,0.0,1920
1061,0.04,broad,theta_current,11,0.24,0.011458770257184772,0.010793133521217293,0.0,1920
1061,0.04,broad,theta_current,12,0.28,0.013796167371474983,0.014502459196890295,0.0,1920
1061,0.04,broad,theta_current,13,0.32,0.01765302124252845,0.02130370832494527,0.0,1920
1061,0.04,broad,theta_current,14,0.36,0.016717922164721424,0.02372674674629533,0.0,1920
1061,0.04,broad,theta_current,15,0.4,0.023672466427705704,0.028529626480057697,0.0,1920
1061,0.04,broad,theta_current,16,0.44,0.10448983426605672,0.04788292900653591,0.0,1920
1061,0.04,broad,theta_current,17,0.48,0.025703857995098098,0.029952539405690662,0.0,1920
1061,0.04,broad,theta_current,18,0.52,0.015221777614083326,0.03126682540507515,0.0,1920
1061,0.04,broad,theta_current,19,0.56,0.0211310889272323,0.023120042634245587,0.0,1920
1061,0.04,broad,theta_current,20,0.6,0.028765267140652483,0.02699894167606802,0.0,1920
1061,0.04,broad,theta_current,21,0.64,0.035714651684136685,0.03602112043180674,0.0,1920
1061,0.04,broad,theta_current,22,0.65,0.02481355610207442,0.038730807837437146,0.0,1920
1061,0.04,broad,theta_current,23,0.65,0.03514465726804638,0.04746889048967016,0.0,1920
1061,0.04,broad,theta_current,24,0.65,0.029897373998959326,0.03596169935623711,0.0,1920
1061,0.04,broad,theta_current,25,0.65,0.025529864250906614,0.03245744611626143,0.0,1920
1061,0.04,broad,theta_current,26,0.65,0.12882124559664518,0.05782504939739107,0.0,1920
1061,0.04,broad,theta_current,27,0.65,0.08614724068591588,0.05013103180485126,0.0,1920
1061,0.04,broad,theta_current,28,0.65,0.03954116356043925,0.034319219457619864,0.0,1920
1061,0.04,broad,theta_current,29,0.65,0.031999423002268094,0.03791318731174714,0.0,1920
1061,0.04,broad,joint_current,0,0.0,0.0,0.0,0.00250891162132984,1920
1061,0.04,broad,joint_current,1,0.0,2.5644628387967485e-05,3.0067672011216587e-05,0.02476022966130161,1920
1061,0.04,broad,joint_current,2,0.0,0.00041531449284301923,0.0005980844316092754,0.03478802251073098,1920
1061,0.04,broad,joint_current,3,0.0,0.000268824976639369,0.0002623768911285489,0.0368216815473471,1920
1061,0.04,broad,joint_current,4,0.0,0.00028997086797471095,0.0004910303383023654,0.011553902515439968,1920
1061,0.04,broad,joint_current,5,0.0,0.0003312448361512048,0.00033687386338068694,0.023194588433534342,1920
1061,0.04,broad,joint_current,6,0.04,0.0008882396746503451,0.0012649710635899828,0.04909797560141928,1920
1061,0.04,broad,joint_current,7,0.08,0.0008580798025628946,0.0006845586832603353,0.060784644049778895,1920
1061,0.04,broad,joint_current,8,0.12,0.0023075638857916786,0.0016701864082615812,0.12082971923043681,1920
1061,0.04,broad,joint_current,9,0.16,0.003033008760856399,0.00249415279273276,0.12306128533200857,1920
1061,0.04,broad,joint_current,10,0.2,0.001903516077602796,0.001864028420429211,0.1694458350535324,1920
1061,0.04,broad,joint_current,11,0.24,0.0023442337461798,0.0021721362657965513,0.21084343043473958,1920
1061,0.04,broad,joint_current,12,0.28,0.0024173028858828667,0.002104089056947666,0.23603973302710013,1920
1061,0.04,broad,joint_current,13,0.32,0.0026166916862965487,0.0027635027784619656,0.2540863075879255,1920
1061,0.04,broad,joint_current,14,0.36,0.001132273097996,0.0032155079066142718,0.2876881788070161,1920
1061,0.04,broad,joint_current,15,0.4,0.0037385812563625613,0.0034940890419221456,0.31506994566631824,1920
1061,0.04,broad,joint_current,16,0.44,0.0041405733452931975,0.002622524822259934,0.4147073885346869,1920
1061,0.04,broad,joint_current,17,0.48,0.001964125772700822,0.0016837160561084985,0.35177365939595323,1920
1061,0.04,broad,joint_current,18,0.52,0.003534401382844391,0.0041478053819471,0.3919442660063287,1920
1061,0.04,broad,joint_current,19,0.56,0.0029181086558108488,0.002994905737952018,0.4316714974865346,1920
1061,0.04,broad,joint_current,20,0.6,0.0031241766179383366,0.00295629500204112,0.5011429117952724,1920
1061,0.04,broad,joint_current,21,0.64,0.0036541597173566725,0.003045254755922949,0.5325240406607608,1920
1061,0.04,broad,joint_current,22,0.65,0.0014756334469946846,0.0014858759251360617,0.556428960032359,1920
1061,0.04,broad,joint_current,23,0.65,0.0008206940116743974,0.0008876303002746107,0.5362884907053291,1920
1061,0.04,broad,joint_current,24,0.65,0.0017858930391592637,0.0016373926993285654,0.5518019136821137,1920
1061,0.04,broad,joint_current,25,0.65,0.0007825307199319795,0.0007683684115220682,0.2904223752415032,1920
1061,0.04,broad,joint_current,26,0.65,0.08338130178211312,0.03622764780381729,0.44841064659562707,1920
1061,0.04,broad,joint_current,27,0.65,0.007415703839015697,0.008242124331884504,0.5448674406241465,1920
1061,0.04,broad,joint_current,28,0.65,0.0008211458303208899,0.0010138101823065305,0.5553323887868564,1920
1061,0.04,broad,joint_current,29,0.65,0.0005551914542673794,0.0009900837022685384,0.4726540171027739,1920
1061,0.04,broad,joint_current_unpenalized,0,0.0,0.0,0.0,0.0028177602592231532,1920
1061,0.04,broad,joint_current_unpenalized,1,0.0,2.5759034357516935e-05,3.053529812642648e-05,0.029559268766196082,1920
1061,0.04,broad,joint_current_unpenalized,2,0.0,0.00045381466777687446,0.000670054554737901,0.04437855278135105,1920
1061,0.04,broad,joint_current_unpenalized,3,0.0,0.0004156184737692654,0.00037438789604953937,0.05174893038437164,1920
1061,0.04,broad,joint_current_unpenalized,4,0.0,0.0004564598069555299,0.0009354385018907779,0.01232961422450152,1920
1061,0.04,broad,joint_current_unpenalized,5,0.0,0.00033637695994456,0.0003415040573537005,0.029612683597871486,1920
1061,0.04,broad,joint_current_unpenalized,6,0.04,0.0009222653521484466,0.0012815912933258826,0.056581290424870596,1920
1061,0.04,broad,joint_current_unpenalized,7,0.08,0.000728896791870836,0.0005899904592056324,0.06784258843100711,1920
1061,0.04,broad,joint_current_unpenalized,8,0.12,0.002218563694485282,0.001619687574391556,0.13634386929308617,1920
1061,0.04,broad,joint_current_unpenalized,9,0.16,0.0029931872876290573,0.0025731603039274055,0.17262971491797488,1920
1061,0.04,broad,joint_current_unpenalized,10,0.2,0.0013878834312709039,0.0016296272873095761,0.18249894600055294,1920
1061,0.04,broad,joint_current_unpenalized,11,0.24,0.0021693181807982682,0.0019880342525010336,0.22795878786498824,1920
1061,0.04,broad,joint_current_unpenalized,12,0.28,0.0021374163164738125,0.0017551644199716296,0.2755240310796003,1920
1061,0.04,broad,joint_current_unpenalized,13,0.32,0.0011952837179143448,0.0018084940759782852,0.31413327338494607,1920
1061,0.04,broad,joint_current_unpenalized,14,0.36,0.000804319021265788,0.0016659353032149793,0.37757080130385345,1920
1061,0.04,broad,joint_current_unpenalized,15,0.4,0.0014667401857233848,0.0010315242191693964,0.38095589656398576,1920
1061,0.04,broad,joint_current_unpenalized,16,0.44,0.0014687126275378891,0.001129417333789098,0.4497445709072858,1920
1061,0.04,broad,joint_current_unpenalized,17,0.48,0.0020875794459157084,0.0016972855334775523,0.5102711618771781,1920
1061,0.04,broad,joint_current_unpenalized,18,0.52,0.001899531742631689,0.0017141006185659778,0.5064170486505899,1920
1061,0.04,broad,joint_current_unpenalized,19,0.56,0.001919177499623645,0.0016523849582687363,0.554234909689579,1920
1061,0.04,broad,joint_current_unpenalized,20,0.6,0.0017062127903960751,0.0021678832810539416,0.6133511280919486,1920
1061,0.04,broad,joint_current_unpenalized,21,0.64,0.0022483815741584285,0.002362317499491557,0.6335075326669068,1920
1061,0.04,broad,joint_current_unpenalized,22,0.65,0.00018393993626398763,0.0001661768222209071,0.6891444850009845,1920
1061,0.04,broad,joint_current_unpenalized,23,0.65,0.0003629587045131291,0.000413366122648503,0.6501776005903127,1920
1061,0.04,broad,joint_current_unpenalized,24,0.65,0.00017564310295076744,0.00019265975618944868,0.6939213172814068,1920
1061,0.04,broad,joint_current_unpenalized,25,0.65,0.00010703271025192273,0.00020586351992741783,0.7626542256813972,1920
1061,0.04,broad,joint_current_unpenalized,26,0.65,0.007381556108279451,0.005191925200627159,0.7415563516663807,1920
1061,0.04,broad,joint_current_unpenalized,27,0.65,0.0013924071055857901,0.0019599288888333117,0.6426775817829542,1920
1061,0.04,broad,joint_current_unpenalized,28,0.65,0.00024094089844399103,0.00029526713261766933,0.6785709967477418,1920
1061,0.04,broad,joint_current_unpenalized,29,0.65,0.0002232259282200509,0.00042710385787319866,0.6407144439203811,1920
1061,0.04,broad,joint_recent2,0,0.0,0.0,0.0,0.00250891162132984,1920
1061,0.04,broad,joint_recent2,1,0.0,2.5644628387967485e-05,3.0067672011216587e-05,0.010380933501572355,1920
1061,0.04,broad,joint_recent2,2,0.0,4.21673605013514e-05,5.955690375980221e-05,0.0201276244906445,1920
1061,0.04,broad,joint_recent2,3,0.0,0.00015735710421442098,0.00023553506217119412,0.013446044731867335,1920
1061,0.04,broad,joint_recent2,4,0.0,9.067531651671392e-05,8.5900279027584e-05,0.010775753250165835,1920
1061,0.04,broad,joint_recent2,5,0.0,0.00015169129478665187,0.00013454160965760786,0.011367928578731435,1920
1061,0.04,broad,joint_recent2,6,0.04,0.0008461152199717609,0.001564345234794525,0.018450511030612415,1920
1061,0.04,broad,joint_recent2,7,0.08,0.004967850080445477,0.003835340619827954,0.06297303299594728,1920
1061,0.04,broad,joint_recent2,8,0.12,0.0026271064331510104,0.002169873392905361,0.09071573289256901,1920
1061,0.04,broad,joint_recent2,9,0.16,0.005709107994367259,0.0040763578073918175,0.13253540750581358,1920
1061,0.04,broad,joint_recent2,10,0.2,0.0034801966003296194,0.003559145352617716,0.14925018477011007,1920
1061,0.04,broad,joint_recent2,11,0.24,0.0046151826894830885,0.004366585039494481,0.19031817902509687,1920
1061,0.04,broad,joint_recent2,12,0.28,0.004103040971637513,0.003907499622950858,0.22843049030814,1920
1061,0.04,broad,joint_recent2,13,0.32,0.0026749403922975575,0.0038913672060437872,0.26871263738365764,1920
1061,0.04,broad,joint_recent2,14,0.36,0.002231138230808977,0.004286699303718207,0.26740264163507843,1920
1061,0.04,broad,joint_recent2,15,0.4,0.00460169264523295,0.005151110237084526,0.32601968759147615,1920
1061,0.04,broad,joint_recent2,16,0.44,0.005729740273952397,0.003074809897390708,0.3900661523121227,1920
1061,0.04,broad,joint_recent2,17,0.48,0.0035373184885313584,0.002807170812497141,0.41040927863445414,1920
1061,0.04,broad,joint_recent2,18,0.52,0.003244712547356403,0.0032514909349836583,0.38812694439399026,1920
1061,0.04,broad,joint_recent2,19,0.56,0.004342464987449627,0.004011965478733072,0.41440819487736874,1920
1061,0.04,broad,joint_recent2,20,0.6,0.005718875696057312,0.0051446399153582435,0.4804911465975702,1920
1061,0.04,broad,joint_recent2,21,0.64,0.006083311071372155,0.0070601617539233,0.5231194882013447,1920
1061,0.04,broad,joint_recent2,22,0.65,0.0025015078883911137,0.0021465160476168074,0.5584474547886636,1920
1061,0.04,broad,joint_recent2,23,0.65,0.0004764975178317825,0.0005436358024120704,0.5624956840708937,1920
1061,0.04,broad,joint_recent2,24,0.65,0.0005764250420858039,0.0005405451124529825,0.5557476867641908,1920
1061,0.04,broad,joint_recent2,25,0.65,0.00046725468134854346,0.0005992882470632897,0.5370337789555922,1920
1061,0.04,broad,joint_recent2,26,0.65,0.0020776323235507633,0.0010951459999218405,0.5640059533129738,1920
1061,0.04,broad,joint_recent2,27,0.65,0.0005437192030491117,0.0005263794573808143,0.5459161792059797,1920
1061,0.04,broad,joint_recent2,28,0.65,0.0006207558033050064,0.000936980136421227,0.5516774200035148,1920
1061,0.04,broad,joint_recent2,29,0.65,0.0005322934706043032,0.0008340143210590152,0.5264249198584816,1920
