run,case,replicate,action,initial_test_mse,theta_test_mse,joint_test_mse,selective_test_mse,joint_alpha_shift,selective_alpha_shift,theta_circuit_evaluations,joint_circuit_evaluations,rms,out_excess,added_energy,e_theta,e_aug,G_arch,support_p,gated_joint_test_mse,gated_joint_alpha_shift,gated_joint_circuit_evaluations,selective_circuit_evaluations,regularized_joint_test_mse,regularized_alpha_shift,regularized_circuit_evaluations
discovery,none,0,none,0.0,1.570268454967402e-05,2.8294659999725625e-05,0.0,0.006910377396801665,0.0,145920,145920,0.019635539793525936,2.4897859460288672e-06,2.8547069987400533e-06,0.982866038279214,0.9790921755703504,0.0074041609395955055,0.4620814959422549,,,,,,,
discovery,none,1,none,0.0,1.2151914198324992e-05,1.1445671974481707e-05,0.0,0.0028041583465661713,0.0,145920,145920,0.01789751973223189,0.0,4.178988192272507e-06,0.9881149319137745,0.981491149347888,0.01304624242272523,0.8858071494792724,,,,,,,
discovery,none,2,none,0.0,2.350620865982915e-05,2.6083709338350066e-05,0.0,0.31427664102298736,0.0,145920,145920,0.018894485589374375,0.0,4.311100225277764e-06,0.9617755133307095,0.9554769911854056,0.01207585735783423,0.7529457106548398,,,,,,,
discovery,none,3,none,0.0,1.2562240137090244e-05,2.6775784544598463e-05,0.0,0.015329710817843059,0.0,145920,145920,0.02021773775563461,2.1887074322834873e-05,1.3782414223440775e-05,0.9809397324387126,0.9635999610430619,0.033717873754742556,0.33055855252418065,,,,,,,
discovery,none,4,none,0.0,6.270728998424894e-05,8.254884795020656e-05,0.0,0.006977147719483438,0.0,145920,145920,0.021074718079635853,1.789297097591097e-05,1.4439817924185867e-05,0.9414927321009803,0.9240654617361818,0.032511587025265465,0.356192848200886,,,,,,,
discovery,none,5,none,0.0,1.9318296548465292e-05,3.95037809698087e-05,0.0,0.007344492558499681,0.0,145920,145920,0.02079029131798519,4.5288464695469995e-05,6.64038529020329e-06,0.9786711978214121,0.9707906321405205,0.015362861993406085,0.20113082107203079,,,,,,,
discovery,none,6,none,0.0,2.271591568484303e-05,3.8687416318703304e-05,0.0,0.009719400312020557,0.0,145920,145920,0.01765740697887919,0.0,1.4259324340366981e-05,0.9701719828171087,0.9463081180532756,0.04573462194974798,0.9177918615304929,,,,,,,
discovery,none,7,none,0.0,2.2700347449326437e-05,5.69891775100078e-05,0.0,0.013355823780043765,0.0,145920,145920,0.017115565643440203,0.0,2.4578894286947708e-05,0.9713821154242289,0.9271891728504341,0.08390345191497772,0.9634908034284989,,,,,,,
discovery,none,8,none,0.0,8.753755549973327e-06,5.9068568185182515e-05,0.0,0.014230218121919122,0.0,145920,145920,0.018143268851614134,0.0,4.1806901679802274e-05,0.981363717774971,0.91436912098216,0.12700385715942486,0.8158321529609104,,,,,,,
discovery,none,9,none,0.0,7.626965631563514e-06,6.132403675285273e-06,0.0,0.0076965004486388745,0.0,145920,145920,0.022077687034860682,8.865496680740845e-05,2.0980983046916952e-06,0.9845502704520385,0.9823618350367774,0.004304460110357344,0.06183582891283745,,,,,,,
discovery,none,10,none,0.0,1.2281469280044884e-05,6.906872145970561e-05,0.0,0.014626269984648409,0.0,145920,145920,0.018181800613386603,0.0,4.5254215790507876e-05,0.9831475796273204,0.9108704057158554,0.13689426731809107,0.9143473005206672,,,,,,,
discovery,none,11,none,0.0,1.8313787264919212e-05,5.0310836201005524e-05,0.0,0.027745885148341594,0.0,145920,145920,0.01899466405035378,0.0,1.7611575497076048e-05,0.9801010361608,0.954874389666585,0.048812941042340574,0.6742413708333823,,,,,,,
discovery,none,12,none,0.0,2.9547483372435055e-05,7.973228969208993e-05,0.0,0.019805875363196206,0.0,145920,145920,0.022143527007271208,9.607633761536476e-05,1.5593303538922714e-05,0.971906130729816,0.9554058045429511,0.03180127559583856,0.04894042270348944,,,,,,,
discovery,none,13,none,0.0,3.2293416894038047e-05,4.9434922944963885e-05,0.0,0.005843579371104983,0.0,145920,145920,0.020114509973426682,9.290740160643763e-06,4.235121703068551e-06,0.9735036421675944,0.9681124648611964,0.010467596693950587,0.4141622660609796,,,,,,,
discovery,none,14,none,0.0,4.9112834198123854e-05,5.930642815368134e-05,0.0,0.014119924428550566,0.0,145920,145920,0.021124440199600445,4.211462636400623e-05,1.768961022974613e-05,0.9585502171951408,0.9376445076618961,0.03964129613633205,0.21642056544536759,,,,,,,
discovery,none,15,none,0.0,4.6899104708682247e-07,6.852511888842685e-06,0.0,0.004746437295429304,0.0,145920,145920,0.019852287607784267,1.2333006559309597e-05,4.042429270197095e-06,0.9980211231684764,0.9928691452925121,0.010257022616583455,0.39327282168307476,,,,,,,
discovery,none,16,none,0.0,2.9603043380046477e-05,4.88546637923933e-05,0.0,0.23921380906400388,0.0,145920,145920,0.01683067664238381,0.0,6.7130041581136676e-06,0.966511174962289,0.95417280324426,0.02369811287597512,0.9911886094116003,,,,,,,
discovery,none,17,none,0.0,3.061831175566661e-05,3.6957940711088696e-05,0.0,0.004255899144306876,0.0,145920,145920,0.018022302561676046,0.0,1.2127575024224643e-05,0.9658856363679834,0.9463597937095342,0.03733820339203231,0.9186808403479594,,,,,,,
discovery,none,18,none,0.0,2.7166950011345514e-05,2.1870680263775376e-05,0.0,0.01052671682189882,0.0,145920,145920,0.020200893428922007,2.316120771257593e-05,1.133751646745084e-05,0.9777436397811391,0.9634312514667712,0.027782848829640883,0.3225746057000955,,,,,,,
discovery,none,19,none,0.0,1.3405730175097629e-05,1.532715480540678e-05,0.0,0.005402932249867297,0.0,145920,145920,0.018557164889430097,0.0,4.101198953946636e-06,0.9576544815162442,0.9514161912498287,0.011909336995815978,0.8551779888418983,,,,,,,
discovery,parameter,0,theta,0.0035999999980484035,6.696413309117892e-06,1.4485788015343529e-05,6.696413309117892e-06,0.003643008949023847,0.0,145920,145920,0.059130351110633944,2.7829470733758374e-05,7.133262600939554e-06,0.3374909380793697,0.33445471871717847,0.002040174413505985,0.29417729589044883,,,,,,,
discovery,parameter,1,theta,0.0035999999987583508,2.409337638034188e-05,4.083394661322452e-05,2.409337638034188e-05,0.012171396818600955,0.0,145920,145920,0.06313578890619925,0.0002566727390869459,1.8392212445132286e-05,0.40079082050690984,0.3949926922938119,0.004614054837088072,4.641960270727449e-05,,,,,,,
discovery,parameter,2,theta,0.003600000014439903,4.218719237305848e-06,1.818223876276529e-05,4.218719237305848e-06,0.03743944443519332,0.0,145920,145920,0.06431767948730786,0.0,1.3606380777847456e-05,0.2973096291095233,0.2917256916066881,0.0032891364178418148,0.5055033600777594,,,,,,,
discovery,parameter,3,theta,0.003600000012806725,2.271735058572048e-05,5.1176930341054174e-05,2.271735058572048e-05,0.10658431975612834,0.0,145920,145920,0.06539220363364744,0.0,1.3742418281045993e-05,0.23846674238132148,0.23163040317564054,0.0032137435466497583,0.9954641537293895,,,,,,,
discovery,parameter,4,theta,0.003600000018270411,1.4765268834563785e-05,3.38115217884736e-05,1.4765268834563785e-05,0.026514276431786377,0.0,145920,145920,0.0622994601540741,2.872533153228794e-05,1.9358629819892335e-05,0.32011145599545815,0.3122236033865329,0.004987765747861153,0.2888873217634095,,,,,,,
discovery,parameter,5,theta,0.0036000000040528352,8.045585313659267e-06,2.5530978096097538e-05,8.045585313659267e-06,0.01633577231788949,0.0,145920,145920,0.06210263222443136,0.0,1.053455651124756e-05,0.30322843055185106,0.2986904958579324,0.002731468779081231,0.5948553973424812,,,,,,,
discovery,parameter,6,theta,0.003600000010322034,6.176909089465077e-05,5.2624282516469355e-05,6.176909089465077e-05,0.03424958358237947,0.0,145920,145920,0.06645563410954657,0.0,2.165202076886465e-06,0.2835290876915938,0.2826631814159407,0.0004902694390464812,0.5721856522954946,,,,,,,
discovery,parameter,7,theta,0.0035999999878851786,3.1783374435929674e-05,2.9817090471932344e-05,3.1783374435929674e-05,0.058572525683951326,0.0,145920,145920,0.06556698949021975,1.684214235312638e-06,4.232941171451784e-06,0.29887554958911,0.29722376609288437,0.0009846270117549044,0.46784743179735144,,,,,,,
discovery,parameter,8,theta,0.003599999985979845,2.4099467620707833e-05,5.1052541306565386e-05,2.4099467620707833e-05,0.02087818470680354,0.0,145920,145920,0.06427443523173337,4.913975198503882e-05,3.3380085973508195e-05,0.32514614995603686,0.3124740423994127,0.008079991657803653,0.18357036462843165,,,,,,,
discovery,parameter,9,theta,0.003600000003756316,2.0752920741153812e-05,2.4130043218286732e-05,2.0752920741153812e-05,0.008855573833232804,0.0,145920,145920,0.06478378440307256,2.8822565656656243e-05,1.2389826555219977e-05,0.3108876412825449,0.3061029484939878,0.002952110425511398,0.28831634251023963,,,,,,,
discovery,parameter,10,theta,0.003600000012316356,1.7586777338360622e-05,3.953783302126211e-05,1.7586777338360622e-05,0.023934966692414465,0.0,145920,145920,0.06308480826055471,0.0,2.663249098986606e-05,0.2904918111016912,0.278735350328833,0.006692096794203378,0.7221727081641459,,,,,,,
discovery,parameter,11,theta,0.0035999999795072795,5.1713543782784356e-05,4.531396470932747e-05,5.1713543782784356e-05,0.0037896186466260004,0.0,145920,145920,0.06402328375408128,1.3295800273047673e-05,2.017391109137668e-06,0.3074297363769816,0.30662823395499356,0.0004921689504621546,0.38674530503873616,,,,,,,
discovery,parameter,12,theta,0.0036000000123794697,3.215380599197935e-05,3.614472275351185e-05,3.215380599197935e-05,0.022675329517373066,0.0,145920,145920,0.06123940502958418,0.0,8.820862403377679e-06,0.29434260695958714,0.2903196623373683,0.0023520639320824682,0.7932903667819491,,,,,,,
discovery,parameter,13,theta,0.003599999996911721,4.519174737942459e-06,1.3837043520234335e-05,4.519174737942459e-06,0.007194569234451077,0.0,145920,145920,0.06171216263929767,0.0,1.2408876341728895e-05,0.287282341831409,0.2815543375755231,0.0032582989205468954,0.8292071132658653,,,,,,,
discovery,parameter,14,theta,0.0036000000028825092,2.0163754419715924e-05,1.527695484421474e-05,2.0163754419715924e-05,0.014262215036816798,0.0,145920,145920,0.06257523336921489,0.0,3.0014728546329928e-06,0.25988825632055756,0.2584093172291738,0.0007665305424920388,0.9869013391077416,,,,,,,
discovery,parameter,15,theta,0.003600000011785829,3.837179177244301e-05,6.014287727645894e-05,3.837179177244301e-05,0.012793258605896743,0.0,145920,145920,0.06534923381548505,0.0,1.8601471784002046e-05,0.28760592656928946,0.27993103664143426,0.004355783722631512,0.7694068581422429,,,,,,,
discovery,parameter,16,theta,0.0036000000119137,9.317369758734311e-06,1.5882306204061945e-05,9.317369758734311e-06,0.09839143533529635,0.0,145920,145920,0.06646885314876678,0.0,1.9859867070429843e-05,0.24808842395018632,0.23885719541132552,0.00449510629832324,0.973883715575999,,,,,,,
discovery,parameter,17,theta,0.003600000000150117,6.508344537891546e-06,3.11291577499231e-05,6.508344537891546e-06,0.010124950066647756,0.0,145920,145920,0.06472800628206146,0.0,2.7606069134818075e-05,0.2928258998586307,0.2813503127385043,0.00658900914996266,0.743741548599984,,,,,,,
discovery,parameter,18,theta,0.0036000000088582994,2.4619268373746626e-05,3.8870438484473624e-05,2.4619268373746626e-05,0.007296611857654422,0.0,145920,145920,0.06086966771715198,0.0,1.7104611370471583e-05,0.28303287160704854,0.27475647809696463,0.004616484153884215,0.9078118140733259,,,,,,,
discovery,parameter,19,theta,0.0036000000155121275,1.6367953810116834e-05,4.324709620866148e-05,1.6367953810116834e-05,0.03153026626807497,0.0,145920,145920,0.06479585111708829,0.0,2.2200632987186627e-05,0.26196972944636754,0.2516751648261461,0.005287750555935208,0.9353299162252068,,,,,,,
discovery,schedule,0,joint,0.003606284410872412,0.0010365154843025401,2.5473931603492484e-05,2.5473931603492484e-05,0.04327638201618956,0.04327638201618956,145920,145920,0.0544112020138235,0.0006728999439415531,0.0007870627115894001,0.594653362849309,0.2962516676630661,0.2658475713548442,2.2480179582350396e-17,,,,,,,
discovery,schedule,1,joint,0.003624687832623868,0.0011198231267934677,2.3781326014793976e-05,2.3781326014793976e-05,0.11515915064263528,0.11515915064263528,145920,145920,0.06949328166975109,0.0006978858187491263,0.0009037387070746863,0.5026497181497853,0.2559702763879965,0.1871359567619113,3.076383207063272e-18,,,,,,,
discovery,schedule,2,joint,0.00360168640059165,0.0007391508722290263,2.8775184545313372e-05,2.8775184545313372e-05,0.03730518467961688,0.03730518467961688,145920,145920,0.06075445968933575,0.0007182216744188423,0.0007661398116691801,0.5424580777822878,0.29444341097147037,0.20756384388674043,5.992760689321116e-19,,,,,,,
discovery,schedule,3,joint,0.003600149489351104,0.0008893285339434453,4.604179114977169e-05,4.604179114977169e-05,0.032609662442281605,0.032609662442281605,145920,145920,0.06827942469094396,0.00088254244315624,0.0009562529497959225,0.5181004472849896,0.25162496529766454,0.2051129503158554,6.62569040882446e-25,,,,,,,
discovery,schedule,4,joint,0.0036009959958814694,0.0007417112171832703,2.7270287385315274e-05,2.7270287385315274e-05,0.037004996652399716,0.037004996652399716,145920,145920,0.06939269281354171,0.0009096914247750529,0.0009134406549422023,0.5202124492219643,0.2844772663995447,0.18969367722735728,6.371650745270208e-26,,,,,,,
discovery,schedule,5,joint,0.003613337637315187,0.0008325555188364596,5.1294663133865176e-05,5.1294663133865176e-05,0.07159559041333807,0.07159559041333807,145920,145920,0.06904842879313239,0.0008816399343795489,0.0009743777232398167,0.5212353230433759,0.2594514181564467,0.20437122360474108,7.159656424751396e-25,,,,,,,
discovery,schedule,6,joint,0.00360047727030573,0.0006665431862937122,5.50976925681371e-05,5.50976925681371e-05,0.05137998096368184,0.05137998096368184,145920,145920,0.06213463962626354,0.0002604176842814459,0.00030696265982496466,0.4033046215314644,0.2883492817238072,0.07950930947800221,3.804520508680038e-05,,,,,,,
discovery,schedule,7,joint,0.003606324187414349,0.0008005316630175154,3.792597002695645e-05,3.792597002695645e-05,0.04871372988028374,0.04871372988028374,145920,145920,0.06142184033344725,0.0006184190934890217,0.0006670087903868914,0.5183490750427361,0.30312419694951126,0.17680148482137398,1.5782287547646032e-15,,,,,,,
discovery,schedule,8,joint,0.0036128763766648244,0.0008475794783363047,5.100869946548448e-05,5.100869946548448e-05,0.024381706870631566,0.024381706870631566,145920,145920,0.0659879435317576,0.0005468774704466826,0.0005128477969424251,0.460835846343892,0.30755974665161995,0.1177766795150826,3.4484924168206403e-13,,,,,,,
discovery,schedule,9,joint,0.0036140374373656364,0.0009619262475324485,4.585772891828209e-05,4.585772891828209e-05,0.031803614528149296,0.031803614528149296,145920,145920,0.058106955972784605,0.0006634867450525415,0.0007791803307133117,0.572421343576373,0.3112795034920317,0.23077126528753425,4.7263130578435075e-17,,,,,,,
discovery,schedule,10,joint,0.0036179784296173525,0.0008656661816027017,4.79252294912989e-05,4.79252294912989e-05,0.08452024207782448,0.08452024207782448,145920,145920,0.06427602311783864,0.0011440419394511223,0.0007985618989509881,0.6083000520001973,0.42040268554258514,0.19329053525202503,5.175555574136496e-35,,,,,,,
discovery,schedule,11,joint,0.003606420914445275,0.00090971404210403,5.515808815186693e-05,5.515808815186693e-05,0.17403716290859494,0.17403716290859494,145920,145920,0.06551794925845997,0.0008748384679882239,0.0007897031758136563,0.5518168794226453,0.347179264790233,0.18396842651545964,1.2830973398338541e-24,,,,,,,
discovery,schedule,12,joint,0.003606685076304395,0.0007408758616342256,4.438866325557857e-05,4.438866325557857e-05,0.03373831005267509,0.03373831005267509,145920,145920,0.06275776260703392,0.0006171725173400089,0.0005492875682994067,0.5021723434319041,0.3357263466026442,0.13946488270473145,1.7369661698229534e-15,,,,,,,
discovery,schedule,13,joint,0.0036034284906184904,0.0006524907597384509,4.0157899830709865e-05,4.0157899830709865e-05,0.027790245221895136,0.027790245221895136,145920,145920,0.05707234797179419,0.0006042239288081287,0.0006569255682794314,0.5492465952557855,0.3162134752354465,0.20168086047959427,4.681623379520729e-15,,,,,,,
discovery,schedule,14,joint,0.0036047319800262844,0.0006664309550608984,4.477829905278985e-05,4.477829905278985e-05,0.13315777066601434,0.13315777066601434,145920,145920,0.0751179154021876,0.0005283590473471637,0.0005668273888167443,0.3993283071951624,0.24291952943288472,0.10045319914745982,1.3361287008787642e-12,,,,,,,
discovery,schedule,15,joint,0.003601179996386268,0.0008079295149080476,3.020533189912154e-05,3.020533189912154e-05,0.09608600460926733,0.09608600460926733,145920,145920,0.06663577820250095,0.0005157913847675283,0.0005680004906473787,0.46449318001401796,0.29637019933492303,0.12791861922571288,3.3165325744778044e-12,,,,,,,
discovery,schedule,16,joint,0.0036050152510798818,0.0008551587914978271,4.121955280479124e-05,4.121955280479124e-05,0.09762014235029266,0.09762014235029266,145920,145920,0.06004227952942835,0.0006400208250082394,0.0006459156489776016,0.5359770791496583,0.32879022179698925,0.1791684194244857,2.9674362173374386e-16,,,,,,,
discovery,schedule,17,joint,0.003613961265843425,0.000818035223755817,3.2326347355505736e-05,3.2326347355505736e-05,0.05314001483429598,0.05314001483429598,145920,145920,0.05936942261544837,0.0006926119313934304,0.000691021312363614,0.572736206598519,0.3632867169395743,0.196049523644127,4.690364388099691e-18,,,,,,,
discovery,schedule,18,joint,0.00360169156483196,0.0007102135298763184,4.5859889982368335e-05,4.5859889982368335e-05,0.017762797593549297,0.017762797593549297,145920,145920,0.06087451699296454,0.0003940051256563506,0.0004151816611178414,0.46055112363820416,0.31633666241872765,0.11203845349419235,1.3857005438811408e-08,,,,,,,
discovery,schedule,19,joint,0.0036119698236723352,0.0010198446161479903,0.00019463107502844313,0.00019463107502844313,0.19764501101279028,0.19764501101279028,145920,145920,0.06570055835589918,0.0011359281851988986,0.0008733548325615975,0.5935285537764011,0.38723341748573925,0.20232642453022143,1.0888190300348185e-34,,,,,,,
discovery,mixed,0,joint,0.0036077747536796922,0.0005442469040037926,7.640273722652453e-05,7.640273722652453e-05,0.08050090298098865,0.08050090298098865,145920,145920,0.05927822085184072,0.00039708740692955214,0.0004860113958028175,0.4827386776447958,0.307775597952786,0.13831081219905111,1.1352744879269973e-08,,,,,,,
discovery,mixed,1,joint,0.003608150472256374,0.0010077153238828424,2.1337350133196968e-05,2.1337350133196968e-05,0.02787939280504284,0.02787939280504284,145920,145920,0.06969618799200901,0.0007474140618326597,0.0009705145586540858,0.5098899665229335,0.2453427381483639,0.19979471879862157,5.581033055550515e-20,,,,,,,
discovery,mixed,2,joint,0.0035998447949740185,0.0006511392863145384,3.9488823456548146e-05,3.9488823456548146e-05,0.021885292857927393,0.021885292857927393,145920,145920,0.06645231606057456,0.0004121430248194885,0.0005422350466366723,0.4236685132766968,0.238125558962611,0.12279122731083067,4.247632402865223e-09,,,,,,,
discovery,mixed,3,joint,0.0036003137914680976,0.0008801477162590868,6.605215050639138e-05,6.605215050639138e-05,0.04045224892165136,0.04045224892165136,145920,145920,0.06722774413816662,0.0005834864108501724,0.0006166567530853797,0.4692720443811834,0.28943872195869935,0.1364414778686101,2.2557596259965537e-14,,,,,,,
discovery,mixed,4,joint,0.003609261050956672,0.0008579368016639641,4.4123911490571454e-05,4.4123911490571454e-05,0.02764412890982537,0.02764412890982537,145920,145920,0.062358515327929256,0.0007515939641000528,0.0008477238461952223,0.5523420821351305,0.29509079397966664,0.21800319900582116,3.963384300520748e-20,,,,,,,
discovery,mixed,5,joint,0.0036002814597819216,0.00042433582801552905,4.632673035182773e-05,4.632673035182773e-05,0.030496602982001887,0.030496602982001887,145920,145920,0.06245272333617966,0.00032686085484821153,0.0003798463832479734,0.4256592284022964,0.289478542653985,0.09738795206696335,8.939466310276019e-07,,,,,,,
discovery,mixed,6,joint,0.0036041980991695366,0.0005223883402636997,2.3773159342810313e-05,2.3773159342810313e-05,0.04761547054458329,0.04761547054458329,145920,145920,0.0641777190600093,0.0005666762400320008,0.0005616030524560354,0.47759053457549083,0.30288761900048217,0.13635180897232185,7.95369500914741e-14,,,,,,,
discovery,mixed,7,joint,0.003606583217540667,0.0006857816323762476,8.290360029176767e-05,8.290360029176767e-05,0.041032188598008716,0.041032188598008716,145920,145920,0.06583891969825593,0.00045520903327826316,0.0006577544435109887,0.4937922358569789,0.3034655824214829,0.15173941247822442,2.349868951459627e-10,,,,,,,
discovery,mixed,8,joint,0.0036110687088133355,0.0013579755135250762,4.720516464675942e-05,4.720516464675942e-05,0.04066922270724453,0.04066922270724453,145920,145920,0.06871828077491479,0.0009863503491739348,0.0012967232198251956,0.5799621690605318,0.24850500376359852,0.2746013806458507,7.746156954296123e-29,,,,,,,
discovery,mixed,9,joint,0.003609508504243667,0.0006705558530479834,1.9636077410090368e-05,1.9636077410090368e-05,0.021867201751622697,0.021867201751622697,145920,145920,0.06443998312630318,0.0005472992162007219,0.0005628566459823538,0.4748143448854148,0.29983759283785993,0.13554608003016336,3.343071945302613e-13,,,,,,,
discovery,mixed,10,joint,0.0035994777832275174,0.0008596860103813298,8.165121287759532e-05,8.165121287759532e-05,0.07790740085961965,0.07790740085961965,145920,145920,0.06409746782026676,0.0007832316588103171,0.000803637380577935,0.5336163798970818,0.29856682221364567,0.19560429356771203,2.916291960255353e-21,,,,,,,
discovery,mixed,11,joint,0.0036080928762068933,0.0006380955982984149,4.139213537178042e-05,4.139213537178042e-05,0.12323204535838579,0.12323204535838579,145920,145920,0.06331036465583768,0.00037034468242098413,0.0005463395533381882,0.45523897082356607,0.2663402630311151,0.1363053848450161,6.256754637203283e-08,,,,,,,
discovery,mixed,12,joint,0.0036006131817446652,0.0014146781665392502,6.148298051694522e-05,6.148298051694522e-05,0.0565938194968806,0.0565938194968806,145920,145920,0.07117124644851346,0.0011085901930242032,0.0011264426531274949,0.5526219710456008,0.2881126228635747,0.22238215942899647,1.3221221784864487e-33,,,,,,,
discovery,mixed,13,joint,0.0036012049768616395,0.0002619708143136482,4.80343519911369e-05,4.80343519911369e-05,0.07845048251020237,0.07845048251020237,145920,145920,0.06857626043066646,0.0003132304973443648,0.00040388326368891,0.39019736024594354,0.2576252543278599,0.08588320827540814,1.9932294729486316e-06,,,,,,,
discovery,mixed,14,joint,0.003599870465238552,0.0004443924718040971,5.050735959538383e-05,5.050735959538383e-05,0.03823054517558289,0.03823054517558289,145920,145920,0.06483444423046258,0.00028670979960841747,0.0003365757739297648,0.4032316281439785,0.28727248471217676,0.08007026546293594,9.053862836910833e-06,,,,,,,
discovery,mixed,15,joint,0.0035999980181910026,0.0004990079771584134,5.9167915322643626e-05,5.9167915322643626e-05,0.022594704731456333,0.022594704731456333,145920,145920,0.05747080330816918,0.0002491570625881043,0.0003266053238633853,0.44633314754919845,0.31674700340068196,0.09888461443786292,6.890120156745042e-05,,,,,,,
discovery,mixed,16,joint,0.0036000093905018044,0.0003116775064802179,5.106436916023549e-05,5.106436916023549e-05,0.05123055767017399,0.05123055767017399,145920,145920,0.06747899815549613,0.0003019760121579134,0.00038705384466047725,0.39279991199393355,0.26322764737341353,0.08500297652069981,3.817983585175435e-06,,,,,,,
discovery,mixed,17,joint,0.00360214058838693,0.0008585512807867524,2.374472905160903e-05,2.374472905160903e-05,0.0343823595718506,0.0343823595718506,145920,145920,0.060546617994884644,0.0005962524655233346,0.0007224124074353043,0.5255993305497835,0.2814098570268261,0.19706314864252186,8.588051278275157e-15,,,,,,,
discovery,mixed,18,joint,0.003601011080166009,0.000895710790811656,7.050335120194879e-05,7.050335120194879e-05,0.03446240501748109,0.03446240501748109,145920,145920,0.06631653270829355,0.0008536585036532564,0.000864535706748494,0.5294146593742037,0.289309332737245,0.19657999155143419,7.829135825181374e-24,,,,,,,
discovery,mixed,19,joint,0.003609168572914913,0.000664386472723878,1.064486806693991e-05,1.064486806693991e-05,0.03962200861317337,0.03962200861317337,145920,145920,0.06367577690620847,0.00046960738884341377,0.0004953145048724027,0.46050121851850473,0.2998339256109949,0.122160989309728,8.701104414354519e-11,,,,,,,
discovery,same_support_normal,0,theta,0.0036000000000000008,0.003809198988709512,0.003974531433999512,0.003809198988709512,0.047899725701889814,0.0,145920,145920,0.07111110697838334,0.0,0.0004165474293066482,0.9729853690112783,0.9296916894603643,0.08237389085834701,0.9009160305683913,,,,,,,
discovery,same_support_normal,1,theta,0.003599999999999999,0.0036526587272460555,0.003505911719658385,0.0036526587272460555,0.14422092446052723,0.0,145920,145920,0.061749182626542845,1.6973577267053662e-05,0.0009627691010669695,0.9941486243003974,0.8578067704122029,0.252499031833359,0.36221747807775795,,,,,,,
discovery,same_support_normal,2,theta,0.0035999999999999986,0.0040073087268677025,0.004213903869109201,0.0040073087268677025,0.06529782930914858,0.0,145920,145920,0.06176417123979189,2.5619161516609494e-05,0.00040052378731457146,0.9477918487462731,0.8906838170989604,0.10499172650790389,0.30745160749301087,,,,,,,
discovery,same_support_normal,3,theta,0.003599999999999999,0.0036985921806170444,0.0036807417181102986,0.0036985921806170444,0.025839574882213428,0.0,145920,145920,0.06375509829658735,9.456852770713481e-06,0.00025108181810305693,0.9850020549821616,0.953130597287836,0.061771112832814445,0.4130118849541378,,,,,,,
discovery,same_support_normal,4,theta,0.0035999999999999995,0.0037119299268073267,0.003370999366076333,0.0037119299268073267,0.055364435269822966,0.0,145920,145920,0.061634889185652304,0.0,0.0007595237777069409,0.988856892597687,0.8819882495807204,0.19993468163949046,0.6041555554761456,,,,,,,
discovery,same_support_normal,5,theta,0.003599999999999999,0.003860578640762457,0.003976646240184474,0.003860578640762457,0.1016390872445907,0.0,145920,145920,0.06265948674773443,0.0,0.000919090581686037,0.9656033029115055,0.8356427316745162,0.23409096359316128,0.7373603688510916,,,,,,,
discovery,same_support_normal,6,theta,0.003599999999999998,0.003872037018698574,0.0038209001870071887,0.003872037018698574,0.03621619333397957,0.0,145920,145920,0.06365521632369894,5.917589313455886e-05,0.0002585441437249426,0.9716384668756359,0.9382294751200091,0.06380676232846849,0.1428826533185174,,,,,,,
discovery,same_support_normal,7,theta,0.003599999999999999,0.004101483247033215,0.004035017825950116,0.004101483247033215,0.07303338041337509,0.0,145920,145920,0.0671266551026014,2.223468564937953e-05,0.0002850581849187137,0.9123599448121517,0.8770054639930595,0.06326208502395092,0.3283707764106052,,,,,,,
discovery,same_support_normal,8,theta,0.003599999999999999,0.003675485352599427,0.0034951324475940735,0.003675485352599427,0.026158446170271764,0.0,145920,145920,0.06298605949712462,2.0695940144417368e-05,0.0002442876367856885,0.9643021073799736,0.9318274481685682,0.061576161137112284,0.3381088375086979,,,,,,,
discovery,same_support_normal,9,theta,0.0035999999999999977,0.0037729581951384066,0.003792728496224421,0.0037729581951384066,0.09578273866283181,0.0,145920,145920,0.0660978814514305,0.0,9.641546063951978e-05,0.9771707160415526,0.9658126992287058,0.02206843829772198,0.8505265996772421,,,,,,,
discovery,same_support_normal,10,theta,0.003599999999999999,0.0037641928080617186,0.004270546722902172,0.0037641928080617186,0.0496073226472215,0.0,145920,145920,0.06489030355520749,0.0,0.0003383272140634164,0.9774926518157298,0.9354910304547575,0.08034841629244349,0.5994019687747217,,,,,,,
discovery,same_support_normal,11,theta,0.0036,0.003632881799765235,0.003596599097561293,0.003632881799765235,0.024578392436425987,0.0,145920,145920,0.06225799575983262,7.991348141600677e-05,6.771868113722539e-05,0.9962840239242803,0.98747700629444,0.017471018366526314,0.0805021954018513,,,,,,,
discovery,same_support_normal,12,theta,0.003599999999999998,0.003750850414111605,0.0036271490442657916,0.003750850414111605,0.018453199165505526,0.0,145920,145920,0.06436583520186182,0.0,0.0003954936654385429,0.9761062958619591,0.9259167887953076,0.09546160104834023,0.5566765651877436,,,,,,,
discovery,same_support_normal,13,theta,0.0035999999999999995,0.003915325449160375,0.0036701247440467733,0.003915325449160375,0.028452619594830836,0.0,145920,145920,0.06057085134184471,6.261935799540316e-07,0.0005367053843794172,0.9608597345894052,0.881455310953772,0.14628796434661118,0.4754431633137149,,,,,,,
discovery,same_support_normal,14,theta,0.0036000000000000008,0.003860683271496514,0.00405944956610049,0.003860683271496514,0.01775418747154577,0.0,145920,145920,0.06413176568492791,0.0,4.1635056758893664e-05,0.9657459060404123,0.9604905375662887,0.0101230822794387,0.48779686706410996,,,,,,,
discovery,same_support_normal,15,theta,0.0036000000000000016,0.00379890488932394,0.003921354731692017,0.00379890488932394,0.01171370270666805,0.0,145920,145920,0.06886920655011647,0.0,0.00014187490350470197,0.9851044589853721,0.9698031287603812,0.02991268655943813,0.8203200817776495,,,,,,,
discovery,same_support_normal,16,theta,0.0036000000000000008,0.003807534947985166,0.0037622177808656516,0.003807534947985166,0.06705826129326893,0.0,145920,145920,0.06801846008503135,0.0,0.00033739947547202015,0.9773823417344838,0.9393342473238214,0.07292741373897305,0.7407752176305488,,,,,,,
discovery,same_support_normal,17,theta,0.003599999999999999,0.003920896639273263,0.003928996069650775,0.003920896639273263,0.00772996324478939,0.0,145920,145920,0.06244535416230487,0.0,5.97603136713163e-05,0.9599231790264644,0.9519070763375235,0.015325427650821899,0.6169046171171109,,,,,,,
discovery,same_support_normal,18,theta,0.003599999999999999,0.003927062602465309,0.0037474981859844238,0.003927062602465309,0.055939225728067796,0.0,145920,145920,0.05824703353733357,5.989744232087121e-05,0.00034104268979793254,0.955248161683428,0.901097691932501,0.1005219999934881,0.14023483121200986,,,,,,,
discovery,same_support_normal,19,theta,0.0036000000000000008,0.003647432520631201,0.003468966382618774,0.003647432520631201,0.023750023403677527,0.0,145920,145920,0.058020542104198235,0.0,0.000139885934933354,0.992899177900851,0.9717484254356973,0.04155377513942893,0.8806086148716108,,,,,,,
discovery,outside,0,joint,0.0035999999999999956,0.0036139147530767747,0.0036969370196303026,0.0036969370196303026,0.1778324686849932,0.1778324686849932,145920,145920,0.059299940930785944,0.002947505550228976,0.0004385016054119727,0.9977381498040583,0.9331572766803419,0.1246989125529534,2.1385388628279787e-114,,,,,,,
discovery,outside,1,joint,0.0035999999999999956,0.0037601994991826974,0.003718196496588614,0.003718196496588614,0.03102339530211112,0.03102339530211112,145920,145920,0.060569951243454316,0.003107325785816739,9.062414462055872e-05,0.9797249864840899,0.9670362969359728,0.024701849549611188,7.553430170620304e-122,,,,,,,
discovery,outside,2,joint,0.0035999999999999956,0.003813263616447951,0.004118877901239256,0.004118877901239256,0.06986876315258857,0.06986876315258857,145920,145920,0.06368045200584165,0.003348355205188273,0.00034170120169066506,0.9743475542054051,0.9301025091306078,0.08426247889500249,3.6838506498463016e-133,,,,,,,
discovery,outside,3,joint,0.0035999999999999956,0.0037839944597686335,0.0037871723359752976,0.0037871723359752976,0.014087916578186713,0.014087916578186713,145920,145920,0.069240743703039,0.0040875819781731985,0.00011079730329745782,0.9723278913429804,0.9603703555465372,0.02311030847090434,2.646197019418914e-168,,,,,,,
discovery,outside,4,joint,0.0035999999999999956,0.003718645732663342,0.003716035005291416,0.003716035005291416,0.048066153544724245,0.048066153544724245,145920,145920,0.06641224373080239,0.0037102862332652957,7.14255171699264e-05,0.9859217208887624,0.9776745519981695,0.016194110095437142,2.730012882012442e-150,,,,,,,
discovery,outside,5,joint,0.0035999999999999956,0.003910594133363541,0.003839284243251709,0.003839284243251709,0.010586079109935686,0.010586079109935686,145920,145920,0.05895177337241867,0.002708032381170814,5.75438014253695e-05,0.9554227762306553,0.9467179087120291,0.016557882664214985,2.5931016580941576e-103,,,,,,,
discovery,outside,6,joint,0.0035999999999999964,0.0037259808834361843,0.0038349571660008207,0.0038349571660008207,0.011084327019216125,0.011084327019216125,145920,145920,0.06523727277626164,0.0037155000403440563,0.00019919745523155788,0.988016765977092,0.9640394888720774,0.04680499374709557,1.5426201776018368e-150,,,,,,,
discovery,outside,7,joint,0.003599999999999996,0.0038747725834591008,0.003850242719254304,0.003850242719254304,0.05665427486953991,0.05665427486953991,145920,145920,0.06865510417628481,0.003974206611040966,0.00014431838433407408,0.9621018776034621,0.9460560664144654,0.030617942088495886,7.09121714065727e-163,,,,,,,
discovery,outside,8,joint,0.0035999999999999956,0.0038115745444039185,0.0037629313996197346,0.0037629313996197346,0.18030065231993683,0.18030065231993683,145920,145920,0.06892223967122274,0.004119231641408088,0.00010605341014978543,0.9741294340308274,0.9626018977970435,0.022325740602750277,8.037964530893563e-170,,,,,,,
discovery,outside,9,joint,0.0035999999999999956,0.003711853715723167,0.003715386729499188,0.003715386729499188,0.008901903031886512,0.008901903031886512,145920,145920,0.06415602145234259,0.003531725707451494,8.123486722033865e-05,0.9858309636817846,0.975769595296417,0.019736385848822535,8.080943098973526e-142,,,,,,,
discovery,outside,10,joint,0.0035999999999999956,0.0038175689864602337,0.004135944663977229,0.004135944663977229,0.029810167001128273,0.029810167001128273,145920,145920,0.06304878017376524,0.0031895368849382856,0.00032136540386310165,0.9738352786673438,0.9314029908587872,0.0808436185964091,1.0698463963234243e-125,,,,,,,
discovery,outside,11,joint,0.0035999999999999956,0.0041386600955953395,0.004140852130455219,0.004140852130455219,0.014654840336025984,0.014654840336025984,145920,145920,0.0636976496955316,0.003109414423172793,0.00023745352556917064,0.9382509235981662,0.9065269392154826,0.05852370410942065,6.032378312131728e-122,,,,,,,
discovery,outside,12,joint,0.0035999999999999956,0.003983906331808642,0.004040230683079494,0.004040230683079494,0.03574314051362338,0.03574314051362338,145920,145920,0.068053683871048,0.003909791000402196,0.0006064596197554531,0.9654049973939332,0.8950189311513034,0.13094792187395854,8.494784957769586e-160,,,,,,,
discovery,outside,13,joint,0.0035999999999999956,0.003774070890149467,0.004091101331823088,0.004091101331823088,0.08877908168784399,0.08877908168784399,145920,145920,0.06464611529904479,0.003508131498276727,0.0006100842669090438,0.9775680413550478,0.8998085218098607,0.1459838995570979,1.0567705075149493e-140,,,,,,,
discovery,outside,14,joint,0.0035999999999999956,0.003983880558055965,0.004294857928741054,0.004294857928741054,0.05050536979020192,0.05050536979020192,145920,145920,0.06314033838626097,0.003272293000659989,0.0001936391383556686,0.9554208442799084,0.9296546315604294,0.04857125570277521,1.3962287606172382e-129,,,,,,,
discovery,outside,15,joint,0.0035999999999999956,0.003631378828010204,0.003695785245621935,0.003695785245621935,0.1346817470626641,0.1346817470626641,145920,145920,0.060680741605805,0.003188372271021834,0.00029489332209645347,0.9874653475006475,0.9460447135051885,0.08008721256346041,1.21315082405829e-125,,,,,,,
discovery,outside,16,joint,0.0035999999999999956,0.004089408511588286,0.0040684634122136396,0.0040684634122136396,0.018321308511155824,0.018321308511155824,145920,145920,0.06477201287235047,0.0033648427210235033,0.00015130177082954243,0.9434140003466693,0.9241030050152633,0.0360636121718656,6.159449575016309e-134,,,,,,,
discovery,outside,17,theta,0.0035999999999999956,0.0038385923338879685,0.003839823281811762,0.0038385923338879685,0.15059786218279264,0.0,145920,145920,0.06355109452040425,0.003273347316428196,1.306749027537094e-05,0.9583046907924212,0.9566150455065754,0.003235535105210685,1.2456806566586677e-129,,,,,,,
discovery,outside,18,joint,0.0035999999999999956,0.0038817370623854927,0.0038741987791882536,0.0038741987791882536,0.010919003918374146,0.010919003918374146,145920,145920,0.058523690484623886,0.0027845697875673744,9.840986123964632e-05,0.9592015398913185,0.9441053836343196,0.028732618722570935,7.635494560013813e-107,,,,,,,
discovery,outside,19,joint,0.0035999999999999956,0.003916975804726211,0.0039157224733372565,0.0039157224733372565,0.03810663372453143,0.03810663372453143,145920,145920,0.058772143330529464,0.002672849148017433,3.689606868906802e-05,0.9590007513973664,0.953415346709116,0.010681617840249569,1.0792991549574203e-101,,,,,,,
independent_revised,none,0,none,0.0,3.607336078974643e-05,6.500457082054735e-05,0.0,0.007352800538224042,0.0,145920,145920,0.017676373845408468,0.0,1.3598121913315442e-05,0.9618193911283515,0.9389228784161961,0.043520369537157655,0.9515528025564159,0.0,0.0,96.0,1824.0,,,
independent_revised,none,1,none,0.0,4.0963453994399306e-05,4.784397191128456e-05,0.0,0.003935384593811829,0.0,145920,145920,0.01948609879325287,0.0,3.5050760773757778e-06,0.9602302308098082,0.955411492285913,0.009230976569062244,0.6262283658119131,0.0,0.0,96.0,1824.0,,,
independent_revised,none,2,none,0.0,1.8743903357084415e-05,3.750413288912955e-05,0.0,0.030481057503355374,0.0,145920,145920,0.022041864506248524,8.985630474652271e-05,1.5279923724173768e-05,0.9701109534703213,0.9537635876298699,0.03145028095449531,0.059575006973130507,0.0,0.0,96.0,1824.0,,,
independent_revised,none,3,none,0.0,4.628599035104783e-05,5.00967462995179e-05,0.0,0.018463690403250563,0.0,145920,145920,0.020292771266866926,0.0,3.988075919273334e-06,0.9426000453412643,0.9374488079770497,0.009684577899762181,0.509251460609043,0.0,0.0,96.0,1824.0,,,
independent_revised,none,4,none,0.0,2.5553475969098577e-05,9.288619425100491e-05,0.0,0.00862577058516381,0.0,145920,145920,0.019510447032605977,0.0,5.189959083195624e-05,0.9700237686781691,0.8969973044636228,0.13634194758559282,0.6230186292687426,0.0,0.0,96.0,1824.0,,,
independent_revised,none,5,none,0.0,3.9492599638152806e-05,4.4812004809267626e-05,0.0,0.006745879735846224,0.0,145920,145920,0.02023039339860266,8.878517341352046e-06,2.719690128974933e-06,0.9633879502767447,0.9599328628792492,0.0066452415028761536,0.417021663756697,0.0,0.0,96.0,1824.0,,,
independent_revised,none,6,none,0.0,4.6414267753807387e-05,5.073663456642986e-05,0.0,0.03400744181481401,0.0,145920,145920,0.019278469288462906,0.0,4.929223818941383e-06,0.9620077621434032,0.955089623398712,0.01326274570026531,0.7175477665331089,0.0,0.0,96.0,1824.0,,,
independent_revised,none,7,none,0.0,2.8819541030310135e-05,4.1169201873519744e-05,0.0,0.04828437007003712,0.0,145920,145920,0.020440219169645737,2.5354702071000367e-05,1.588539853012605e-05,0.9794103137759934,0.9598037600383493,0.038021304947036594,0.3090607205166845,0.0,0.0,96.0,1824.0,,,
independent_revised,none,8,theta,0.0,2.7277753794174035e-05,3.0005206276979698e-05,2.7277753794174035e-05,0.010128265062884374,0.0,145920,145920,0.023019393292959205,0.0001236039800268954,9.163089108537567e-06,0.9665681911611078,0.9575811779270493,0.017292355844300555,0.01904035995636628,3.0005206276979698e-05,0.010128265062884374,146016.0,147744.0,,,
independent_revised,none,9,none,0.0,2.036707860719787e-05,3.0426110929235723e-05,0.0,0.014251400981765366,0.0,145920,145920,0.020920416217068687,3.336969945203698e-05,1.6232909846965486e-05,0.9641556179853601,0.9447254360201872,0.03708990622919883,0.26232591050350823,0.0,0.0,96.0,1824.0,,,
independent_revised,none,10,none,0.0,1.689064080718254e-05,4.2007320459749495e-05,0.0,0.013096376698832757,0.0,145920,145920,0.019752190449537726,0.0,2.037505698171719e-05,0.9848620792218149,0.9579820118825024,0.05222377999866945,0.587190735206641,0.0,0.0,96.0,1824.0,,,
independent_revised,none,11,none,0.0,4.867794485221118e-05,5.3877604614936594e-05,0.0,0.006863583354094139,0.0,145920,145920,0.020526010225754465,0.0,6.561131431647317e-06,0.9445293086792427,0.9362492772680302,0.015572905769179246,0.4869917593168727,0.0,0.0,96.0,1824.0,,,
independent_revised,none,12,none,0.0,1.3484427995561909e-05,2.2090893195863457e-05,0.0,0.01508851228088068,0.0,145920,145920,0.01648571457873391,0.0,1.1706304490152762e-05,0.9533992735548946,0.9305360067709395,0.04307291491779475,0.9948992417218477,0.0,0.0,96.0,1824.0,,,
independent_revised,none,13,none,0.0,1.3322500033879234e-05,1.6698893372195274e-05,0.0,0.012571995135164134,0.0,145920,145920,0.01946767778498615,0.0,7.4366742633621225e-06,0.9834623764213,0.9734351139305019,0.019622324803341584,0.5401194774901473,0.0,0.0,96.0,1824.0,,,
independent_revised,none,14,none,0.0,2.631815601905839e-05,2.9000995207380274e-05,0.0,0.031863153208997484,0.0,145920,145920,0.01806263360775314,0.0,9.527422771002663e-06,0.9766981714073327,0.9616326072232404,0.029202046755460564,0.8643898432123075,0.0,0.0,96.0,1824.0,,,
independent_revised,none,15,none,0.0,4.164088250323034e-05,5.6545846995887376e-05,0.0,0.0032054549076777033,0.0,145920,145920,0.021497254432659173,5.3479660551071754e-05,1.3141868729931106e-05,0.9674001124237814,0.9525888389062395,0.02843748150880754,0.16508323872357952,0.0,0.0,96.0,1824.0,,,
independent_revised,none,16,none,0.0,3.729717046116422e-06,1.703728537178157e-05,0.0,0.011837348496388218,0.0,145920,145920,0.020668919304019526,4.897430331349327e-05,6.075331585050716e-06,0.991907060764156,0.9847123823974803,0.014221141146865679,0.18430237314306375,0.0,0.0,96.0,1824.0,,,
independent_revised,none,17,none,0.0,3.259035720735896e-06,7.440263184404458e-06,0.0,0.0025804934304297584,0.0,145920,145920,0.02098975318214344,6.916886884142822e-05,4.072036522038083e-06,0.995367517295748,0.9907138002394521,0.00924266050260425,0.10938106388078354,0.0,0.0,96.0,1824.0,,,
independent_revised,none,18,none,0.0,1.2055926545615279e-05,1.8855469578134116e-05,0.0,0.0053625148560771585,0.0,145920,145920,0.020803767008533914,3.706560445434108e-05,8.628197562515138e-06,0.987716509141044,0.9775724985690947,0.019935912471147454,0.24225655111460886,0.0,0.0,96.0,1824.0,,,
independent_revised,none,19,none,0.0,2.126383855970111e-05,0.00010922969306824255,0.0,0.010238346974657721,0.0,145920,145920,0.020846887455291806,4.156155802190198e-05,4.595621604909036e-05,0.9825756532118762,0.9272051729978306,0.10574548145080842,0.21916036876205336,0.0,0.0,96.0,1824.0,,,
independent_revised,none,20,none,0.0,2.2360224650594855e-05,3.0058266398548758e-05,0.0,0.004091858590376709,0.0,145920,145920,0.018606988721756465,0.0,5.648413683997812e-06,0.9687712613656247,0.9603141343242979,0.016314520264917864,0.8678753467425516,0.0,0.0,96.0,1824.0,,,
independent_revised,none,21,search_needed,0.0,6.414125271139342e-05,7.005708795057911e-05,6.414125271139342e-05,0.0068140495483254545,0.0,145920,145920,0.0231036397050317,0.00010097343686052034,3.751753721455935e-05,0.9514044340214389,0.9137196717120514,0.07028675860207556,0.0417365874077286,7.005708795057911e-05,0.0068140495483254545,146016.0,147744.0,,,
independent_revised,none,22,none,0.0,6.827821529361929e-05,6.269166384347189e-05,0.0,0.005455550619378221,0.0,145920,145920,0.022120214172639183,5.768265900315783e-05,5.063720984673199e-06,0.946576105053732,0.9410937764129704,0.01034882665546799,0.14847870098295768,0.0,0.0,96.0,1824.0,,,
independent_revised,none,23,none,0.0,1.711865103443307e-05,4.246541674598644e-05,0.0,0.004563329299725796,0.0,145920,145920,0.021236543270458205,7.169684564272678e-05,8.76221844734934e-06,0.9895101626979278,0.9796435791576589,0.019428819897651217,0.10195097055122306,0.0,0.0,96.0,1824.0,,,
independent_revised,none,24,none,0.0,5.2948574509296685e-05,5.3521600630819364e-05,0.0,0.0031515682183773813,0.0,145920,145920,0.017276896704327457,0.0,3.6222304177788577e-06,0.9332489748804271,0.9267246163001551,0.01213513465869831,0.985831022288239,0.0,0.0,96.0,1824.0,,,
independent_revised,none,25,none,0.0,2.438140279241184e-05,3.3812430266281657e-05,0.0,0.018300951024459812,0.0,145920,145920,0.01671398659347143,0.0,9.126823589082802e-06,0.9650617091431319,0.9479838175765853,0.032670784067186376,0.9871464734554851,0.0,0.0,96.0,1824.0,,,
independent_revised,none,26,none,0.0,4.4221765177436396e-05,5.211659190823292e-05,0.0,0.0036541968457312057,0.0,145920,145920,0.020952677306281215,0.0,5.3232966027792505e-06,0.9280862240061372,0.9215305119567925,0.012125554722621779,0.516512731885782,0.0,0.0,96.0,1824.0,,,
independent_revised,none,27,none,0.0,4.632682659494902e-05,4.0947941599747615e-05,0.0,0.03108859291378963,0.0,145920,145920,0.02049759791862233,1.2424060744235915e-05,6.8999694426485154e-06,0.9511971110118308,0.9425249970055515,0.016422574016938363,0.39265370510173664,0.0,0.0,96.0,1824.0,,,
independent_revised,none,28,none,0.0,2.5274720137510715e-05,3.234458729710556e-05,0.0,0.005681548594142197,0.0,145920,145920,0.019260250233473553,0.0,2.675996452785978e-05,0.9673091029960421,0.9292735344439873,0.07213759892098714,0.668048428433175,0.0,0.0,96.0,1824.0,,,
independent_revised,none,29,none,0.0,7.160990812498192e-06,1.4440360242881e-05,0.0,0.003628878769156527,0.0,145920,145920,0.018538760887376538,0.0,9.018497695734184e-06,0.9842315568573072,0.9708095673323496,0.02624054148973498,0.7296199399483796,0.0,0.0,96.0,1824.0,,,
independent_revised,none,30,theta,0.0,1.0958896476764173e-05,9.968762171872083e-06,1.0958896476764173e-05,0.003372021897745929,0.0,145920,145920,0.022566921995123047,0.00012440267190141763,5.6506685743782405e-06,0.9906679969358375,0.98505196210063,0.011095712114563727,0.01849367957979141,9.968762171872083e-06,0.003372021897745929,146016.0,147744.0,,,
independent_revised,none,31,none,0.0,9.064445553433195e-06,1.1954481914479103e-05,0.0,0.004629875745251038,0.0,145920,145920,0.019841893014910367,1.1739346145572975e-05,4.747261202449214e-06,0.9864000901796559,0.9802688877748467,0.01205804556709833,0.3973183599625131,0.0,0.0,96.0,1824.0,,,
independent_revised,none,32,none,0.0,1.6589575548756898e-05,1.1656343840649324e-05,0.0,0.0018333199142392224,0.0,145920,145920,0.02183173351941409,8.224653555669738e-05,3.795026123166594e-06,0.9897166637238306,0.9856859430406677,0.007962296144659597,0.07512307755780276,0.0,0.0,96.0,1824.0,,,
independent_revised,none,33,none,0.0,1.5149795988367521e-05,3.89735018795466e-05,0.0,0.0046715332292986975,0.0,145920,145920,0.018624077172020335,0.0,2.052293876953553e-05,0.9856719346047117,0.9551862308344783,0.05916842709161785,0.7140761910838054,0.0,0.0,96.0,1824.0,,,
independent_revised,none,34,none,0.0,2.27838804025897e-05,2.2181876044829655e-05,0.0,0.0049887785829327465,0.0,145920,145920,0.017711925249769955,0.0,2.9451329062877135e-06,0.9605823750449962,0.9556832599157631,0.009388005963865798,0.9296653025434489,0.0,0.0,96.0,1824.0,,,
independent_revised,none,35,none,0.0,3.0051777806207937e-05,3.439391978673377e-05,0.0,0.04469133357688627,0.0,145920,145920,0.017416516497012972,0.0,2.569752816731024e-06,0.9645880825758489,0.9601867028458174,0.008471664725430705,0.9745262162340647,0.0,0.0,96.0,1824.0,,,
independent_revised,none,36,none,0.0,9.62996737242758e-06,3.104923290500592e-05,0.0,0.007680594645806811,0.0,145920,145920,0.018063295750930325,0.0,1.884389204155427e-05,0.9833922840519115,0.9535759584947591,0.057753275713636865,0.8644903465674587,0.0,0.0,96.0,1824.0,,,
independent_revised,none,37,none,0.0,3.8514121381217954e-05,5.128166150946332e-05,0.0,0.021895061644749435,0.0,145920,145920,0.018807122612632707,0.0,2.0066478906609425e-05,0.9664016051109676,0.936589705103519,0.05673178665515788,0.7937362886725227,0.0,0.0,96.0,1824.0,,,
independent_revised,none,38,none,0.0,2.169178648302418e-05,3.379399679571942e-05,0.0,0.012452626288502999,0.0,145920,145920,0.01992865999655471,4.0404680905160775e-06,1.0949734821116855e-05,0.9705206942748349,0.9562111391057223,0.027570675465844463,0.4510292946015599,0.0,0.0,96.0,1824.0,,,
independent_revised,none,39,none,0.0,4.076469667733128e-05,3.966311613941845e-05,0.0,0.005593802713291542,0.0,145920,145920,0.02064744243264154,1.9917453893538724e-05,6.668772133329043e-06,0.9598852900696468,0.9517021651961469,0.015642758853055883,0.3430875306156506,0.0,0.0,96.0,1824.0,,,
independent_revised,parameter,0,theta,0.003599999986765268,1.7203361965431753e-05,3.803315002255324e-05,1.7203361965431753e-05,0.00800731325895002,0.0,145920,145920,0.06645799895614328,1.9996951210929603e-05,1.743953237167574e-05,0.3027486042718263,0.29615560621120657,0.003948574298211646,0.34257754309534194,3.803315002255324e-05,0.00800731325895002,146016.0,147744.0,,,
independent_revised,parameter,1,theta,0.0035999999972067863,2.5024764424832085e-05,3.0043712962487747e-05,2.5024764424832085e-05,0.016925870829909463,0.0,145920,145920,0.06348120728587343,0.0,1.1839196075337425e-05,0.2965250435077436,0.29152913451921286,0.002937865153747929,0.5831773700780217,3.0043712962487747e-05,0.016925870829909463,146016.0,147744.0,,,
independent_revised,parameter,2,theta,0.003600000001920624,6.727345002834019e-05,6.77956133662163e-05,6.727345002834019e-05,0.005829110048913836,0.0,145920,145920,0.06149642046983998,0.0,5.0784233107059e-06,0.2981645293051673,0.2959040912477614,0.001342855318608449,0.8849916284076699,6.77956133662163e-05,0.005829110048913836,146016.0,147744.0,,,
independent_revised,parameter,3,theta,0.00360000001532728,2.3289771896272656e-05,5.5520538981955554e-05,2.3289771896272656e-05,0.010961915384630224,0.0,145920,145920,0.06470501025913751,7.025922239083415e-05,2.2958700165108484e-05,0.32333678974353286,0.31474276406697843,0.005483672069131931,0.10612651484097141,5.5520538981955554e-05,0.010961915384630224,146016.0,147744.0,,,
independent_revised,parameter,4,theta,0.003600000004285015,2.3906839454761215e-05,3.260173126174724e-05,2.3906839454761215e-05,0.0009615485505877968,0.0,145920,145920,0.06308967121971505,1.2079745962880424e-05,1.6237829740109554e-06,0.3094387600967887,0.30877887234508217,0.0004079542435374284,0.3949967857719468,3.260173126174724e-05,0.0009615485505877968,146016.0,147744.0,,,
independent_revised,parameter,5,theta,0.0036000000092557567,6.390850928049189e-06,5.415438758389719e-06,6.390850928049189e-06,0.0005043407413802548,0.0,145920,145920,0.06312400678882564,3.66974716345738e-05,3.211638935370998e-07,0.3224185908557187,0.32229357308962503,8.060047450988983e-05,0.24421217130181594,5.415438758389719e-06,0.0005043407413802548,146016.0,147744.0,,,
independent_revised,parameter,6,theta,0.0036000000000648126,1.9602032448343816e-05,3.0170078225402658e-05,1.9602032448343816e-05,0.0076306464831969725,0.0,145920,145920,0.06295447943919465,3.067621647105898e-05,1.0258259901349717e-05,0.31826377402753436,0.3141711241080841,0.0025883346349122593,0.277551843887684,3.0170078225402658e-05,0.0076306464831969725,146016.0,147744.0,,,
independent_revised,parameter,7,theta,0.003599999988411198,1.716485307747286e-05,2.6697334359476733e-05,1.716485307747286e-05,0.0051986892769164345,0.0,145920,145920,0.06331425654355881,0.0,5.333365034732762e-06,0.31010882166444703,0.30795621784024607,0.0013304491676427166,0.5107050476193006,2.6697334359476733e-05,0.0051986892769164345,146016.0,147744.0,,,
independent_revised,parameter,8,theta,0.003600000026579217,2.2880553241169498e-05,2.3193502566543895e-05,2.2880553241169498e-05,0.0011163280275445688,0.0,145920,145920,0.0605524229113221,0.0,5.1797299152561165e-08,0.29900660636995674,0.29898298253274724,1.4126808701206417e-05,0.7517408511480878,2.3193502566543895e-05,0.0011163280275445688,146016.0,147744.0,,,
independent_revised,parameter,9,theta,0.0036000000252544746,1.5956967650370125e-05,2.197335953255847e-05,1.5956967650370125e-05,0.0039564461117076715,0.0,145920,145920,0.061103482441888304,0.0,8.05585656759288e-06,0.2972460763929695,0.2935942538271418,0.002157644050698876,0.7765474795059805,2.197335953255847e-05,0.0039564461117076715,146016.0,147744.0,,,
independent_revised,parameter,10,theta,0.0035999999824234095,3.431353867034892e-05,4.418306835223218e-05,3.431353867034892e-05,0.006410028436480852,0.0,145920,145920,0.05995588666959854,0.0,8.57219260941697e-06,0.2994672466624978,0.2954589006522385,0.0023846698489879553,0.7888607724330905,4.418306835223218e-05,0.006410028436480852,146016.0,147744.0,,,
independent_revised,parameter,11,theta,0.0035999999981708103,2.0067903178245493e-05,2.4345312605085008e-05,2.0067903178245493e-05,0.004510059653870444,0.0,145920,145920,0.060955328604366615,0.0,1.6144022974790671e-06,0.2709762555637381,0.2701733377806386,0.000434498631813246,0.9704199247869026,2.4345312605085008e-05,0.004510059653870444,146016.0,147744.0,,,
independent_revised,parameter,12,theta,0.0035999999947340174,6.3007336056357324e-06,1.6038177777585145e-05,6.3007336056357324e-06,0.10665175348054212,0.0,145920,145920,0.06267489293502054,0.0,4.7522780745132775e-06,0.2992783578479572,0.29725028597808706,0.0012098029621153833,0.6924487402391099,1.6038177777585145e-05,0.10665175348054212,146016.0,147744.0,,,
independent_revised,parameter,13,theta,0.0035999999876686574,5.414329115285775e-05,5.0273679439352746e-05,5.414329115285775e-05,0.015603359201999177,0.0,145920,145920,0.07294146692578361,2.0045622302825663e-05,7.551114351758574e-06,0.2713153147903005,0.26868706652873764,0.0014192603199415788,0.34226548637412724,5.0273679439352746e-05,0.015603359201999177,146016.0,147744.0,,,
independent_revised,parameter,14,theta,0.00359999999708589,1.1660233993541218e-05,2.7779506934371948e-05,1.1660233993541218e-05,0.1611400957343395,0.0,145920,145920,0.06486927797965311,3.677237276906506e-05,3.5101155667120295e-05,0.3125480690237296,0.2989060255361277,0.008341483348657808,0.243813492220922,2.7779506934371948e-05,0.1611400957343395,146016.0,147744.0,,,
independent_revised,parameter,15,theta,0.003600000015238128,3.966381288293738e-05,4.804197510744029e-05,3.966381288293738e-05,0.019786848710665106,0.0,145920,145920,0.06321955320633899,3.736663425015722e-05,1.4042437725488706e-05,0.3189672403877945,0.31341123597128057,0.0035134976075593682,0.24066460106407464,4.804197510744029e-05,0.019786848710665106,146016.0,147744.0,,,
independent_revised,parameter,16,theta,0.0036000000130750743,2.1990371075334473e-05,6.0528954442727435e-05,2.1990371075334473e-05,0.007400630603601035,0.0,145920,145920,0.06172086792103875,0.0,2.670292709187154e-05,0.30048497782683875,0.2885855095371964,0.007009625584752488,0.690211874760508,6.0528954442727435e-05,0.007400630603601035,146016.0,147744.0,,,
independent_revised,parameter,17,theta,0.0036000000188590774,2.2953359022208137e-05,5.545639052706331e-05,2.2953359022208137e-05,0.008661516517266966,0.0,145920,145920,0.0631407062335515,0.0,4.5968588977562316e-05,0.2737072558414033,0.2517644074959681,0.011530345018435528,0.9049006494215861,5.545639052706331e-05,0.008661516517266966,146016.0,147744.0,,,
independent_revised,parameter,18,theta,0.0035999999904396196,1.4649642791845968e-05,4.888142232205922e-05,1.4649642791845968e-05,0.019540484871840832,0.0,145920,145920,0.0632774249221422,0.0,2.287898807585838e-05,0.2900445616074417,0.2800211797679836,0.005713986599399659,0.8525650741071745,4.888142232205922e-05,0.019540484871840832,146016.0,147744.0,,,
independent_revised,parameter,19,theta,0.0035999999948390007,5.712944766903245e-05,6.45838590394944e-05,5.712944766903245e-05,0.027426160554900898,0.0,145920,145920,0.06589790551682335,0.0,2.041828435945979e-05,0.28677692802208243,0.2784583952716648,0.004701928548511924,0.595555365209145,6.45838590394944e-05,0.027426160554900898,146016.0,147744.0,,,
independent_revised,parameter,20,theta,0.0036000000070231246,5.5003395326396305e-06,4.859141375405074e-06,5.5003395326396305e-06,0.0027463372824486033,0.0,145920,145920,0.06539519538910925,0.00011201462198936198,5.0320382617186186e-06,0.3360321439821179,0.33427673920307344,0.0011766634169792373,0.02874295085152016,4.859141375405074e-06,0.0027463372824486033,146016.0,147744.0,,,
independent_revised,parameter,21,theta,0.003599999997331896,7.1402856912309214e-06,1.523824591651015e-05,7.1402856912309214e-06,0.0064817512424904305,0.0,145920,145920,0.06414166371425675,3.668947465394814e-05,8.257346342164802e-06,0.31720933013165353,0.31402977643864904,0.002007058632464462,0.24425476078180763,1.523824591651015e-05,0.0064817512424904305,146016.0,147744.0,,,
independent_revised,parameter,22,theta,0.0035999999846137304,3.638709079103188e-06,2.6172197085723758e-05,3.638709079103188e-06,0.02354448746350713,0.0,145920,145920,0.06384198666490276,0.0,1.697459597960088e-05,0.3041507858503392,0.2972254571333213,0.00416472816526707,0.48647952804897165,2.6172197085723758e-05,0.02354448746350713,146016.0,147744.0,,,
independent_revised,parameter,23,theta,0.003600000011594621,1.783579300997249e-05,4.218607087467379e-05,1.783579300997249e-05,0.04113671403329069,0.0,145920,145920,0.0658415714137845,0.0,1.7086670597427427e-05,0.27464955538995417,0.26737785761337024,0.00394145953398381,0.7937973936323751,4.218607087467379e-05,0.04113671403329069,146016.0,147744.0,,,
independent_revised,parameter,24,theta,0.0036000000097919844,1.1038074073674362e-05,1.9527742389963507e-05,1.1038074073674362e-05,0.010273125100611201,0.0,145920,145920,0.06358909140990407,2.079739012236156e-05,1.1129741189578493e-05,0.31113683789350527,0.306681723350983,0.0027524524568405123,0.33746257410681446,1.9527742389963507e-05,0.010273125100611201,146016.0,147744.0,,,
independent_revised,parameter,25,theta,0.0035999999801599267,1.9683903668131008e-05,4.1058109508436674e-05,1.9683903668131008e-05,0.03227950233309776,0.0,145920,145920,0.06166756795650217,0.0,1.5043485023071155e-05,0.31254887136545145,0.3061551772078114,0.0039558044606711334,0.5738267355399149,4.1058109508436674e-05,0.03227950233309776,146016.0,147744.0,,,
independent_revised,parameter,26,theta,0.0036000000113949647,2.8956141362906205e-05,4.036891486910466e-05,2.8956141362906205e-05,0.009614543923693946,0.0,145920,145920,0.0662573779755059,0.0,3.3854900595325043e-06,0.2647556221173007,0.2632952036163759,0.0007711751953300844,0.8701253552503756,4.036891486910466e-05,0.009614543923693946,146016.0,147744.0,,,
independent_revised,parameter,27,theta,0.0036000000109920683,4.548223654266063e-06,2.513985083183792e-05,4.548223654266063e-06,0.020133968088071056,0.0,145920,145920,0.06214157468997509,1.8660746020868478e-05,1.7619369977919736e-05,0.3170975346046801,0.3098194715184939,0.004562741520367425,0.3511963038311085,2.513985083183792e-05,0.020133968088071056,146016.0,147744.0,,,
independent_revised,parameter,28,theta,0.00360000001617971,1.573088926402849e-05,3.136759291192687e-05,1.573088926402849e-05,0.055130230123571745,0.0,145920,145920,0.05963060585280052,2.609343287575871e-06,2.0325918696638528e-05,0.33457878185902507,0.3259243844006794,0.005716256923307253,0.4612271191242019,3.136759291192687e-05,0.055130230123571745,146016.0,147744.0,,,
independent_revised,parameter,29,theta,0.0035999999769086425,3.319278917548325e-05,7.086211525888735e-05,3.319278917548325e-05,0.008044119019961347,0.0,145920,145920,0.0629150582806525,8.733797871885883e-06,3.415547939754066e-05,0.3139723273975972,0.2999163332579336,0.00862881541658006,0.4180270613340407,7.086211525888735e-05,0.008044119019961347,146016.0,147744.0,,,
independent_revised,parameter,30,theta,0.0036000000087061082,3.763815045269953e-05,3.9933252639734123e-05,3.763815045269953e-05,0.013445400866275601,0.0,145920,145920,0.06464765769281497,2.614562503562806e-05,6.984120284113723e-06,0.3087197408155881,0.30600124868741835,0.0016711141709846444,0.30426147878426074,3.9933252639734123e-05,0.013445400866275601,146016.0,147744.0,,,
independent_revised,parameter,31,theta,0.0036000000065087986,5.257040645230232e-05,6.835363342387985e-05,5.257040645230232e-05,0.009139852636937595,0.0,145920,145920,0.06679758649004196,0.0,9.871104577834647e-06,0.28835024583393526,0.2844882480803214,0.0022123009766804036,0.48569361522299953,6.835363342387985e-05,0.009139852636937595,146016.0,147744.0,,,
independent_revised,parameter,32,theta,0.003599999978788803,1.4297573246790767e-05,1.4130207903805081e-05,1.4297573246790767e-05,0.0018459920922946997,0.0,145920,145920,0.06483390531343383,0.0,1.835819940458399e-06,0.2938121785035668,0.29306800144899026,0.0004367427637064353,0.573899311181233,1.4130207903805081e-05,0.0018459920922946997,146016.0,147744.0,,,
independent_revised,parameter,33,theta,0.003599999990744367,2.0849340677502996e-05,3.293275803757698e-05,2.0849340677502996e-05,0.004913496951313763,0.0,145920,145920,0.05410496306085951,0.0,1.5033578973376418e-05,0.3535279342488006,0.3461884399653794,0.0051355643285611735,0.49541715097330763,3.293275803757698e-05,0.004913496951313763,146016.0,147744.0,,,
independent_revised,parameter,34,theta,0.003599999995130137,1.8434338416352904e-05,2.3213901399114824e-05,1.8434338416352904e-05,0.006952216730229678,0.0,145920,145920,0.06381904341118318,0.0,5.550889033529122e-06,0.29233600654773556,0.2899955983867065,0.0013628936406137049,0.747404569618119,2.3213901399114824e-05,0.006952216730229678,146016.0,147744.0,,,
independent_revised,parameter,35,theta,0.003599999983662746,7.55181770241275e-06,9.35014594558266e-06,7.55181770241275e-06,0.01817453703904467,0.0,145920,145920,0.057228527175540576,0.0,5.117589916598272e-06,0.31898439758174063,0.31652562739830264,0.0015625731006968652,0.7533107330720271,9.35014594558266e-06,0.01817453703904467,146016.0,147744.0,,,
independent_revised,parameter,36,theta,0.0035999999952573748,2.492833236696527e-05,2.5706358879541652e-05,2.492833236696527e-05,0.00460584700543774,0.0,145920,145920,0.059445314290669786,3.0680791646174555e-05,7.460511903604093e-06,0.33872291475945415,0.3355920046138209,0.002111219422417668,0.27752556061455047,2.5706358879541652e-05,0.00460584700543774,146016.0,147744.0,,,
independent_revised,parameter,37,theta,0.003600000003761045,5.5109052407153606e-05,5.518864582268746e-05,5.5109052407153606e-05,0.022001873216729712,0.0,145920,145920,0.05841580375792935,0.0,1.014833753454794e-05,0.29677709380300726,0.291723653126407,0.002973953612742733,0.9100617412234853,5.518864582268746e-05,0.022001873216729712,146016.0,147744.0,,,
independent_revised,parameter,38,theta,0.0036000000118659357,1.269526589896948e-05,1.957697700597693e-05,1.269526589896948e-05,0.011357835356981438,0.0,145920,145920,0.06083455911413056,0.0,9.421229084390033e-06,0.2867983277209582,0.28232531423827123,0.0025456977237995337,0.9434904190749389,1.957697700597693e-05,0.011357835356981438,146016.0,147744.0,,,
independent_revised,parameter,39,theta,0.0035999999945837526,1.6404713699823976e-05,3.9282995116972813e-05,1.6404713699823976e-05,0.005297784156590277,0.0,145920,145920,0.05741584192379377,0.0,1.66104972022519e-05,0.32110263295800995,0.3131584156378456,0.005038707607760803,0.7662574602477826,3.9282995116972813e-05,0.005297784156590277,146016.0,147744.0,,,
independent_revised,schedule,0,joint,0.003609230907112692,0.0007436434226137799,2.93671464584277e-05,2.93671464584277e-05,0.07398253530818476,0.07398253530818476,145920,145920,0.06486260961324324,0.0007189086708884659,0.000725972055811759,0.50850599536198,0.29329498532325005,0.17255639890331262,5.669105740250475e-19,2.93671464584277e-05,0.07398253530818476,146016.0,147744.0,,,
independent_revised,schedule,1,joint,0.003599995120481775,0.0008140048178285942,4.7071164845867964e-05,4.7071164845867964e-05,0.027709809403811948,0.027709809403811948,145920,145920,0.05724339662892315,0.0006300997804692328,0.0005393923576539428,0.5534537230004745,0.37643308004526427,0.16460915975072157,6.408719614069904e-16,4.7071164845867964e-05,0.027709809403811948,146016.0,147744.0,,,
independent_revised,schedule,2,joint,0.00360287189044451,0.0006479854824386213,6.778341428680442e-05,6.778341428680442e-05,0.030793828066117884,0.030793828066117884,145920,145920,0.06350173926870678,0.0005786801727790147,0.0007381112552249197,0.49920992333751124,0.2572326133183279,0.18304193020406745,3.238552446137847e-14,6.778341428680442e-05,0.030793828066117884,146016.0,147744.0,,,
independent_revised,schedule,3,joint,0.0036060917031121276,0.0006219604956725669,1.1116221585786785e-05,1.1116221585786785e-05,0.02672143869175552,0.02672143869175552,145920,145920,0.06126784440080378,0.0005139161254039459,0.0005608163447389374,0.48717042492526635,0.29653557936666874,0.14940167309153868,3.795676925188508e-12,1.1116221585786785e-05,0.02672143869175552,146016.0,147744.0,,,
independent_revised,schedule,4,joint,0.0036066325694071684,0.0010098709388644239,2.6722526352727252e-05,2.6722526352727252e-05,0.035718293276913435,0.035718293276913435,145920,145920,0.06973882683789201,0.0006752696551033194,0.0007826393142698224,0.47288203789428834,0.2503927849428351,0.16092087501162627,1.8634646410205005e-17,2.6722526352727252e-05,0.035718293276913435,146016.0,147744.0,,,
independent_revised,schedule,5,joint,0.003600247590759308,0.0007648688851696144,4.6277878826320436e-05,4.6277878826320436e-05,0.07770316958923387,0.07770316958923387,145920,145920,0.06702993648477296,0.0005684268297956983,0.0005761450183187617,0.4616203646799271,0.2913108592888036,0.12823134434764777,6.979840722345487e-14,4.6277878826320436e-05,0.07770316958923387,146016.0,147744.0,,,
independent_revised,schedule,6,joint,0.003603789036508386,0.0008287531344381571,4.982949937156216e-05,4.982949937156216e-05,0.05502941724002064,0.05502941724002064,145920,145920,0.06578543378073824,0.0006513445923317316,0.0006309427692393192,0.4859212596601964,0.30054708234217714,0.14579092188535658,1.2262127082287082e-16,4.982949937156216e-05,0.05502941724002064,146016.0,147744.0,,,
independent_revised,schedule,7,joint,0.0036130960876689707,0.0007994421299622115,1.7985498493696772e-05,1.7985498493696772e-05,0.031792131773207916,0.031792131773207916,145920,145920,0.06962750168143116,0.0007780622046212795,0.0008126784547971429,0.4911711909258985,0.27132464620612234,0.167632075156688,4.476711107425997e-21,1.7985498493696772e-05,0.031792131773207916,146016.0,147744.0,,,
independent_revised,schedule,8,joint,0.003611658335596728,0.0007912933543741821,1.4529776755067367e-05,1.4529776755067367e-05,0.05309743766067623,0.05309743766067623,145920,145920,0.060348481634469216,0.0007007468627329379,0.0006274814324672591,0.5484505224710529,0.3584756018230693,0.17229321849635912,2.4461747635576148e-18,1.4529776755067367e-05,0.05309743766067623,146016.0,147744.0,,,
independent_revised,schedule,9,joint,0.0036074809648838457,0.0009967777009223832,6.396627975420662e-05,6.396627975420662e-05,0.05233475053483907,0.05233475053483907,145920,145920,0.06924600439273794,0.0009693013114216907,0.0011862585878698877,0.5485863961912489,0.2314143383939701,0.24739443807178305,3.4893898571692276e-28,6.396627975420662e-05,0.05233475053483907,146016.0,147744.0,,,
independent_revised,schedule,10,joint,0.0036116651327041216,0.0007625346542990407,0.00013835017875995018,0.00013835017875995018,0.32602139880095204,0.32602139880095204,145920,145920,0.06563816635999355,0.0008637150729542594,0.0009251051381147915,0.54102684309185,0.27926191980776155,0.21472282509121665,3.322328953350092e-24,0.00013835017875995018,0.32602139880095204,146016.0,147744.0,,,
independent_revised,schedule,11,joint,0.003609160134896817,0.0007722002485525794,1.1272253291318399e-05,1.1272253291318399e-05,0.034543672944516005,0.034543672944516005,145920,145920,0.05856626919285153,0.0004308647359759358,0.0005136244486995837,0.5028027578756287,0.3210392817543205,0.14974439289800806,1.2246277383847018e-09,1.1272253291318399e-05,0.034543672944516005,146016.0,147744.0,,,
independent_revised,schedule,12,joint,0.0036071546280210397,0.0008696520053372022,2.9979359564371718e-05,2.9979359564371718e-05,0.03929528406509531,0.03929528406509531,145920,145920,0.07253603445901007,0.0006537022163274857,0.0006514388041725266,0.44074853913584616,0.2654173001856386,0.12381293151254913,1.0194627769004616e-16,2.9979359564371718e-05,0.03929528406509531,146016.0,147744.0,,,
independent_revised,schedule,13,joint,0.00361033867811298,0.0009249653256745436,6.172925990951723e-05,6.172925990951723e-05,0.1119682392943967,0.1119682392943967,145920,145920,0.059657365981281484,0.0005439895204835235,0.0005260392678006043,0.5111726865029176,0.33688605261141213,0.14780530298251093,4.264382470770636e-13,6.172925990951723e-05,0.1119682392943967,146016.0,147744.0,,,
independent_revised,schedule,14,joint,0.003600473846889044,0.0007444823352328186,1.458800955489286e-05,1.458800955489286e-05,0.05475188998997962,0.05475188998997962,145920,145920,0.06351628330444997,0.0006687141736171362,0.0006622389976236872,0.5118821054452869,0.3128448297041419,0.16415140240248627,3.129609370354169e-17,1.458800955489286e-05,0.05475188998997962,146016.0,147744.0,,,
independent_revised,schedule,15,joint,0.003601759060147551,0.0007803879733916592,7.254313952533608e-05,7.254313952533608e-05,0.08774476532147119,0.08774476532147119,145920,145920,0.062241392447807714,0.0004971107192096677,0.0004693737211151602,0.4859454730628814,0.3390910643646951,0.1211602528583258,1.2612859598971572e-11,7.254313952533608e-05,0.08774476532147119,146016.0,147744.0,,,
independent_revised,schedule,16,joint,0.0036083869664513533,0.0007783119869592224,3.2834161407583274e-05,3.2834161407583274e-05,0.018563093681481766,0.018563093681481766,145920,145920,0.061252174891384466,0.0003843010463109545,0.0005112914103454966,0.4489820987035515,0.2555523695080284,0.13627791139507778,2.584097062196409e-08,3.2834161407583274e-05,0.018563093681481766,146016.0,147744.0,,,
independent_revised,schedule,17,joint,0.0036056175567248136,0.0010247600771292266,4.049086144079922e-05,4.049086144079922e-05,0.08650473072904653,0.08650473072904653,145920,145920,0.06492804671926165,0.0007601338487653531,0.0008008291220921146,0.5190766808996288,0.28191293885502516,0.18996569555989784,1.9659703186647945e-20,4.049086144079922e-05,0.08650473072904653,146016.0,147744.0,,,
independent_revised,schedule,18,joint,0.003609820588998005,0.0011136953748462559,6.919239635072313e-05,6.919239635072313e-05,0.040246792592838504,0.040246792592838504,145920,145920,0.06790427956616842,0.001447813573878143,0.001558051873437845,0.6341413085890193,0.25344751585325576,0.33789955596680743,1.9172865097274795e-47,6.919239635072313e-05,0.040246792592838504,146016.0,147744.0,,,
independent_revised,schedule,19,joint,0.0036074678323375483,0.0009363441484429491,2.5269241317925676e-05,2.5269241317925676e-05,0.029631225476751684,0.029631225476751684,145920,145920,0.05415236881341231,0.0006794031501616343,0.0007351711025057563,0.6048115140494232,0.3392601408707617,0.2506995243431066,1.3426828898200572e-17,2.5269241317925676e-05,0.029631225476751684,146016.0,147744.0,,,
independent_revised,schedule,20,joint,0.0036063062334572983,0.0009268987418878216,7.284460948662021e-05,7.284460948662021e-05,0.03664498442116912,0.03664498442116912,145920,145920,0.05866979676542583,0.0006017906282705582,0.0007234787759355872,0.5321444967929435,0.27017629356749334,0.2101825358611467,5.635853417949809e-15,7.284460948662021e-05,0.03664498442116912,146016.0,147744.0,,,
independent_revised,schedule,21,joint,0.0036071658298180236,0.0007409612951213278,4.683214987175132e-05,4.683214987175132e-05,0.029152484395725008,0.029152484395725008,145920,145920,0.062378140157594984,0.0007283396153764044,0.0006905093152138135,0.5342263630047722,0.3285362722974875,0.17746172471417782,2.641028095298514e-19,4.683214987175132e-05,0.029152484395725008,146016.0,147744.0,,,
independent_revised,schedule,22,joint,0.003612283480515671,0.0008428344774622528,3.713063608493499e-05,3.713063608493499e-05,0.07735501216598796,0.07735501216598796,145920,145920,0.06213310387490013,0.0009110454574863585,0.0010444252808797766,0.5976160106516408,0.2942873194060875,0.27053986982396155,5.666455161550463e-26,3.713063608493499e-05,0.07735501216598796,146016.0,147744.0,,,
independent_revised,schedule,23,joint,0.0036193342882466966,0.001104121403442067,2.680382223469034e-05,2.680382223469034e-05,0.052189760434707806,0.052189760434707806,145920,145920,0.06487749227996736,0.0008298847600719389,0.0009435287418519041,0.5592763398929512,0.29770023014507124,0.2241645973356275,5.872136069296426e-23,2.680382223469034e-05,0.052189760434707806,146016.0,147744.0,,,
independent_revised,schedule,24,joint,0.003611075543449975,0.0007185655354568802,2.577054399390629e-05,2.577054399390629e-05,0.019784361891063407,0.019784361891063407,145920,145920,0.06558724866841154,0.0004685122872693469,0.000484156806455318,0.44219194933605593,0.2880681781139749,0.1125504448157163,9.388131125500777e-11,2.577054399390629e-05,0.019784361891063407,146016.0,147744.0,,,
independent_revised,schedule,25,joint,0.003604554597460182,0.0007806982381383086,4.002453944137969e-05,4.002453944137969e-05,0.026445512289347457,0.026445512289347457,145920,145920,0.06544160397091374,0.0007824048183006901,0.0007467910326874125,0.5279759122200457,0.32308010155645683,0.17437781186285894,3.123392124027153e-21,4.002453944137969e-05,0.026445512289347457,146016.0,147744.0,,,
independent_revised,schedule,26,joint,0.0036028951522220493,0.0007122531479489008,8.895282603129984e-05,8.895282603129984e-05,0.043666714367565085,0.043666714367565085,145920,145920,0.05824698104171288,0.0006101953326331835,0.0006231539672785662,0.5544219563797153,0.35172340115810585,0.18367435479368505,2.9662774881890485e-15,8.895282603129984e-05,0.043666714367565085,146016.0,147744.0,,,
independent_revised,schedule,27,joint,0.0036141849633840213,0.0007771617633292804,1.647248729686823e-05,1.647248729686823e-05,0.03267148336436849,0.03267148336436849,145920,145920,0.06416628688284925,0.0007724335656862329,0.0007616486314475814,0.527804017584512,0.30592521074135154,0.18498684641121152,7.131776977636351e-21,1.647248729686823e-05,0.03267148336436849,146016.0,147744.0,,,
independent_revised,schedule,28,joint,0.0036050202370411727,0.0008996266729524409,5.940657888796887e-05,5.940657888796887e-05,0.033274048731194404,0.033274048731194404,145920,145920,0.058477585747301025,0.00041021144464757105,0.0006397219841982308,0.5366394459384775,0.31766072583292443,0.1870735582004557,4.822802818373071e-09,5.940657888796887e-05,0.033274048731194404,146016.0,147744.0,,,
independent_revised,schedule,29,joint,0.0036087758560861705,0.0007309994170705095,3.3712985445642166e-05,3.3712985445642166e-05,0.024097326247164288,0.024097326247164288,145920,145920,0.06798377800382924,0.0005166740370410904,0.0006877255732759668,0.4505936846897226,0.2328821650443805,0.1488005658865031,3.112231143158764e-12,3.3712985445642166e-05,0.024097326247164288,146016.0,147744.0,,,
independent_revised,schedule,30,joint,0.0036025643302127017,0.0007045406316197403,4.5202935163661554e-05,4.5202935163661554e-05,0.026875901904356073,0.026875901904356073,145920,145920,0.06342573832584208,0.0009212282815230614,0.0008592582601770048,0.568602829717361,0.3312301397280024,0.21359577249835823,2.341882602266768e-26,4.5202935163661554e-05,0.026875901904356073,146016.0,147744.0,,,
independent_revised,schedule,31,joint,0.0036076866198318904,0.0006303175759680241,3.695549431623798e-05,3.695549431623798e-05,0.019710483345183518,0.019710483345183518,145920,145920,0.06274525972842233,0.00032933751389285136,0.0004626494000616291,0.4391661652260201,0.27450459283910905,0.11751414918956293,7.714409809683371e-07,3.695549431623798e-05,0.019710483345183518,146016.0,147744.0,,,
independent_revised,schedule,32,joint,0.0036048943266074386,0.0010283700478378973,3.505981739710247e-05,3.505981739710247e-05,0.07898997875010706,0.07898997875010706,145920,145920,0.06584727145497969,0.0008650099035747549,0.0008725967020119614,0.5362273089228008,0.2937494657173805,0.20125097822534235,2.9745541880089498e-24,3.505981739710247e-05,0.07898997875010706,146016.0,147744.0,,,
independent_revised,schedule,33,joint,0.0036037547199084118,0.0007009202056382532,1.619512886637269e-05,1.619512886637269e-05,0.037312655682157476,0.037312655682157476,145920,145920,0.06432319656221681,0.0006891349116309575,0.0006658401243754652,0.5096811238137028,0.3143973521220821,0.16092915295062254,6.190423027169984e-18,1.619512886637269e-05,0.037312655682157476,146016.0,147744.0,,,
independent_revised,schedule,34,joint,0.0036091233215526032,0.0008314506882694753,2.4031651921279676e-05,2.4031651921279676e-05,0.05692817877512975,0.05692817877512975,145920,145920,0.07048346278104642,0.0006757615844587226,0.000751482555455599,0.4686034054598874,0.26138490065930586,0.15126708531592842,1.7922360274762648e-17,2.4031651921279676e-05,0.05692817877512975,146016.0,147744.0,,,
independent_revised,schedule,35,joint,0.0036001154303277596,0.0010130529061985064,2.803582929087872e-05,2.803582929087872e-05,0.025574850818398814,0.025574850818398814,145920,145920,0.06331572760809044,0.0008033923228811793,0.0007809376318493841,0.5414666334141115,0.3136626112109478,0.19480188142914162,5.438145185562831e-22,2.803582929087872e-05,0.025574850818398814,146016.0,147744.0,,,
independent_revised,schedule,36,joint,0.0036025849117787916,0.0008801953041851858,5.8571038836221056e-05,5.8571038836221056e-05,0.0276096091432676,0.0276096091432676,145920,145920,0.06370715168696896,0.00047917746674454184,0.0005504515518116342,0.4712635960600892,0.2940466778309129,0.13562592822809028,4.4652998778632976e-11,5.8571038836221056e-05,0.0276096091432676,146016.0,147744.0,,,
independent_revised,schedule,37,joint,0.0036013509131517106,0.0007467827734530664,1.5799760856176744e-05,1.5799760856176744e-05,0.19480097902388993,0.19480097902388993,145920,145920,0.05680301470135734,0.0006237759080157622,0.0006131567462696145,0.5547890050906793,0.34315880399225285,0.1900328754121124,1.0446838345142847e-15,1.5799760856176744e-05,0.19480097902388993,146016.0,147744.0,,,
independent_revised,schedule,38,joint,0.003605680926478049,0.0007227571004841125,6.409438856734285e-05,6.409438856734285e-05,0.027690503832962742,0.027690503832962742,145920,145920,0.0682733951125868,0.0006990373830893411,0.0007806138490229915,0.48970210782130597,0.26896023423533844,0.16746854680470186,2.8053451581092854e-18,6.409438856734285e-05,0.027690503832962742,146016.0,147744.0,,,
independent_revised,schedule,39,joint,0.0036116584244061,0.0008610361716405273,2.3258469379541826e-05,2.3258469379541826e-05,0.03820498167035147,0.03820498167035147,145920,145920,0.05541468858565522,0.0004962882870150965,0.0005605400560573704,0.5382110605600388,0.32730970782637014,0.1825395008717779,1.3371008347145172e-11,2.3258469379541826e-05,0.03820498167035147,146016.0,147744.0,,,
independent_revised,mixed,0,joint,0.003602141067204352,0.0006360547444540869,3.663129553215998e-05,3.663129553215998e-05,0.04502588439530459,0.04502588439530459,145920,145920,0.05591837847298501,0.0005141097681363274,0.000489228105660323,0.5443321670742984,0.3739490499456371,0.15645961615655735,3.743185454807238e-12,3.663129553215998e-05,0.04502588439530459,146016.0,147744.0,,,
independent_revised,mixed,1,joint,0.0036059904276574675,0.0006057022751295308,4.137030214820921e-05,4.137030214820921e-05,0.016199699032842577,0.016199699032842577,145920,145920,0.06646944216525014,0.0004078139630269996,0.0004902757003126256,0.44314285060219616,0.2922464004936437,0.11096762743834916,5.644200436124583e-09,4.137030214820921e-05,0.016199699032842577,146016.0,147744.0,,,
independent_revised,mixed,2,joint,0.0036050647381090776,0.0008147735988091804,2.080246445669506e-05,2.080246445669506e-05,0.07211761607663188,0.07211761607663188,145920,145920,0.060916236796843465,0.0005792527839715828,0.000629313740893585,0.5105390395607603,0.3017611342502886,0.16959032877160285,3.102155280861247e-14,2.080246445669506e-05,0.07211761607663188,146016.0,147744.0,,,
independent_revised,mixed,3,joint,0.0035996219139879733,0.0010480918933287195,4.6331301497043966e-05,4.6331301497043966e-05,0.056140954130848346,0.056140954130848346,145920,145920,0.06554492861506968,0.0008041439231152685,0.0008515746855446227,0.5242657218335807,0.27683186084503525,0.19821866791076043,5.106852622078083e-22,4.6331301497043966e-05,0.056140954130848346,146016.0,147744.0,,,
independent_revised,mixed,4,joint,0.0036095270599622946,0.0006542074703906403,2.4329888039247007e-05,2.4329888039247007e-05,0.026629597491481062,0.026629597491481062,145920,145920,0.06357164518130755,0.0005835979500881345,0.000536757180911227,0.4902058137816112,0.3278499153577244,0.13281617286522462,2.2368787562378495e-14,2.4329888039247007e-05,0.026629597491481062,146016.0,147744.0,,,
independent_revised,mixed,5,joint,0.0036035474144575814,0.0009887131647873372,3.4288844821437234e-05,3.4288844821437234e-05,0.03861606193741512,0.03861606193741512,145920,145920,0.06071758238792539,0.0010599209309607816,0.001025088236960514,0.6299047931683693,0.34456352745152596,0.2780560240066477,1.0861681812497635e-31,3.4288844821437234e-05,0.03861606193741512,146016.0,147744.0,,,
independent_revised,mixed,6,joint,0.003600079511842064,0.0007095842669097158,6.45334296034837e-05,6.45334296034837e-05,0.05896969971479253,0.05896969971479253,145920,145920,0.0619250818301698,0.00042626400588484994,0.0005114784174508777,0.4572053670675434,0.27505580688251363,0.13338105077557644,1.6659653920025684e-09,6.45334296034837e-05,0.05896969971479253,146016.0,147744.0,,,
independent_revised,mixed,7,joint,0.0036078128681987023,0.0009842722447437472,4.6066300278910334e-05,4.6066300278910334e-05,0.041681310218937076,0.041681310218937076,145920,145920,0.057938034023396846,0.0007648974044899174,0.0009135616737656764,0.6062698454893817,0.3088880982546731,0.27215126830633013,1.3282424205663964e-20,4.6066300278910334e-05,0.041681310218937076,146016.0,147744.0,,,
independent_revised,mixed,8,joint,0.0036040979092536243,0.0007243971477542436,2.9672623715892766e-05,2.9672623715892766e-05,0.02596045415321389,0.02596045415321389,145920,145920,0.06389501329843579,0.0006936358789517502,0.0006735776808665829,0.5136747557657677,0.3144411274652347,0.16498853206941314,4.321944245942533e-18,2.9672623715892766e-05,0.02596045415321389,146016.0,147744.0,,,
independent_revised,mixed,9,joint,0.0035998887646776306,0.0010844777780919855,3.442498956668305e-05,3.442498956668305e-05,0.037818730323289536,0.037818730323289536,145920,145920,0.06206632330040466,0.001004743873552737,0.0010627351052930414,0.6106550903734729,0.31148712901532966,0.2758754078568217,1.5157070689151164e-29,3.442498956668305e-05,0.037818730323289536,146016.0,147744.0,,,
independent_revised,mixed,10,theta,0.0035991893177220353,2.4746174882789677e-05,1.999037662044439e-05,2.4746174882789677e-05,0.03203414492380892,0.0,145920,145920,0.06547826653055776,2.6374577144131184e-05,2.306468713768232e-05,0.30445861830246734,0.2954918106663566,0.005379640087765564,0.3028796288680367,1.999037662044439e-05,0.03203414492380892,146016.0,147744.0,,,
independent_revised,mixed,11,joint,0.003619767230271255,0.0010510084994496082,8.583640675494746e-05,8.583640675494746e-05,0.04463528148356196,0.04463528148356196,145920,145920,0.06193077329419759,0.0007861679355675496,0.0008015530154248464,0.5619310305096391,0.3267713193452477,0.20898698790299108,2.2853100765849348e-21,8.583640675494746e-05,0.04463528148356196,146016.0,147744.0,,,
independent_revised,mixed,12,joint,0.0036045183349329535,0.000916284387496502,2.187100071359629e-05,2.187100071359629e-05,0.027838023034675276,0.027838023034675276,145920,145920,0.06538541268048415,0.0007663776221375689,0.000920575666700694,0.5467472164342017,0.289146820867068,0.21532663466101543,1.1756903831290121e-20,2.187100071359629e-05,0.027838023034675276,146016.0,147744.0,,,
independent_revised,mixed,13,joint,0.0036106326631381216,0.0006584605030887745,1.1897212414463829e-05,1.1897212414463829e-05,0.07304313920013347,0.07304313920013347,145920,145920,0.06333798903772193,0.0006009468720281607,0.0006457241198074336,0.5347911411689233,0.35361190263742565,0.1609601869858991,6.009920065156075e-15,1.1897212414463829e-05,0.07304313920013347,146016.0,147744.0,,,
independent_revised,mixed,14,joint,0.0035998844239515,0.0009335646987701027,3.248669895660963e-05,3.248669895660963e-05,0.06092783141641246,0.06092783141641246,145920,145920,0.06757875982018212,0.0008159993137001172,0.0008886240744544992,0.5142025782545134,0.264243338631341,0.19457974947255147,1.890549469463084e-22,3.248669895660963e-05,0.06092783141641246,146016.0,147744.0,,,
independent_revised,mixed,15,joint,0.0036067260156668482,0.001312772456855714,4.425661292263885e-05,4.425661292263885e-05,0.030554084380704647,0.030554084380704647,145920,145920,0.05881417102020654,0.0007583103468698577,0.0008340865672943746,0.5804044250533362,0.30942133325386717,0.24112773514889307,2.2839266656277814e-20,4.425661292263885e-05,0.030554084380704647,146016.0,147744.0,,,
independent_revised,mixed,16,joint,0.0036143045074085818,0.0018555215544107657,2.5999422619092028e-05,2.5999422619092028e-05,0.14416575555409136,0.14416575555409136,145920,145920,0.06365320360014697,0.001267208090458847,0.0014591858454885622,0.6485719622073807,0.24598100566592396,0.3601389350131127,5.608666049187211e-40,2.5999422619092028e-05,0.14416575555409136,146016.0,147744.0,,,
independent_revised,mixed,17,joint,0.0036012718529725533,0.000570720336789113,4.660653153903084e-05,4.660653153903084e-05,0.3214416263772956,0.3214416263772956,145920,145920,0.06711713988737218,0.0006354600712903498,0.0005818335763578382,0.474171861818699,0.3093182928662463,0.1291611482389225,4.22982583324709e-16,4.660653153903084e-05,0.3214416263772956,146016.0,147744.0,,,
independent_revised,mixed,18,joint,0.003599982746884925,0.0013179520084634724,6.772678201513479e-05,6.772678201513479e-05,0.03839745448152144,0.03839745448152144,145920,145920,0.05748669883801339,0.0007400864128355675,0.0008416411627968637,0.5826148217524714,0.29113839189091795,0.2546784672928343,1.0155144242934608e-19,6.772678201513479e-05,0.03839745448152144,146016.0,147744.0,,,
independent_revised,mixed,19,joint,0.0036008822583628707,0.0005483648060254378,3.58014867018098e-05,3.58014867018098e-05,0.037878201199167176,0.037878201199167176,145920,145920,0.060556336731198056,0.00021067610590273355,0.0002724962195418764,0.4181852184464797,0.31712757444744216,0.07430897845221197,0.0004735429568478776,3.58014867018098e-05,0.037878201199167176,146016.0,147744.0,,,
independent_revised,mixed,20,joint,0.0036065390258169126,0.0011382113989280894,6.819514193197996e-05,6.819514193197996e-05,0.029558061804809882,0.029558061804809882,145920,145920,0.061437865543822696,0.0008171840797756444,0.000892943624005976,0.5628492267504653,0.2832552518150401,0.236565714372795,1.7114268389514654e-22,6.819514193197996e-05,0.029558061804809882,146016.0,147744.0,,,
independent_revised,mixed,21,joint,0.0036108384233921346,0.0009434637742010875,4.094451136332593e-05,4.094451136332593e-05,0.030753515767349197,0.030753515767349197,145920,145920,0.06958876470738679,0.0006433246497724111,0.0008681107017698553,0.4880016826321703,0.24265218928017018,0.17926555728936994,2.294212885013789e-16,4.094451136332593e-05,0.030753515767349197,146016.0,147744.0,,,
independent_revised,mixed,22,joint,0.003600024342261058,0.0008942322008319346,3.219559988579391e-05,3.219559988579391e-05,0.029580454642835888,0.029580454642835888,145920,145920,0.06335398702782227,0.00024686590188777955,0.0003205235515873109,0.3967365533526559,0.2784655579307138,0.07985682581248105,7.762701042394902e-05,3.219559988579391e-05,0.029580454642835888,146016.0,147744.0,,,
independent_revised,mixed,23,joint,0.0036005066841517906,0.0004906421946821095,2.978845934371431e-05,2.978845934371431e-05,0.07305540738835721,0.07305540738835721,145920,145920,0.06669860327126591,0.0005010116048222987,0.0005423905848187871,0.44269956144271033,0.2721430881345159,0.12192104128217719,9.557673154497736e-12,2.978845934371431e-05,0.07305540738835721,146016.0,147744.0,,,
independent_revised,mixed,24,joint,0.003599558701037426,0.0006429295470468267,2.35611460386455e-05,2.35611460386455e-05,0.030220934506376196,0.030220934506376196,145920,145920,0.06301283192507565,0.0006297710797890136,0.0006485182178602361,0.5028876969939928,0.29927696931878106,0.16332933142328734,6.573848297617539e-16,2.35611460386455e-05,0.030220934506376196,146016.0,147744.0,,,
independent_revised,mixed,25,joint,0.0036019359269666715,0.00036629642495716283,0.0001139972025848223,0.0001139972025848223,0.07098023614837821,0.07098023614837821,145920,145920,0.06977790114218939,0.0002839586612256375,0.0003248032995008661,0.374871038682001,0.27169701005654606,0.0667090303688554,1.0554072831988371e-05,0.0001139972025848223,0.07098023614837821,146016.0,147744.0,,,
independent_revised,mixed,26,joint,0.0036139755461622744,0.0011483986607161156,2.919248649582271e-05,2.919248649582271e-05,0.032455414157743584,0.032455414157743584,145920,145920,0.06418397139400955,0.0008540545892369309,0.0009046053587504566,0.5471857730276132,0.2825342352493221,0.21958667611590732,7.56963555890618e-24,2.919248649582271e-05,0.032455414157743584,146016.0,147744.0,,,
independent_revised,mixed,27,joint,0.003609649268852671,0.000529906592176816,1.6060048551022698e-05,1.6060048551022698e-05,0.042406077681716565,0.042406077681716565,145920,145920,0.061748369950490274,0.0003304129727441875,0.00041907726955690274,0.45887451939750357,0.3172606667434317,0.10991149388980305,7.235000948918346e-07,1.6060048551022698e-05,0.042406077681716565,146016.0,147744.0,,,
independent_revised,mixed,28,joint,0.003612807214593589,0.0011040368203780546,4.139958135656423e-05,4.139958135656423e-05,0.02690827624562059,0.02690827624562059,145920,145920,0.06352042134895373,0.0007004014963896974,0.0006696686000888745,0.5201759736799674,0.32343726943246126,0.16597137633597558,2.5148482997192006e-18,4.139958135656423e-05,0.02690827624562059,146016.0,147744.0,,,
independent_revised,mixed,29,joint,0.003612030621560147,0.0013750001375671503,3.3860637857634886e-05,3.3860637857634886e-05,0.04123833537542845,0.04123833537542845,145920,145920,0.057326531657647437,0.0010550644204234527,0.001145240599621617,0.6884509536978358,0.3542296750952866,0.3484860529293474,1.6819043922153454e-31,3.3860637857634886e-05,0.04123833537542845,146016.0,147744.0,,,
independent_revised,mixed,30,joint,0.0036090494087792,0.0005229640568903186,3.5506867963876006e-05,3.5506867963876006e-05,0.0152209670636357,0.0152209670636357,145920,145920,0.059319786063709405,0.0003915621861183651,0.0004115098743083158,0.4739580761088449,0.3281636876968069,0.11694485198603016,1.622090689675453e-08,3.5506867963876006e-05,0.0152209670636357,146016.0,147744.0,,,
independent_revised,mixed,31,joint,0.0036000075298817566,0.0008573093776162314,2.9458573981232093e-05,2.9458573981232093e-05,0.02351436497229059,0.02351436497229059,145920,145920,0.059449436509137296,0.0006604464971886916,0.0006632730104702606,0.5404760609085388,0.32317721759016804,0.18767085844588777,6.003886917463259e-17,2.9458573981232093e-05,0.02351436497229059,146016.0,147744.0,,,
independent_revised,mixed,32,joint,0.0036024199001804522,0.0008987046241203577,9.728879559915395e-05,9.728879559915395e-05,0.052650017674946994,0.052650017674946994,145920,145920,0.06657558427514255,0.0007628097725523664,0.0007751129460740288,0.5070979635790696,0.2868281876124294,0.17487793545700836,1.577433828509865e-20,9.728879559915395e-05,0.052650017674946994,146016.0,147744.0,,,
independent_revised,mixed,33,joint,0.0036090962914196397,0.0007234307049184614,2.04647269653155e-05,2.04647269653155e-05,0.030040133921255135,0.030040133921255135,145920,145920,0.05968083594134399,0.0006290077420029177,0.0006370951880966788,0.5320433944162511,0.32280241599946174,0.178868773766877,6.973802879582612e-16,2.04647269653155e-05,0.030040133921255135,146016.0,147744.0,,,
independent_revised,mixed,34,joint,0.0036112302458845623,0.00107780939893228,2.6431335208978727e-05,2.6431335208978727e-05,0.04040956411459851,0.04040956411459851,145920,145920,0.0692546522152524,0.0010574437095849144,0.0010999653146216135,0.5476866924462499,0.26574431061195136,0.22934067446009182,1.3576585821435493e-31,2.6431335208978727e-05,0.04040956411459851,146016.0,147744.0,,,
independent_revised,mixed,35,joint,0.003598755677054193,0.0012586092244483548,4.836017070563564e-05,4.836017070563564e-05,0.024445201384925737,0.024445201384925737,145920,145920,0.061199392811444105,0.0009411792097278497,0.0009843891982583718,0.6063044569789907,0.3236919830660869,0.2628285946513329,4.115311379351088e-27,4.836017070563564e-05,0.024445201384925737,146016.0,147744.0,,,
independent_revised,mixed,36,joint,0.00361294282597475,0.0008501405859162199,2.4173833592305016e-05,2.4173833592305016e-05,0.04696589265086949,0.04696589265086949,145920,145920,0.0653686629370291,0.0010268936287776704,0.0010613030421357552,0.586009255904946,0.30827947912337517,0.24837061075768901,2.104244366657899e-30,2.4173833592305016e-05,0.04696589265086949,146016.0,147744.0,,,
independent_revised,mixed,37,joint,0.0035998517482771983,0.0005604352213154462,2.015779963885159e-05,2.015779963885159e-05,0.036458963156056935,0.036458963156056935,145920,145920,0.06944295549162689,0.0006799759638929618,0.000706021363682873,0.46738113425736294,0.2683994347193436,0.14640686810203596,1.2829942915627093e-17,2.015779963885159e-05,0.036458963156056935,146016.0,147744.0,,,
independent_revised,mixed,38,joint,0.0036185553877668797,0.0006484168586025191,2.2304972638019572e-05,2.2304972638019572e-05,0.042936957778455874,0.042936957778455874,145920,145920,0.06455565215295081,0.00048191141749990375,0.0005712813657851395,0.4621282085716948,0.27655042949267594,0.1370823411051003,3.6868932617519784e-11,2.2304972638019572e-05,0.042936957778455874,146016.0,147744.0,,,
independent_revised,mixed,39,joint,0.0036009958963593436,0.0006405611879731428,5.0017825399343674e-05,5.0017825399343674e-05,0.08086874957925787,0.08086874957925787,145920,145920,0.05782225451130117,0.00029643239887603237,0.0004277512611144553,0.4653434834504066,0.297667695541942,0.12793850062050857,5.236907551020364e-06,5.0017825399343674e-05,0.08086874957925787,146016.0,147744.0,,,
independent_revised,same_support_normal,0,theta,0.003599999999999998,0.0036884275424225923,0.003769870614800097,0.0036884275424225923,0.05343049519699058,0.0,145920,145920,0.06107745500192734,3.516535375652066e-05,0.00037247889580848325,0.9756659726506985,0.9230796227342467,0.09984810028123436,0.2524547782368797,0.003769870614800097,0.05343049519699058,146016.0,147744.0,,,
independent_revised,same_support_normal,1,theta,0.0036,0.003733349591573695,0.003877335853551328,0.003733349591573695,0.07062203014607563,0.0,145920,145920,0.06515710183825182,7.36125016198628e-05,8.307743245655393e-05,0.9758829609403143,0.9658048264567632,0.019568590646456552,0.096587792617444,0.003877335853551328,0.07062203014607563,146016.0,147744.0,,,
independent_revised,same_support_normal,2,theta,0.0036,0.003707073085565561,0.003945336285257264,0.003707073085565561,0.05277090278935403,0.0,145920,145920,0.06405807895261378,4.8029735709298025e-05,0.00011556253956063212,0.9606729983718828,0.9459018110484693,0.028162373656049455,0.18851994559920632,0.003945336285257264,0.05277090278935403,146016.0,147744.0,,,
independent_revised,same_support_normal,3,theta,0.0036000000000000016,0.0038265402660030844,0.0038067470715987136,0.0038265402660030844,0.2800760844350913,0.0,145920,145920,0.0593979726128293,1.9489922534435917e-05,0.00030981547230058397,0.9661234321033662,0.9195549329991944,0.08781321125603458,0.34583629250219894,0.0038067470715987136,0.2800760844350913,146016.0,147744.0,,,
independent_revised,same_support_normal,4,theta,0.0035999999999999977,0.0037209793286187894,0.003777114619795764,0.0037209793286187894,0.04087209262798544,0.0,145920,145920,0.0594908904139414,0.0,0.0001579715862016853,0.9752159178679957,0.9520561062074633,0.04463525709620064,0.6952449983441652,0.003777114619795764,0.04087209262798544,146016.0,147744.0,,,
independent_revised,same_support_normal,5,theta,0.0036,0.004075422016283525,0.0037966311928939477,0.004075422016283525,0.0750414397701503,0.0,145920,145920,0.06431101106176418,0.0,0.00027412548604479226,0.9453657975109758,0.9096356770154265,0.06627942620425009,0.8695628510173574,0.0037966311928939477,0.0750414397701503,146016.0,147744.0,,,
independent_revised,same_support_normal,6,theta,0.0036,0.004293534369322038,0.003538758759014298,0.004293534369322038,0.04184265110160949,0.0,145920,145920,0.06594169324997848,0.0,0.0006792068659178329,0.9228059243543351,0.8338887629037414,0.15620030512632654,0.6526307217231919,0.003538758759014298,0.04184265110160949,146016.0,147744.0,,,
independent_revised,same_support_normal,7,theta,0.003599999999999998,0.003718921958381749,0.0036053513982230575,0.003718921958381749,0.07410130653663721,0.0,145920,145920,0.06288297365789096,0.0,0.00013756926514500798,0.9834991755359755,0.9656503303052366,0.03479006786133099,0.7376329217850819,0.0036053513982230575,0.07410130653663721,146016.0,147744.0,,,
independent_revised,same_support_normal,8,theta,0.0035999999999999986,0.003968878987505298,0.0038439023193917164,0.003968878987505298,0.026381326936262887,0.0,145920,145920,0.06381689774795414,4.68793778704493e-05,7.245462438321762e-05,0.9611021896847569,0.9518017911020297,0.017790769471802692,0.19374482058659614,0.0038439023193917164,0.026381326936262887,146016.0,147744.0,,,
independent_revised,same_support_normal,9,theta,0.003599999999999999,0.0036998942700012553,0.003826887976134972,0.0036998942700012553,0.031038507920025816,0.0,145920,145920,0.06395882230574733,2.252523044474794e-05,0.0006248738424136436,0.9918257290570371,0.9115726443078663,0.15275359096908747,0.3265476545069716,0.003826887976134972,0.031038507920025816,146016.0,147744.0,,,
independent_revised,same_support_normal,10,theta,0.0036000000000000008,0.0037373500546728014,0.003538496947798654,0.0037373500546728014,0.2732191985088628,0.0,145920,145920,0.06440844769294905,0.0,0.0003570172321274301,0.9798552953070067,0.9349096048772941,0.08606043044936296,0.6834707578416767,0.003538496947798654,0.2732191985088628,146016.0,147744.0,,,
independent_revised,same_support_normal,11,theta,0.0036000000000000016,0.004118398228114527,0.0037342464356444538,0.004118398228114527,0.025261414952560526,0.0,145920,145920,0.0630509593245816,0.0,0.0004908358497327766,0.9499205597338448,0.882542637132397,0.12346756344845522,0.9678039371198109,0.0037342464356444538,0.025261414952560526,146016.0,147744.0,,,
independent_revised,same_support_normal,12,theta,0.0035999999999999986,0.003726848358235741,0.003815199968910617,0.003726848358235741,0.09050905820774571,0.0,145920,145920,0.06653054646972742,7.225089821966796e-05,0.0004327620189541051,0.9841427382831216,0.9331487701690726,0.09777030204734816,0.10037641617327193,0.003815199968910617,0.09050905820774571,146016.0,147744.0,,,
independent_revised,same_support_normal,13,theta,0.003600000000000001,0.0038215761785685832,0.0036909888029428906,0.0038215761785685832,0.18827748153678736,0.0,145920,145920,0.06541773204956583,1.7706992448278e-05,0.0006383193356052341,0.9772447474584808,0.8976909997930559,0.14915816532573367,0.3574079269877581,0.0036909888029428906,0.18827748153678736,146016.0,147744.0,,,
independent_revised,same_support_normal,14,theta,0.0035999999999999986,0.003765933202966943,0.0038059981809046074,0.003765933202966943,0.2141095720168916,0.0,145920,145920,0.0619695568641429,0.0,9.652484660414489e-05,0.9772273569587653,0.9642811351220514,0.025135199636342143,0.9451137195480354,0.0038059981809046074,0.2141095720168916,146016.0,147744.0,,,
independent_revised,same_support_normal,15,theta,0.0035999999999999986,0.0040688850104505314,0.003977212093721915,0.0040688850104505314,0.03100522918486829,0.0,145920,145920,0.05674087426182999,3.851152517480075e-05,0.0004321575836652649,0.9363083037719451,0.8616513706284978,0.13423015520632797,0.23466940562880453,0.003977212093721915,0.03100522918486829,146016.0,147744.0,,,
independent_revised,same_support_normal,16,theta,0.0035999999999999977,0.003766111446743957,0.003747657077651402,0.003766111446743957,0.017847998511260628,0.0,145920,145920,0.060520919846117696,1.7079585199362994e-05,0.00019507810178017186,0.9763763048141509,0.9487102508530306,0.05325954852891546,0.36152055960901297,0.003747657077651402,0.017847998511260628,146016.0,147744.0,,,
independent_revised,same_support_normal,17,theta,0.0036000000000000003,0.003918421213750883,0.003298467946059834,0.003918421213750883,0.07154178517337474,0.0,145920,145920,0.06051512081430824,1.1935493461263848e-05,0.0002750232103643594,0.9638365469130431,0.9240566066624961,0.07510027684865173,0.3959799886082715,0.003298467946059834,0.07154178517337474,146016.0,147744.0,,,
independent_revised,same_support_normal,18,theta,0.003599999999999999,0.003654217284419548,0.003420230338478404,0.003654217284419548,0.08003885663038784,0.0,145920,145920,0.06304870609662291,0.0,0.000650226020045615,0.9929736922125183,0.906875743630179,0.16357313904137094,0.5877015868584106,0.003420230338478404,0.08003885663038784,146016.0,147744.0,,,
independent_revised,same_support_normal,19,theta,0.0036,0.0037331637305806804,0.0032335034528466616,0.0037331637305806804,0.10145702761227406,0.0,145920,145920,0.062000028107720054,5.662271331016718e-05,0.0003111433949684873,0.9812047140240208,0.9390527959917435,0.08094253716304933,0.15254686873167325,0.0032335034528466616,0.10145702761227406,146016.0,147744.0,,,
independent_revised,same_support_normal,20,theta,0.0036,0.0041860643143375766,0.004220888616259697,0.0041860643143375766,0.01985864082018381,0.0,145920,145920,0.06737763233232273,0.0,6.775144867976329e-05,0.9357259535268301,0.9277170885511379,0.014924063713895541,0.9484936017368945,0.004220888616259697,0.01985864082018381,146016.0,147744.0,,,
independent_revised,same_support_normal,21,theta,0.003599999999999999,0.004128048054679089,0.003973093328873157,0.004128048054679089,0.08887168426823996,0.0,145920,145920,0.0676232568107881,4.470444303773563e-05,0.00077025011635769,0.9474335895911422,0.8539277421351059,0.16843781789759704,0.20388884984821024,0.003973093328873157,0.08887168426823996,146016.0,147744.0,,,
independent_revised,same_support_normal,22,theta,0.0036000000000000008,0.0038049830797467392,0.003483681899549715,0.0038049830797467392,0.03728458400589794,0.0,145920,145920,0.062403884722173536,1.3124663022621172e-05,0.0004946437790880848,0.975174688219424,0.9077149850129237,0.12701917852683853,0.38790249236055885,0.003483681899549715,0.03728458400589794,146016.0,147744.0,,,
independent_revised,same_support_normal,23,theta,0.0036,0.0037515051659404997,0.003570252451560591,0.0037515051659404997,0.038549794237011784,0.0,145920,145920,0.06044276088025918,0.0,0.00030383781361994344,0.9830201442921932,0.9397665576948235,0.08316742112266629,0.8437871096487992,0.003570252451560591,0.038549794237011784,146016.0,147744.0,,,
independent_revised,same_support_normal,24,theta,0.0035999999999999995,0.003836622154972759,0.0038006122266067595,0.003836622154972759,0.1241623642715562,0.0,145920,145920,0.05998995294198536,4.260757053873509e-06,0.00035120270040838857,0.967674813861572,0.9158632865823304,0.09758898567264007,0.44946459393958693,0.0038006122266067595,0.1241623642715562,146016.0,147744.0,,,
independent_revised,same_support_normal,25,theta,0.003599999999999999,0.003759310741638361,0.004123855402937911,0.003759310741638361,0.05777484538657832,0.0,145920,145920,0.07174060482164696,4.045625917333273e-06,0.00038179172715324124,0.9856941749329651,0.9473179845287046,0.07418164268525163,0.4509926429555989,0.004123855402937911,0.05777484538657832,146016.0,147744.0,,,
independent_revised,same_support_normal,26,theta,0.003599999999999999,0.003791250145970976,0.003942377383658565,0.003791250145970976,0.031277603534740385,0.0,145920,145920,0.06679810863322098,0.0,0.00023406274447419613,0.9668275308406772,0.9393074111190836,0.0524570618082455,0.7237774414140103,0.003942377383658565,0.031277603534740385,146016.0,147744.0,,,
independent_revised,same_support_normal,27,search_needed,0.003599999999999998,0.003676136018842893,0.003936043459724033,0.003676136018842893,0.2925900994229512,0.0,145920,145920,0.06649099206758972,0.00013283074458459031,0.0009301602211330568,0.9918182691739995,0.879380501775648,0.21039341216411778,0.013520941657606464,0.003936043459724033,0.2925900994229512,146016.0,147744.0,,,
independent_revised,same_support_normal,28,theta,0.0036,0.00377765343047644,0.00347598010341937,0.00377765343047644,0.036637396389911765,0.0,145920,145920,0.06029726904175617,0.0,0.00027778816331211774,0.9780323844817224,0.938159331238837,0.07640441430450173,0.6944365846362829,0.00347598010341937,0.036637396389911765,146016.0,147744.0,,,
independent_revised,same_support_normal,29,theta,0.0035999999999999986,0.003838574147139827,0.004206230716337658,0.003838574147139827,0.0356279798408158,0.0,145920,145920,0.0606745765195584,9.184932207342634e-05,0.00036036793869667383,0.9692667646807438,0.917381787351055,0.09788871735126004,0.0559758299302397,0.004206230716337658,0.0356279798408158,146016.0,147744.0,,,
independent_revised,same_support_normal,30,theta,0.0035999999999999973,0.0031558331028565265,0.0037958801248378993,0.0031558331028565265,0.2531978658513604,0.0,145920,145920,0.058945101240917015,1.9043774486236845e-05,0.00011397233782960691,0.9474516360300052,0.9299797435522675,0.03280227919839207,0.34871560065115187,0.0037958801248378993,0.2531978658513604,146016.0,147744.0,,,
independent_revised,same_support_normal,31,theta,0.0036000000000000003,0.0038961930227654987,0.004050621904222203,0.0038961930227654987,0.008805981833402329,0.0,145920,145920,0.06704396436736101,0.0,4.755008331628697e-05,0.9708440223183803,0.9653804562053926,0.01057869044799975,0.7141020920555864,0.004050621904222203,0.008805981833402329,146016.0,147744.0,,,
independent_revised,same_support_normal,32,theta,0.003599999999999999,0.003915246876379806,0.0035066012721961274,0.003915246876379806,0.4343459352873798,0.0,145920,145920,0.06752462239891345,0.0,0.0004427543389488263,0.9757247702514831,0.9246266918840063,0.09710430793794844,0.8113450421080232,0.0035066012721961274,0.4343459352873798,146016.0,147744.0,,,
independent_revised,same_support_normal,33,theta,0.003599999999999999,0.004188726539996791,0.004195594449213254,0.004188726539996791,0.1361344263637371,0.0,145920,145920,0.060346206370020805,0.0,0.0002599145381165284,0.92293663662439,0.8834249158599862,0.07137245326131758,0.572597884722453,0.004195594449213254,0.1361344263637371,146016.0,147744.0,,,
independent_revised,same_support_normal,34,theta,0.0036000000000000008,0.003899956293487632,0.003910840396071771,0.003899956293487632,0.025815107324428137,0.0,145920,145920,0.0637177599239665,4.1640361168382075e-05,7.798163207516824e-06,0.9476100689666428,0.9465960546528517,0.0019207521226209945,0.21876862776641892,0.003910840396071771,0.025815107324428137,146016.0,147744.0,,,
independent_revised,same_support_normal,35,theta,0.003599999999999998,0.003996693549874622,0.00373448261006031,0.003996693549874622,0.021029574010435557,0.0,145920,145920,0.06343355015645374,0.0,0.00018450988786179162,0.9482250765998187,0.9237295779646795,0.04585446268592719,0.922922384745917,0.00373448261006031,0.021029574010435557,146016.0,147744.0,,,
independent_revised,same_support_normal,36,theta,0.0035999999999999995,0.003690088031389487,0.0036644281322952116,0.003690088031389487,0.07235853223895064,0.0,145920,145920,0.06382265316835635,6.298731197963074e-05,0.00034079603333032286,0.9902467374860721,0.947060403066753,0.08366519404484907,0.1293056980077213,0.0036644281322952116,0.07235853223895064,146016.0,147744.0,,,
independent_revised,same_support_normal,37,theta,0.0035999999999999973,0.0037644061403338622,0.004134422326136336,0.0037644061403338622,0.02824253598893949,0.0,145920,145920,0.06142288816754869,0.0,0.0003673054246014905,0.9810763605509505,0.9301364922453644,0.09735693102538767,0.5730352999579255,0.004134422326136336,0.02824253598893949,146016.0,147744.0,,,
independent_revised,same_support_normal,38,theta,0.0036000000000000008,0.0038211045984570396,0.003614669059689446,0.0038211045984570396,0.050680950913021994,0.0,145920,145920,0.06072282885143844,1.6303503786436677e-05,0.000177912758834079,0.9740668329277697,0.9489760546205274,0.04825064276679358,0.3666361449865889,0.003614669059689446,0.050680950913021994,146016.0,147744.0,,,
independent_revised,same_support_normal,39,theta,0.0036,0.00399217780036829,0.00403024169916765,0.00399217780036829,0.040107407225976326,0.0,145920,145920,0.060324007472940915,0.0,0.00023515971295532323,0.9489162036144801,0.9142317215185749,0.06462232085130049,0.583792628027588,0.00403024169916765,0.040107407225976326,146016.0,147744.0,,,
independent_revised,outside,0,search_needed,0.0035999999999999956,0.003775299404741105,0.0038702805207644258,0.003775299404741105,0.0327906589701925,0.0,145920,145920,0.06411886800701228,0.0035388437192687416,0.00012401701466015832,0.976853280716985,0.9612891853750972,0.030165434128418545,3.7195588229083404e-142,0.0038702805207644258,0.0327906589701925,146016.0,147744.0,,,
independent_revised,outside,1,search_needed,0.0035999999999999956,0.0037769332269804844,0.004022092420696248,0.0037769332269804844,0.05595133544232784,0.0,145920,145920,0.06225043623970258,0.0032586011151102914,0.0005426257282579416,0.969184818305547,0.8940307529321708,0.14002822484549193,6.141783944815522e-129,0.004022092420696248,0.05595133544232784,146016.0,147744.0,,,
independent_revised,outside,2,search_needed,0.0035999999999999956,0.003789914030446347,0.004233141182948241,0.003789914030446347,0.04047297938327564,0.0,145920,145920,0.06381846804540856,0.0034218524056470745,0.0005581403237553091,0.975454913680617,0.9024806076516256,0.1370410414364125,1.261610689305837e-136,0.004233141182948241,0.04047297938327564,146016.0,147744.0,,,
independent_revised,outside,3,search_needed,0.0035999999999999956,0.004132889241309589,0.004304080143594608,0.004132889241309589,0.017413794803557307,0.0,145920,145920,0.06678976696849732,0.0035377206487598304,8.439682140630411e-05,0.9370015779753889,0.9268509082659601,0.01891935097493358,4.203996227094448e-142,0.004304080143594608,0.017413794803557307,146016.0,147744.0,,,
independent_revised,outside,4,search_needed,0.0035999999999999956,0.004061113689720934,0.003802033926533093,0.004061113689720934,0.038621888520936135,0.0,145920,145920,0.06076760692138716,0.0027552696291631156,0.00011681718819294203,0.9275550361351534,0.9103426472158733,0.031634609719681794,1.7214544014599172e-105,0.003802033926533093,0.038621888520936135,146016.0,147744.0,,,
independent_revised,outside,5,search_needed,0.0035999999999999956,0.00364536112663331,0.003585923027822145,0.00364536112663331,0.027117357038324456,0.0,145920,145920,0.05988392524797987,0.0031579984472176353,0.00011927767698428926,0.9937098954163732,0.9768306401880307,0.033261256638261516,3.2139166152319914e-124,0.003585923027822145,0.027117357038324456,146016.0,147744.0,,,
independent_revised,outside,6,theta,0.0035999999999999956,0.0038169411169286225,0.0037688470198844683,0.0038169411169286225,0.19116721172103462,0.0,145920,145920,0.062132159870216475,0.0032676222801063773,3.0826449165848076e-05,0.9734722210031149,0.9693620978626629,0.007985288292034487,2.314453541784749e-129,0.0037688470198844683,0.19116721172103462,146016.0,147744.0,,,
independent_revised,outside,7,search_needed,0.0035999999999999956,0.0038937509909992164,0.003802828121607065,0.0038937509909992164,0.016331286580348943,0.0,145920,145920,0.06512927290090237,0.003506217174154979,5.701768866145079e-05,0.961489156438515,0.9544734708896883,0.013441791316638474,1.301786291576215e-140,0.003802828121607065,0.016331286580348943,146016.0,147744.0,,,
independent_revised,outside,8,search_needed,0.0035999999999999956,0.004059553374130446,0.004196364650562009,0.004059553374130446,0.012926875641749214,0.0,145920,145920,0.06551057842060114,0.0035053404221294542,0.00011875521552177048,0.9506871666195285,0.9360207113759527,0.02767131665032263,1.4322334293848782e-140,0.004196364650562009,0.012926875641749214,146016.0,147744.0,,,
independent_revised,outside,9,search_needed,0.0035999999999999956,0.003676905700982523,0.0036219858211417183,0.003676905700982523,0.03635107260522241,0.0,145920,145920,0.05974306016600954,0.0029272454467784326,9.40507526032178e-05,0.9752282471046122,0.9616234844266786,0.02635040814982814,1.869775265076815e-113,0.0036219858211417183,0.03635107260522241,146016.0,147744.0,,,
independent_revised,outside,10,theta,0.0035999999999999956,0.0038590116389420667,0.0038968211221295686,0.0038590116389420667,0.015387837566000628,0.0,145920,145920,0.0638931096571568,0.00349097392075644,3.3609770442920144e-05,0.9729946850312304,0.9687547000457213,0.008232988238347949,6.846594402748079e-140,0.0038968211221295686,0.015387837566000628,146016.0,147744.0,,,
independent_revised,outside,11,search_needed,0.0035999999999999956,0.0039492510438708505,0.004102963142012063,0.0039492510438708505,0.12265468513705134,0.0,145920,145920,0.06371862686366431,0.003358988457056941,0.0007668134417327094,0.9619107201650827,0.8581403600040279,0.1888673561006654,1.1624914742060595e-133,0.004102963142012063,0.12265468513705134,146016.0,147744.0,,,
independent_revised,outside,12,search_needed,0.0035999999999999956,0.003957471895203587,0.003813716676082043,0.003957471895203587,0.013300383987585176,0.0,145920,145920,0.059915074035321994,0.00262552937516868,0.00010543101736701118,0.9530443592024525,0.9375095064579555,0.02936947590857386,1.611100286067266e-99,0.003813716676082043,0.013300383987585176,146016.0,147744.0,,,
independent_revised,outside,13,search_needed,0.0035999999999999956,0.0038077132570335927,0.0037724839328900036,0.0038077132570335927,0.023558083356329168,0.0,145920,145920,0.06334037814785638,0.0034223097641916194,7.671640989564676e-05,0.9779651693254382,0.9681395311894463,0.019121720562012223,1.2004354968466093e-136,0.0037724839328900036,0.023558083356329168,146016.0,147744.0,,,
independent_revised,outside,14,search_needed,0.0035999999999999956,0.003670090262655668,0.003670720994804335,0.003670090262655668,0.015745286737243163,0.0,145920,145920,0.06241268546972293,0.0033938455135542737,5.179913791964416e-05,0.9928353753322322,0.986115801768063,0.013297708014424647,2.6441351556926557e-135,0.003670720994804335,0.015745286737243163,146016.0,147744.0,,,
independent_revised,outside,15,search_needed,0.0035999999999999956,0.0037802544319644887,0.003873227890135184,0.0037802544319644887,0.040045884694861034,0.0,145920,145920,0.062130533637748314,0.0030909707774308035,0.00010552438561090601,0.9666120395918792,0.952366710087413,0.027336484601250155,4.3913794284779765e-121,0.003873227890135184,0.040045884694861034,146016.0,147744.0,,,
independent_revised,outside,16,search_needed,0.0035999999999999956,0.00411260657988779,0.00436977356726008,0.00411260657988779,0.0273937701214774,0.0,145920,145920,0.060799821262849614,0.002871495179256401,0.00022940853850726846,0.9410309260505502,0.9074580845565182,0.06205902855657097,7.23373610980922e-111,0.00436977356726008,0.0273937701214774,146016.0,147744.0,,,
independent_revised,outside,17,search_needed,0.0035999999999999964,0.0038979274406820905,0.003971386307287258,0.0038979274406820905,0.05135516760231822,0.0,145920,145920,0.06312503545136687,0.0033038880010388644,0.00044139849195087605,0.9624102507391867,0.903029406216629,0.11077138223590677,4.564656976031654e-131,0.003971386307287258,0.05135516760231822,146016.0,147744.0,,,
independent_revised,outside,18,search_needed,0.0035999999999999956,0.0038535183782683847,0.003949987309795988,0.0038535183782683847,0.0643343911065093,0.0,145920,145920,0.06103363386728136,0.0029606050700733432,0.00020713029876418497,0.9534941911325947,0.9238762268473344,0.05560388998993371,5.258875046465475e-115,0.003949987309795988,0.0643343911065093,146016.0,147744.0,,,
independent_revised,outside,19,search_needed,0.0035999999999999956,0.0037207739648803576,0.0036632190228336773,0.0037207739648803576,0.02158437051916709,0.0,145920,145920,0.06564203019858166,0.0038201242935390644,9.641380228113015e-05,0.9908967327912083,0.9795410704494034,0.022375626359128153,1.611706388285857e-155,0.0036632190228336773,0.02158437051916709,146016.0,147744.0,,,
independent_revised,outside,20,search_needed,0.0035999999999999956,0.003803002269577493,0.0038239238960726175,0.003803002269577493,0.012799587257344248,0.0,145920,145920,0.06015796641259252,0.0029297571703716815,5.26445883430865e-05,0.9654247452587219,0.9578612319550651,0.014546799075393024,1.4291723630405734e-113,0.0038239238960726175,0.012799587257344248,146016.0,147744.0,,,
independent_revised,outside,21,search_needed,0.0035999999999999956,0.003624562080147253,0.003640512610037861,0.003624562080147253,0.042131957996244605,0.0,145920,145920,0.06301032097179757,0.0035412776868407217,9.610724067231012e-05,0.9974582834367454,0.9852494540917687,0.024206540408450494,2.8526723052052984e-142,0.003640512610037861,0.042131957996244605,146016.0,147744.0,,,
independent_revised,outside,22,search_needed,0.0035999999999999956,0.0037563838252787276,0.004026867576524757,0.0037563838252787276,0.027790330045262355,0.0,145920,145920,0.06559276687514462,0.0037769601834584184,0.00017368708832178265,0.9852434299784505,0.9645387011519183,0.04036971029587233,1.8352373949600285e-153,0.004026867576524757,0.027790330045262355,146016.0,147744.0,,,
independent_revised,outside,23,search_needed,0.0035999999999999956,0.0036772730830685373,0.003616486319054652,0.0036772730830685373,0.05299169959949925,0.0,145920,145920,0.06441710624974274,0.0036582629505828475,7.52203210512786e-05,0.9880734187203327,0.978857393042063,0.018127284868582172,8.092559075858133e-148,0.003616486319054652,0.05299169959949925,146016.0,147744.0,,,
independent_revised,outside,24,search_needed,0.003599999999999996,0.0040399935407797755,0.0041616675344168675,0.0040399935407797755,0.031212787291031975,0.0,145920,145920,0.062183458902583526,0.0029808798156058577,0.0001570124732512938,0.9360142448239943,0.9140663047349021,0.04060545706171348,5.989645221059012e-116,0.0041616675344168675,0.031212787291031975,146016.0,147744.0,,,
independent_revised,outside,25,search_needed,0.0035999999999999956,0.003928230656794307,0.003969478575183405,0.003928230656794307,0.07505574292455358,0.0,145920,145920,0.06426706779330876,0.003267749522659615,0.0001562682902565502,0.9485788811523495,0.9284217148467389,0.03783501316928384,2.2828077848448372e-129,0.003969478575183405,0.07505574292455358,146016.0,147744.0,,,
independent_revised,outside,26,search_needed,0.0035999999999999956,0.004040444746794656,0.004090910468315803,0.004040444746794656,0.017118711371104663,0.0,145920,145920,0.0613111034200727,0.002895087599184268,0.00013986597877639913,0.944341393548239,0.9244311125952878,0.03720778563446836,5.821207953305376e-112,0.004090910468315803,0.017118711371104663,146016.0,147744.0,,,
independent_revised,outside,27,search_needed,0.0035999999999999956,0.003709593339051359,0.00365445259643459,0.003709593339051359,0.0252621741324003,0.0,145920,145920,0.05973649928375365,0.002937007318793962,5.9053660528933347e-05,0.9857812541027728,0.9773514471473833,0.01654882969935112,6.578897167024284e-114,0.00365445259643459,0.0252621741324003,146016.0,147744.0,,,
independent_revised,outside,28,search_needed,0.0035999999999999956,0.004005285108236469,0.004118216150199489,0.004005285108236469,0.2053926024302293,0.0,145920,145920,0.06300542679890307,0.0029682002697123456,4.267544890851073e-05,0.943789450874822,0.9380768561321428,0.010750339571833245,2.330923992676677e-115,0.004118216150199489,0.2053926024302293,146016.0,147744.0,,,
independent_revised,outside,29,search_needed,0.0035999999999999956,0.0037705784062889757,0.0038937026483804897,0.0037705784062889757,0.04736638859737596,0.0,145920,145920,0.06216963590008253,0.0031660992445430003,0.00032019652542919383,0.9657341577450416,0.9218452537760066,0.08284379152617483,1.34158387022589e-124,0.0038937026483804897,0.04736638859737596,146016.0,147744.0,,,
independent_revised,outside,30,search_needed,0.0035999999999999956,0.004045161310762084,0.00405989389174169,0.004045161310762084,0.04270982662229752,0.0,145920,145920,0.06089643197718736,0.0027829907693799893,9.877510862208344e-05,0.9231980052056001,0.9086577324913696,0.026635681999241934,9.032254420942693e-107,0.00405989389174169,0.04270982662229752,146016.0,147744.0,,,
independent_revised,outside,31,search_needed,0.0035999999999999956,0.004008661495559026,0.004024501401946108,0.004008661495559026,0.04589260569072005,0.0,145920,145920,0.06516751992594032,0.0034887021341237314,0.00012157464790133164,0.9566816141046739,0.9416009742212254,0.02862731611156344,8.767882939213843e-140,0.004024501401946108,0.04589260569072005,146016.0,147744.0,,,
independent_revised,outside,32,search_needed,0.0035999999999999956,0.004052727085372319,0.004118867311654666,0.004052727085372319,0.039603206361685406,0.0,145920,145920,0.06351463667708118,0.0031988475906131707,0.00025470630538703044,0.9547705461890293,0.9211127052158681,0.06313818016000272,3.9155598312615616e-126,0.004118867311654666,0.039603206361685406,146016.0,147744.0,,,
independent_revised,outside,33,search_needed,0.0035999999999999956,0.003893532472973046,0.003952622472543326,0.003893532472973046,0.2940593993077128,0.0,145920,145920,0.06330340103982829,0.003296314522962212,0.0001848110813366041,0.962653788197515,0.9383943461747026,0.04611836699837846,1.0366395620946324e-130,0.003952622472543326,0.2940593993077128,146016.0,147744.0,,,
independent_revised,outside,34,search_needed,0.0035999999999999956,0.00385700184902973,0.0038546226007927543,0.00385700184902973,0.029109028203509725,0.0,145920,145920,0.06104543563769138,0.0029127671776505476,5.390608565139833e-05,0.9758894601270957,0.9684496923319376,0.014465431809329687,8.796242697255958e-113,0.0038546226007927543,0.029109028203509725,146016.0,147744.0,,,
independent_revised,outside,35,search_needed,0.0035999999999999956,0.003730942114181785,0.003722799053378716,0.003730942114181785,0.019078618488239333,0.0,145920,145920,0.06243175068308233,0.0032996870349852165,0.00016518864665351194,0.9753612938635079,0.953388090871565,0.042380801751368824,7.194671650260107e-131,0.003722799053378716,0.019078618488239333,146016.0,147744.0,,,
independent_revised,outside,36,search_needed,0.0035999999999999956,0.003847966269944114,0.003844408973055707,0.003847966269944114,0.02240171550271526,0.0,145920,145920,0.05681304973846449,0.0024942195005036734,0.00015687954835682318,0.9554865595263772,0.9297046717626155,0.0486037887383205,1.6407201874760562e-93,0.003844408973055707,0.02240171550271526,146016.0,147744.0,,,
independent_revised,outside,37,search_needed,0.0035999999999999956,0.0038623149673008648,0.003956566704666908,0.0038623149673008648,0.05211578193785314,0.0,145920,145920,0.06213341752969284,0.0031835169540653818,0.0005020759911395226,0.961344208192078,0.8911397797708646,0.1300525795343883,2.0487785112753994e-125,0.003956566704666908,0.05211578193785314,146016.0,147744.0,,,
independent_revised,outside,38,search_needed,0.0035999999999999956,0.0038814494163340084,0.003988436044136382,0.0038814494163340084,0.03942099713040559,0.0,145920,145920,0.06365301586392577,0.0033870509928326663,7.179048258174963e-05,0.9672654761806648,0.9580625876644365,0.017718579528732237,5.52958727863173e-135,0.003988436044136382,0.03942099713040559,146016.0,147744.0,,,
independent_revised,outside,39,search_needed,0.0035999999999999956,0.0037553700703234897,0.0038675647969316747,0.0037553700703234897,0.024661419983474975,0.0,145920,145920,0.06278646242628323,0.003351402514847873,0.00027924721803485167,0.979923327619145,0.9430870965904458,0.07083645625678148,2.647064858911806e-133,0.0038675647969316747,0.024661419983474975,146016.0,147744.0,,,
independent_regularized,none,0,none,0.0,3.255872025936125e-05,5.556806460253675e-05,0.0,0.018141011466959248,0.0,145920,145920,0.018413187769609412,0.0,1.7189628468490534e-05,0.9512311246009423,0.924197265863776,0.050700066179494185,0.8868255000102501,0.0,0.0,96.0,1824.0,0.0,0.0,96.0
independent_regularized,none,1,none,0.0,1.0065867261503358e-05,1.5837213965260875e-05,0.0,0.006044278981477845,0.0,145920,145920,0.018991212427850665,0.0,9.3672187022457e-06,0.9910341891009475,0.9778429173376636,0.025971992979539782,0.6863360632618771,0.0,0.0,96.0,1824.0,0.0,0.0,96.0
independent_regularized,none,2,none,0.0,1.0727119879201239e-05,1.660969890385288e-05,0.0,0.06335588814760804,0.0,145920,145920,0.017754748983560692,0.0,1.492892787433221e-05,0.9843327919396507,0.9599751923453783,0.04735867536916172,0.9059274413364621,0.0,0.0,96.0,1824.0,0.0,0.0,96.0
independent_regularized,none,3,none,0.0,5.946959014774259e-05,8.288904108205662e-05,0.0,0.059665652810865694,0.0,145920,145920,0.020215813246378368,0.0,1.8611229728899175e-05,0.9345917055253139,0.9099020260198718,0.04553995908164754,0.5810928027507055,0.0,0.0,96.0,1824.0,0.0,0.0,96.0
independent_regularized,none,4,none,0.0,3.3993825561231584e-05,4.540888588464627e-05,0.0,0.008992707885470205,0.0,145920,145920,0.01934608338685021,0.0,1.1351491894217827e-05,0.9492747040284374,0.9331628224680467,0.030329610471746205,0.7048429494110795,0.0,0.0,96.0,1824.0,0.0,0.0,96.0
independent_regularized,none,5,none,0.0,1.2610742086439373e-05,3.99059771987937e-05,0.0,0.011994530303546339,0.0,145920,145920,0.018401292519824218,0.0,2.7441275891355443e-05,0.9837841497153291,0.9416951318441218,0.0810415318921952,0.8520532383377267,0.0,0.0,96.0,1824.0,0.0,0.0,96.0
independent_regularized,none,6,none,0.0,1.6591501267144554e-05,2.876026605355159e-05,0.0,0.008739089027511892,0.0,145920,145920,0.01927525964600282,0.0,1.1678525898664139e-05,0.9726441801974233,0.9563490872316655,0.03143312462307801,0.6807741292355709,0.0,0.0,96.0,1824.0,0.0,0.0,96.0
independent_regularized,none,7,none,0.0,4.7202936216173806e-05,7.319478627234257e-05,0.0,0.007851838339403727,0.0,145920,145920,0.019967402636209768,0.0,1.5945268502834516e-05,0.9568125976174904,0.935679920643341,0.03999343306440062,0.5311232799542953,0.0,0.0,96.0,1824.0,0.0,0.0,96.0
independent_regularized,none,8,none,0.0,2.1798934595993715e-05,4.5793990533258545e-05,0.0,0.006369574559565721,0.0,145920,145920,0.020975163383229318,4.245761611415457e-05,2.2059568054457073e-05,0.9690685081277233,0.9428433305774615,0.05014022743049096,0.21473267999518902,0.0,0.0,96.0,1824.0,0.0,0.0,96.0
independent_regularized,none,9,none,0.0,3.0676860665089194e-05,5.0909486643205e-05,0.0,0.03171460635875669,0.0,145920,145920,0.02168136861248423,8.338822444580142e-05,2.5405465615471148e-05,0.9798578956320383,0.9518806192107785,0.05404478240335131,0.07259909663512762,0.0,0.0,96.0,1824.0,0.0,0.0,96.0
independent_regularized,none,10,none,0.0,1.8778822074211773e-05,1.0871603307702529e-05,0.0,0.002594525485673635,0.0,145920,145920,0.01890329570337712,0.0,4.0984783847674035e-06,0.9837635220006442,0.977916706657592,0.011469582059081107,0.6968957176348953,0.0,0.0,96.0,1824.0,0.0,0.0,96.0
independent_regularized,none,11,theta,0.0,2.6629177450157397e-05,4.079797171652265e-05,2.6629177450157397e-05,0.026190209322519076,0.0,145920,145920,0.022816443666402033,0.00011850008914199215,8.51095112505125e-06,0.9788765985264155,0.9704899453764068,0.016348661065944348,0.022884343695487887,4.079797171652265e-05,0.026190209322519076,146016.0,147744.0,3.401166637198036e-05,0.012358086530889129,146016.0
independent_regularized,none,12,none,0.0,2.6155920809427327e-05,1.893988069083794e-05,0.0,0.014208257159216423,0.0,145920,145920,0.02010497357250759,0.0,8.146241467073727e-06,0.9699501199601377,0.9595049479441069,0.020153490081462277,0.4847940120270597,0.0,0.0,96.0,1824.0,0.0,0.0,96.0
independent_regularized,none,13,none,0.0,2.1076620345346184e-05,2.5767474622214522e-05,0.0,0.005549842397666549,0.0,145920,145920,0.019863069127374552,8.271966818733812e-07,7.425241883350767e-06,0.968913497858193,0.9591524596901286,0.01881992540217481,0.47399823054854195,0.0,0.0,96.0,1824.0,0.0,0.0,96.0
independent_regularized,none,14,none,0.0,3.4730750814177284e-05,6.577384452728093e-05,0.0,0.007592060488387727,0.0,145920,145920,0.02102974226944499,6.1685139825466e-06,3.1274010428624075e-05,0.9614091514712239,0.9239003647410812,0.07071567256391587,0.43597499522526123,0.0,0.0,96.0,1824.0,0.0,0.0,96.0
independent_regularized,none,15,none,0.0,2.3056682868932737e-05,2.8817479311820772e-05,0.0,0.003472972031963582,0.0,145920,145920,0.01848679866698262,0.0,1.2603865527952112e-06,0.9556589681956437,0.95372750473537,0.003687910204006939,0.8510985253032196,0.0,0.0,96.0,1824.0,0.0,0.0,96.0
independent_regularized,none,16,none,0.0,2.370606304791002e-05,4.4964954922070154e-05,0.0,0.0066684368236833306,0.0,145920,145920,0.0200322245698483,0.0,1.3790143592282653e-05,0.9749681600598691,0.9571825226083136,0.034364531543711774,0.49313637474624994,0.0,0.0,96.0,1824.0,0.0,0.0,96.0
independent_regularized,none,17,none,0.0,7.679261014973406e-06,1.3047085411413635e-05,0.0,0.235490062186346,0.0,145920,145920,0.020189326463218832,3.591551969869648e-05,4.723571377585133e-06,0.9941312340158122,0.988285596995561,0.011588489216929121,0.2483981600622834,0.0,0.0,96.0,1824.0,0.0,0.0,96.0
independent_regularized,none,18,none,0.0,3.560106438024572e-05,7.86086637413509e-05,0.0,0.022158455254127414,0.0,145920,145920,0.02170811085088039,6.921161260671515e-05,5.1830923652679355e-05,0.9680270327602406,0.9094440290664128,0.10998789415004573,0.1092520429754577,0.0,0.0,96.0,1824.0,0.0,0.0,96.0
independent_regularized,none,19,none,0.0,1.1583607837861008e-05,1.7941321975483554e-05,0.0,0.012025164173113593,0.0,145920,145920,0.020122485780292507,2.22337326704431e-05,1.5947275668800617e-06,0.9807279794420787,0.9787180077230592,0.0039384310191481475,0.32837676444854264,0.0,0.0,96.0,1824.0,0.0,0.0,96.0
independent_regularized,none,20,none,0.0,2.0013445851694942e-05,2.6260514588487713e-05,0.0,0.01164033053806501,0.0,145920,145920,0.02110911275121591,4.864860742141325e-05,2.7552609040847113e-05,0.9673725708925268,0.9348670182063847,0.06183334918511996,0.1857492403320067,0.0,0.0,96.0,1824.0,0.0,0.0,96.0
independent_regularized,none,21,theta,0.0,2.606930779762594e-05,4.5163785067123534e-05,2.606930779762594e-05,0.022999379746472686,0.0,145920,145920,0.022898882563645688,0.0001404664744680035,2.4661141875962188e-05,0.9856445264060922,0.9614905565380547,0.0470310421224317,0.01008980342968094,4.5163785067123534e-05,0.022999379746472686,146016.0,147744.0,3.419272579016736e-05,0.01778308040834125,146016.0
independent_regularized,none,22,none,0.0,9.642645578759335e-06,2.5364508671453323e-05,0.0,0.005177370301907563,0.0,145920,145920,0.02084494486050029,3.514155742176344e-05,1.1520802214129292e-05,0.9791881322352911,0.965554262578081,0.02651436432773624,0.2525841111646532,0.0,0.0,96.0,1824.0,0.0,0.0,96.0
independent_regularized,none,23,none,0.0,1.6642645848224985e-05,1.7142042683146818e-05,0.0,0.23239711442948519,0.0,145920,145920,0.021197902560934415,5.767806858220425e-05,7.768320149794397e-06,0.9797352919092968,0.9708724830835666,0.017287863803744696,0.1484961472299522,0.0,0.0,96.0,1824.0,0.0,0.0,96.0
independent_regularized,none,24,none,0.0,2.322124551268564e-05,6.834033158852499e-05,0.0,0.02202145927335163,0.0,145920,145920,0.020527454671880975,3.866340277347991e-05,4.1770473520793493e-05,0.9833120255595269,0.9315438201550165,0.0991286507409781,0.2338811877497686,0.0,0.0,96.0,1824.0,0.0,0.0,96.0
independent_regularized,none,25,none,0.0,2.751827700587502e-05,8.338638016902096e-05,0.0,0.013166603648594653,0.0,145920,145920,0.01892331022041893,0.0,2.7575885324843526e-05,0.9554522559098181,0.9142653440726037,0.07700789395096408,0.809493995180432,0.0,0.0,96.0,1824.0,0.0,0.0,96.0
independent_regularized,none,26,none,0.0,4.051577739131908e-05,5.4788972521658316e-05,0.0,0.0017408586591961704,0.0,145920,145920,0.021219918373452742,4.513354063096217e-05,2.444904253026025e-06,0.9611313381446688,0.9583025444114703,0.005429682538263481,0.20186000611885196,0.0,0.0,96.0,1824.0,0.0,0.0,96.0
independent_regularized,none,27,none,0.0,3.362393294672087e-06,7.304842465023816e-06,0.0,0.05867445024742284,0.0,145920,145920,0.018683551027387637,0.0,3.58315586379831e-06,0.9571159377591881,0.9517385167545972,0.01026471403840945,0.8584993494725912,0.0,0.0,96.0,1824.0,0.0,0.0,96.0
independent_regularized,none,28,none,0.0,4.6052774717931055e-05,7.020448678685674e-05,0.0,0.029577271313978207,0.0,145920,145920,0.02035072336230547,0.0,2.537095689178872e-05,0.9540973797158379,0.9214346359550198,0.061260021643067764,0.510727501653974,0.0,0.0,96.0,1824.0,0.0,0.0,96.0
independent_regularized,none,29,none,0.0,5.053394243189765e-05,3.9510160905095217e-05,0.0,0.0060292421778447135,0.0,145920,145920,0.01930027364573545,0.0,1.1017731670143944e-05,0.9478732537172871,0.9321405187306866,0.02957775845308319,0.9346787452307393,0.0,0.0,96.0,1824.0,0.0,0.0,96.0
independent_regularized,parameter,0,theta,0.0036000000059729317,2.5962316809739002e-05,4.290261747278311e-05,2.5962316809739002e-05,0.0013605777796298632,0.0,145920,145920,0.06275846458818765,0.0,1.7207139318653491e-06,0.3159076285900473,0.3152153992087599,0.00043688190304938535,0.5226510789393136,4.290261747278311e-05,0.0013605777796298632,146016.0,147744.0,4.283499989579643e-05,0.0013040954836244332,146016.0
independent_regularized,parameter,1,theta,0.0036000000126924893,4.844150953019201e-06,1.8247062176661633e-05,4.844150953019201e-06,0.006424691554531629,0.0,145920,145920,0.06329337398828583,0.0,9.752106764798773e-06,0.3113747412010218,0.307440864942923,0.0024343440211506973,0.6137188476129374,1.8247062176661633e-05,0.006424691554531629,146016.0,147744.0,1.7251875347886262e-05,0.006144660795724152,146016.0
independent_regularized,parameter,2,theta,0.0036000000012390296,1.0370592993552198e-05,1.5746823913939815e-05,1.0370592993552198e-05,0.007837846087155315,0.0,145920,145920,0.05909282768980938,0.0,3.30833781794004e-06,0.31753543705107923,0.3160400903005507,0.0009474151060396702,0.6451088364326635,1.5746823913939815e-05,0.007837846087155315,146016.0,147744.0,1.5105606053607898e-05,0.006708982630661246,146016.0
independent_regularized,parameter,3,theta,0.0035999999838695236,2.2017757944334046e-06,8.446752141467323e-06,2.2017757944334046e-06,0.012022026383400837,0.0,145920,145920,0.06342212140311755,0.0,2.977328187155941e-06,0.2719645008851164,0.2706002520146748,0.0007401933512849734,0.9052127952106714,8.446752141467323e-06,0.012022026383400837,146016.0,147744.0,5.293353237220858e-06,0.00803618972339177,146016.0
independent_regularized,parameter,4,theta,0.0036000000108356773,1.9032216604250012e-05,1.9668993377342294e-05,1.9032216604250012e-05,0.005786560317577713,0.0,145920,145920,0.05980166168852186,0.0,5.994595982312706e-06,0.3225544592784295,0.31994554216359533,0.0016762292500430848,0.5559600152678064,1.9668993377342294e-05,0.005786560317577713,146016.0,147744.0,1.940941573667348e-05,0.0052937664707547625,146016.0
independent_regularized,parameter,5,theta,0.0036000000199088444,2.3696959517445497e-05,2.7688073729896964e-05,2.3696959517445497e-05,0.013026067246485227,0.0,145920,145920,0.07211753902702138,0.0,7.202615020124813e-06,0.26800918024525744,0.2654129850135148,0.001384868081950666,0.5351578390330234,2.7688073729896964e-05,0.013026067246485227,146016.0,147744.0,2.7284410855376347e-05,0.010389354082282884,146016.0
independent_regularized,parameter,6,theta,0.0035999999869804145,7.136159840110298e-05,0.00011213770471039896,7.136159840110298e-05,0.008072782001814932,0.0,145920,145920,0.0601873506575943,0.0,1.9956160196634336e-05,0.29788434396380853,0.288489447969628,0.005508920788927896,0.8122221299231804,0.00011213770471039896,0.008072782001814932,146016.0,147744.0,0.0001107862242205221,0.007181229287020954,146016.0
independent_regularized,parameter,7,theta,0.0036000000241836368,1.4453506317763488e-05,5.6350483011322136e-05,1.4453506317763488e-05,0.02257991455660098,0.0,145920,145920,0.06213379391330053,0.0,3.6984079893332574e-05,0.28983176041158776,0.27280504266941535,0.009579858037418482,0.8224878704771,5.6350483011322136e-05,0.02257991455660098,146016.0,147744.0,4.762068495358168e-05,0.01805899955467589,146016.0
independent_regularized,parameter,8,theta,0.0036000000173068173,2.6305025830218762e-05,1.989592752045548e-05,2.6305025830218762e-05,0.006066432001343331,0.0,145920,145920,0.06215344148329754,0.000118928129517032,3.4488400582249293e-06,0.3584783230876267,0.35723092215277835,0.0008927763815925194,0.022537540554843992,1.989592752045548e-05,0.006066432001343331,146016.0,147744.0,1.9876444823721813e-05,0.0029598375560284684,146016.0
independent_regularized,parameter,9,theta,0.003599999997454065,2.4867659256967835e-05,2.813395644582195e-05,2.4867659256967835e-05,0.008032939709905346,0.0,145920,145920,0.06222395286587775,0.00018732410723635876,9.090383960691821e-06,0.38141618053447324,0.37832587895384834,0.0023478320873039638,0.0014044259790901114,2.813395644582195e-05,0.008032939709905346,146016.0,147744.0,2.7910537242477375e-05,0.0067941696014254685,146016.0
independent_regularized,parameter,10,theta,0.003600000015816132,2.6422813860552097e-05,6.54465391770416e-05,2.6422813860552097e-05,0.05922537772770487,0.0,145920,145920,0.06441882082564467,0.0,3.569853308617885e-05,0.2916240826177655,0.27648164973547457,0.008602502922203673,0.5881103915574918,6.54465391770416e-05,0.05922537772770487,146016.0,147744.0,4.707607197618268e-05,0.023122200818780525,146016.0
independent_regularized,parameter,11,theta,0.003600000003105302,1.1801570207691864e-05,1.846601306508234e-05,1.1801570207691864e-05,0.06583395502799101,0.0,145920,145920,0.06780043900143995,0.0,6.789151446699256e-06,0.26410327146357127,0.26129225028169584,0.001476897940488442,0.8215063381564806,1.846601306508234e-05,0.06583395502799101,146016.0,147744.0,1.3838100871428425e-05,0.005654488353889507,146016.0
independent_regularized,parameter,12,theta,0.003600000019141592,6.1268281033518434e-06,1.4892593350508156e-05,6.1268281033518434e-06,0.006691193204386586,0.0,145920,145920,0.06477583855865159,0.0,3.964496487677253e-06,0.2798710093530242,0.2781778817103932,0.000944848003399057,0.8303501650829981,1.4892593350508156e-05,0.006691193204386586,146016.0,147744.0,1.4469056124566305e-05,0.004775331114824347,146016.0
independent_regularized,parameter,13,theta,0.003599999999857216,1.2579749265023804e-05,2.389773648113103e-05,1.2579749265023804e-05,0.005689800129137212,0.0,145920,145920,0.06619656550455112,0.0,5.7403874954937e-06,0.283089429754789,0.2807661451412221,0.0013099969814298201,0.8746954055376496,2.389773648113103e-05,0.005689800129137212,146016.0,147744.0,2.3028810509657007e-05,0.005059536399425102,146016.0
independent_regularized,parameter,14,theta,0.0036000000003619096,9.26647867377391e-06,2.8649997502757995e-05,9.26647867377391e-06,0.009786461098859693,0.0,145920,145920,0.05874551659307478,0.0,9.582307905385337e-06,0.3145460594754956,0.3101009134986109,0.002776646978889033,0.6750178379110998,2.8649997502757995e-05,0.009786461098859693,146016.0,147744.0,2.747878611470071e-05,0.008807789643668148,146016.0
independent_regularized,parameter,15,theta,0.0036000000216173103,2.845658515239604e-05,3.4294727613693344e-05,2.845658515239604e-05,0.00549660292938195,0.0,145920,145920,0.06360978628088702,0.0,1.9654361195507282e-05,0.2960410932657725,0.287720087003958,0.004857480436428627,0.643718650440847,3.4294727613693344e-05,0.00549660292938195,146016.0,147744.0,3.397641207683412e-05,0.005137418754776118,146016.0
independent_regularized,parameter,16,theta,0.003600000012575261,1.922191871855716e-05,2.6296883047120818e-05,1.922191871855716e-05,0.01675574326046821,0.0,145920,145920,0.054025464127472785,0.0,4.802655597626698e-06,0.33820058871052094,0.3357591237558605,0.0016454490188397147,0.7263547885524352,2.6296883047120818e-05,0.01675574326046821,146016.0,147744.0,2.2996545315416535e-05,0.008703547755007906,146016.0
independent_regularized,parameter,17,theta,0.003600000000008628,3.0300459554484976e-05,2.3349432091733625e-05,3.0300459554484976e-05,0.0028478872960864344,0.0,145920,145920,0.057810234895571855,1.1283223561620774e-05,6.929941969590746e-07,0.33749998975617373,0.3371926532461278,0.00020735768225399465,0.4004370618549177,2.3349432091733625e-05,0.0028478872960864344,146016.0,147744.0,2.3143103332197208e-05,0.0026962208255010695,146016.0
independent_regularized,parameter,18,theta,0.0035999999905696875,2.8208803789643695e-05,3.398954737377692e-05,2.8208803789643695e-05,0.004665349602309415,0.0,145920,145920,0.06248095549266686,0.0,1.4312633570601334e-05,0.297363067527946,0.2911331753052125,0.0036662681663341967,0.6470597615588981,3.398954737377692e-05,0.004665349602309415,146016.0,147744.0,3.3618909154844374e-05,0.004569905114038181,146016.0
independent_regularized,parameter,19,theta,0.0036000000090243064,4.992855515894777e-05,6.320216554718151e-05,4.992855515894777e-05,0.0073528610107506396,0.0,145920,145920,0.057499398090938784,0.0,7.830239441794144e-06,0.29727653790216074,0.2932660498871827,0.002368363970663298,0.931784601332374,6.320216554718151e-05,0.0073528610107506396,146016.0,147744.0,6.212611310042384e-05,0.006807694295502282,146016.0
independent_regularized,parameter,20,theta,0.0036000000043652568,3.873618624669836e-05,4.8327678622416094e-05,3.873618624669836e-05,0.00607175893708626,0.0,145920,145920,0.0549048769112553,6.448115191107543e-05,8.444280161578326e-06,0.3803623554340028,0.37666210706629566,0.0028011785316811033,0.12425679299356729,4.8327678622416094e-05,0.00607175893708626,146016.0,147744.0,4.7680927265163786e-05,0.005598189050095694,146016.0
independent_regularized,parameter,21,theta,0.0036000000113105973,1.623136395773163e-05,3.017999941377896e-05,1.623136395773163e-05,0.03384638754498202,0.0,145920,145920,0.06536165833086241,5.1098913468590846e-05,5.133044451427856e-06,0.3131186102550743,0.31119407113366665,0.0012015141793235429,0.17505463343349514,3.017999941377896e-05,0.03384638754498202,146016.0,147744.0,2.4762733322064095e-05,0.008661027666024126,146016.0
independent_regularized,parameter,22,theta,0.003599999987592099,1.3557390622627602e-05,1.222281080998819e-05,1.3557390622627602e-05,0.023781565278987723,0.0,145920,145920,0.06204557733828878,7.757722825965117e-06,2.0679915940538304e-06,0.3125677967181594,0.31170729626973726,0.000537188997454835,0.42482851484044976,1.222281080998819e-05,0.023781565278987723,146016.0,147744.0,1.1908759702091088e-05,0.005940967397233492,146016.0
independent_regularized,parameter,23,theta,0.003600000020936962,1.3508300575602809e-05,3.078486740761073e-05,1.3508300575602809e-05,0.02925710707891859,0.0,145920,145920,0.06528794501422609,2.2116640817511806e-05,1.3418490011243696e-05,0.3031560087523962,0.2979186876278958,0.003148021204755158,0.32911291972191353,3.078486740761073e-05,0.02925710707891859,146016.0,147744.0,2.2829062242903365e-05,0.014164101569969017,146016.0
independent_regularized,parameter,24,theta,0.003600000009688613,4.728170717309041e-05,7.886944831170001e-05,4.728170717309041e-05,0.013875507986182789,0.0,145920,145920,0.06341505892785587,3.383535238531118e-06,2.2021043146993832e-05,0.30808749719250195,0.29906861496430714,0.005475869469670894,0.45570356589695343,7.886944831170001e-05,0.013875507986182789,146016.0,147744.0,7.696345961158763e-05,0.011488994793450143,146016.0
independent_regularized,parameter,25,theta,0.003599999986923437,4.02787786864009e-05,5.1043729156021775e-05,4.02787786864009e-05,0.01594921228825421,0.0,145920,145920,0.06902756051832601,0.0,5.303167371893171e-06,0.2847248033685482,0.28276355168662476,0.0011129874908239329,0.480673110320544,5.1043729156021775e-05,0.01594921228825421,146016.0,147744.0,5.105213242990442e-05,0.01329442641411907,146016.0
independent_regularized,parameter,26,theta,0.003600000002834446,3.906763448175273e-05,6.585878015854206e-05,3.906763448175273e-05,0.03752801707176152,0.0,145920,145920,0.06564272255869137,0.0,3.1042299978330626e-05,0.2812287089960029,0.26811465900096165,0.007204116392356519,0.7532790254138163,6.585878015854206e-05,0.03752801707176152,146016.0,147744.0,5.476689181219532e-05,0.016682421492584143,146016.0
independent_regularized,parameter,27,theta,0.003600000007351924,3.2040873141624105e-05,4.652253299530898e-05,3.2040873141624105e-05,0.012608591927421631,0.0,145920,145920,0.059375142330443935,0.0,1.4074201417668278e-05,0.307833348464324,0.30127919064507286,0.003992219711007758,0.760138534934637,4.652253299530898e-05,0.012608591927421631,146016.0,147744.0,4.305253270648077e-05,0.011081333627920733,146016.0
independent_regularized,parameter,28,theta,0.003599999990179273,4.1278913168867556e-05,4.93376509587931e-05,4.1278913168867556e-05,0.003302074346101802,0.0,145920,145920,0.06104809051179224,0.0,2.0499766570215686e-06,0.28102614356970973,0.28004578215831594,0.0005500532650001555,0.9159485189845616,4.93376509587931e-05,0.003302074346101802,146016.0,147744.0,4.874102157872664e-05,0.0030569691909172842,146016.0
independent_regularized,parameter,29,theta,0.003599999978903673,1.781758844040931e-05,3.82015872077266e-05,1.781758844040931e-05,0.0152795898381143,0.0,145920,145920,0.06459339201653785,5.3566671680100904e-05,1.2087360425078553e-05,0.3225700466299585,0.3180477788965372,0.0028970453218329917,0.1647266019781596,3.82015872077266e-05,0.0152795898381143,146016.0,147744.0,3.264824131679017e-05,0.012537238817961883,146016.0
independent_regularized,schedule,0,joint,0.0036000038602269488,0.0008673758035635342,3.868545518412769e-05,3.868545518412769e-05,0.12977299986766838,0.12977299986766838,145920,145920,0.06144971279366809,0.0007654885776979727,0.0007354876898479681,0.5564038704220481,0.33883499615742285,0.1947761123996345,1.2650859635794751e-20,3.868545518412769e-05,0.12977299986766838,146016.0,147744.0,6.107021297167362e-05,0.08621017611232562,146016.0
independent_regularized,schedule,1,joint,0.0036017199066877485,0.0007273229402566013,6.017995450311785e-05,6.017995450311785e-05,0.2005020911344282,0.2005020911344282,145920,145920,0.06567720904783007,0.0005894719875502659,0.0006306535317743216,0.49108389945943554,0.3081536239414498,0.14620474036003653,1.4356593744534145e-14,6.017995450311785e-05,0.2005020911344282,146016.0,147744.0,8.649008573688604e-05,0.07817900429461104,146016.0
independent_regularized,schedule,2,joint,0.003600740790935103,0.0007556549366656623,3.017188691620263e-05,3.017188691620263e-05,0.028185723195627028,0.028185723195627028,145920,145920,0.060646556430132205,0.0005713903835637709,0.0005540112499093076,0.5070460409079396,0.3262935578541745,0.15062820170328042,5.5933914920148315e-14,3.017188691620263e-05,0.028185723195627028,146016.0,147744.0,3.202900137852009e-05,0.027797591230821525,146016.0
independent_regularized,schedule,3,joint,0.0036005169401883896,0.0006764074498676745,1.6574131976581167e-05,1.6574131976581167e-05,0.0330622272108857,0.0330622272108857,145920,145920,0.06434833571206794,0.0005098427386408573,0.0005504275551048708,0.4606426604667273,0.2815331027136405,0.13293077271829534,5.085205638068729e-12,1.6574131976581167e-05,0.0330622272108857,146016.0,147744.0,1.3978768066421256e-05,0.03181856211866772,146016.0
independent_regularized,schedule,4,joint,0.0036036182393662025,0.0007565718916380721,1.0228999419587237e-05,1.0228999419587237e-05,0.04750420257605983,0.04750420257605983,145920,145920,0.06815447850061322,0.0007047220196092991,0.0007903559455407343,0.48155051998495574,0.24847561297982304,0.17015077305208245,1.7780806312499888e-18,1.0228999419587237e-05,0.04750420257605983,146016.0,147744.0,1.2354318261437082e-05,0.024822264752058034,146016.0
independent_regularized,schedule,5,joint,0.0036003211922400317,0.0006708170045192949,7.386940033271618e-05,7.386940033271618e-05,0.1108623492054548,0.1108623492054548,145920,145920,0.06458546725764537,0.0008399240533537808,0.000843727329743963,0.5386222196244203,0.2963838988525204,0.20227047997411615,2.5126073764742847e-23,7.386940033271618e-05,0.1108623492054548,146016.0,147744.0,7.353089424673604e-05,0.0754294080734921,146016.0
independent_regularized,schedule,6,joint,0.0036107707404775605,0.0009213559048484425,3.571098302751641e-05,3.571098302751641e-05,0.026785389561351024,0.026785389561351024,145920,145920,0.05988167790025377,0.0005430939704415427,0.000637916690824729,0.5142385771208543,0.2941789847152651,0.17790003915117664,4.554271329597378e-13,3.571098302751641e-05,0.026785389561351024,146016.0,147744.0,3.752159999996911e-05,0.026250556432700217,146016.0
independent_regularized,schedule,7,joint,0.003600996760236177,0.0008977904401006825,5.6949651438293614e-05,5.6949651438293614e-05,0.05035253789751461,0.05035253789751461,145920,145920,0.06541242274825976,0.0008734548888506211,0.0008996032635201274,0.5384730625013183,0.28232229523513236,0.21024736065271543,1.4445534224202546e-24,5.6949651438293614e-05,0.05035253789751461,146016.0,147744.0,5.214562483545901e-05,0.048409206604347346,146016.0
independent_regularized,schedule,8,joint,0.0036006763243902912,0.0014655135345736988,6.47895334627437e-05,6.47895334627437e-05,0.2132843696467683,0.2132843696467683,145920,145920,0.054763732933023265,0.0010343520485189142,0.00047145930701921244,0.6904155922109072,0.5652182487363716,0.15720202126332683,1.0796838905611082e-30,6.47895334627437e-05,0.2132843696467683,146016.0,147744.0,0.0001459057016688808,0.1341279221360775,146016.0
independent_regularized,schedule,9,joint,0.0036110467005967895,0.0008727911044351838,2.6660801282447693e-05,2.6660801282447693e-05,0.03291830541481369,0.03291830541481369,145920,145920,0.06295762901647702,0.0007139453003177934,0.0007939287324435,0.5557962637464712,0.3295568462115226,0.2003017719096518,8.463617157860241e-19,2.6660801282447693e-05,0.03291830541481369,146016.0,147744.0,2.1339325919002297e-05,0.03117378109735902,146016.0
independent_regularized,schedule,10,joint,0.0036057473526324357,0.0009618696189526066,6.694753740455419e-05,6.694753740455419e-05,0.047665208681129057,0.047665208681129057,145920,145920,0.06581963967724769,0.0006487344604424646,0.0007465812665548642,0.5094302833699491,0.2952747034252278,0.17233206313153038,1.5039588739307524e-16,6.694753740455419e-05,0.047665208681129057,146016.0,147744.0,6.619737529000601e-05,0.045874455236506025,146016.0
independent_regularized,schedule,11,joint,0.003606523789829386,0.0007079188716990685,2.2354604406062657e-05,2.2354604406062657e-05,0.07537517323037779,0.07537517323037779,145920,145920,0.05916618528443423,0.000584279616542474,0.0006179427574544891,0.5435268823042902,0.3448166899466502,0.1765229221216575,2.124848480424891e-14,2.2354604406062657e-05,0.07537517323037779,146016.0,147744.0,2.7387031900234408e-05,0.06867435236091501,146016.0
independent_regularized,schedule,12,joint,0.003600025329287897,0.0006964003532291586,4.578926922203199e-05,4.578926922203199e-05,0.061425966213915405,0.061425966213915405,145920,145920,0.06700860870972707,0.0007759364504918643,0.0008307984339995564,0.5156565545009709,0.2843852224461905,0.18502672745404353,5.3381408689333424e-21,4.578926922203199e-05,0.061425966213915405,146016.0,147744.0,3.849389985854779e-05,0.036296125685041494,146016.0
independent_regularized,schedule,13,joint,0.0036155159663506715,0.0011504730365234418,6.12148815872856e-05,6.12148815872856e-05,0.033294586232682194,0.033294586232682194,145920,145920,0.07067540827099034,0.0007845419965355869,0.000952199487150362,0.5071277094406255,0.2579699490557569,0.19063001906666566,2.6157317269601436e-21,6.12148815872856e-05,0.033294586232682194,146016.0,147744.0,5.8141822653222654e-05,0.03246394538013363,146016.0
independent_regularized,schedule,14,joint,0.003606959589718509,0.0010496076761314548,7.085139310348656e-05,7.085139310348656e-05,0.028453771420602087,0.028453771420602087,145920,145920,0.06834559953898908,0.001171427234249611,0.001139998506700619,0.5752919951857893,0.2948023613470928,0.24405244746902438,4.167743851309818e-36,7.085139310348656e-05,0.028453771420602087,146016.0,147744.0,6.63267776995762e-05,0.027904871317720157,146016.0
independent_regularized,schedule,15,joint,0.003602031663221297,0.0007295991546137264,2.425394089477202e-05,2.425394089477202e-05,0.030748257717494856,0.030748257717494856,145920,145920,0.06159541500065661,0.0006252919872439198,0.0006695293043515537,0.5174861579742347,0.3021938750878349,0.17647078555433263,9.29342575760906e-16,2.425394089477202e-05,0.030748257717494856,146016.0,147744.0,2.8382493783950493e-05,0.029571414068722348,146016.0
independent_regularized,schedule,16,joint,0.003599981648383383,0.0006453367183648256,5.258234189647945e-05,5.258234189647945e-05,0.04879566968181507,0.04879566968181507,145920,145920,0.06746540745699611,0.0006815150706065805,0.0006368913062655288,0.4829023607088374,0.30539680077056464,0.13992748405727218,1.1353623776959766e-17,5.258234189647945e-05,0.04879566968181507,146016.0,147744.0,4.5354337059107296e-05,0.04676222265401302,146016.0
independent_regularized,schedule,17,joint,0.0036069006951152966,0.0007362384648799385,8.995480046652873e-05,8.995480046652873e-05,0.07378569919906304,0.07378569919906304,145920,145920,0.05990603205728812,0.0004208444218540991,0.00047309824898258317,0.5022478950031106,0.3470218558933553,0.13182877956738698,2.389731987905402e-09,8.995480046652873e-05,0.07378569919906304,146016.0,147744.0,8.889188902663092e-05,0.06349886804316604,146016.0
independent_regularized,schedule,18,joint,0.00360228747016799,0.0007808137294688631,2.6126803648115476e-05,2.6126803648115476e-05,0.07414525862385324,0.07414525862385324,145920,145920,0.05735687015264826,0.0004287630310445839,0.00048555420155515605,0.505139066458909,0.32798188056592714,0.14759336248341606,1.4097345109674432e-09,2.6126803648115476e-05,0.07414525862385324,146016.0,147744.0,3.1387150612011364e-05,0.038691453829767894,146016.0
independent_regularized,schedule,19,joint,0.0036011436894707568,0.0007956169156597398,2.7042892547979816e-05,2.7042892547979816e-05,0.04827760504137271,0.04827760504137271,145920,145920,0.06710860097098731,0.0008590873454015118,0.0009132206342038628,0.522743212731552,0.265486651232799,0.20277730447409875,4.930639625717706e-24,2.7042892547979816e-05,0.04827760504137271,146016.0,147744.0,1.8101927314452394e-05,0.04428304783800216,146016.0
independent_regularized,schedule,20,joint,0.003603560081120427,0.0008968639174874033,4.02758449333035e-05,4.02758449333035e-05,0.06386098482545102,0.06386098482545102,145920,145920,0.06010914682024415,0.0005916646019315032,0.0007078566566815149,0.535779553833753,0.3019044668643291,0.19591342319366062,1.216151075761409e-14,4.02758449333035e-05,0.06386098482545102,146016.0,147744.0,2.794737579927569e-05,0.046596215089924335,146016.0
independent_regularized,schedule,21,joint,0.0036051971513971406,0.001132830796898315,5.525126021889383e-05,5.525126021889383e-05,0.03733383275800384,0.03733383275800384,145920,145920,0.06068601519499752,0.0008316348112695791,0.0009069485055942216,0.573801700743435,0.28806572916937934,0.24626652745417227,5.06548552106386e-23,5.525126021889383e-05,0.03733383275800384,146016.0,147744.0,6.748994671242661e-05,0.03480951830572831,146016.0
independent_regularized,schedule,22,joint,0.0036014577441576255,0.000576462695646898,6.06817733659045e-05,6.06817733659045e-05,0.027089271726182095,0.027089271726182095,145920,145920,0.06085015162760301,0.00044369945578451894,0.00047611046797954923,0.48101562316807145,0.3206131299631749,0.1285832506269844,5.152485015736591e-10,6.06817733659045e-05,0.027089271726182095,146016.0,147744.0,5.59243474181673e-05,0.025277558306143658,146016.0
independent_regularized,schedule,23,joint,0.0036122856651533276,0.0007206476923638166,4.83733492986812e-05,4.83733492986812e-05,0.03728134000904214,0.03728134000904214,145920,145920,0.06216208449233924,0.0006136938449534879,0.0005982756715658265,0.5063672906628081,0.31871552098391315,0.1548282497371456,2.2687443458209844e-15,4.83733492986812e-05,0.03728134000904214,146016.0,147744.0,4.73360126380471e-05,0.03571398235786311,146016.0
independent_regularized,schedule,24,joint,0.003609849636868027,0.0013019626105719526,5.0083924502915617e-05,5.0083924502915617e-05,0.04681336828349893,0.04681336828349893,145920,145920,0.0745231730485786,0.0011255322781674884,0.0011635783845225487,0.5329164777452798,0.272921253527575,0.20951396162537245,2.8185163895550877e-34,5.0083924502915617e-05,0.04681336828349893,146016.0,147744.0,4.6756986924670484e-05,0.045613427009297845,146016.0
independent_regularized,schedule,25,joint,0.003607575639086937,0.0009496122741603759,5.853324591978935e-05,5.853324591978935e-05,0.1411654039203647,0.1411654039203647,145920,145920,0.07194068833440642,0.0009032007061034426,0.0009684757749068894,0.5087410932477008,0.2677482991624884,0.1871283482544604,1.117261605908612e-25,5.853324591978935e-05,0.1411654039203647,146016.0,147744.0,6.345242384523986e-05,0.11900551855497922,146016.0
independent_regularized,schedule,26,joint,0.0036045846928719934,0.0006496198853360789,9.32955618494827e-05,9.32955618494827e-05,0.09215080496250316,0.09215080496250316,145920,145920,0.06430700423465335,0.0006924032771288601,0.0006511475816905822,0.53371478583502,0.3569231644526155,0.1574573272960524,4.76918405161576e-18,9.32955618494827e-05,0.09215080496250316,146016.0,147744.0,0.00011323916844965503,0.08402686730916947,146016.0
independent_regularized,schedule,27,joint,0.0036043147160747645,0.0006932227328577266,1.2373226874490401e-05,1.2373226874490401e-05,0.044795941130462945,0.044795941130462945,145920,145920,0.05905309221708246,0.0006290865377398938,0.0005694811100959508,0.5359072911781936,0.35198533020387796,0.16330295205921616,6.9314234723726e-16,1.2373226874490401e-05,0.044795941130462945,146016.0,147744.0,1.3603624855585116e-05,0.03963356991985384,146016.0
independent_regularized,schedule,28,joint,0.003601487697974955,0.000673895912605311,1.5151541748177915e-05,1.5151541748177915e-05,0.029084754031014466,0.029084754031014466,145920,145920,0.060659428727340474,0.00048481938675661615,0.0005522659961051283,0.4936039735293703,0.3058674750234965,0.15008997040673405,3.005879616640118e-11,1.5151541748177915e-05,0.029084754031014466,146016.0,147744.0,1.3732950373414375e-05,0.02671834258500931,146016.0
independent_regularized,schedule,29,joint,0.0036093952993330475,0.0008697556190972352,2.4574333732950975e-05,2.4574333732950975e-05,0.021933248906924847,0.021933248906924847,145920,145920,0.06380464328743875,0.0007886184272874186,0.000757061624237023,0.5328326202308226,0.3129657336788337,0.18596305072491331,1.8641754849636887e-21,2.4574333732950975e-05,0.021933248906924847,146016.0,147744.0,2.5718894170745107e-05,0.02118458284773786,146016.0
independent_regularized,mixed,0,joint,0.0036016931418146564,0.0004298422024684626,0.00010143396611350855,0.00010143396611350855,0.03150525720238263,0.03150525720238263,145920,145920,0.05874305773140697,0.00018621684987359205,0.0001630314204633925,0.4120626473461393,0.35007194755531823,0.047245256872735286,0.0014762858813228274,0.00010143396611350855,0.03150525720238263,146016.0,147744.0,0.00011306215776514426,0.028288852138809037,146016.0
independent_regularized,mixed,1,joint,0.003603544441353481,0.0005145239587648786,3.920609983595277e-05,3.920609983595277e-05,0.01972888986063988,0.01972888986063988,145920,145920,0.06386864928165067,0.0005490899573101037,0.0005392451350035534,0.47841416923078983,0.3109443889844162,0.1321937042798949,2.9298922719694193e-13,3.920609983595277e-05,0.01972888986063988,146016.0,147744.0,4.0037156329511846e-05,0.0193886010045889,146016.0
independent_regularized,mixed,2,joint,0.003600087067886501,0.0005177056998608711,4.474374419529484e-05,4.474374419529484e-05,0.023203216201489487,0.023203216201489487,145920,145920,0.06858474636481696,0.0002964030891929833,0.0003433398215484484,0.38412129078881396,0.27305347717191336,0.07299096464159195,5.245625822922482e-06,4.474374419529484e-05,0.023203216201489487,146016.0,147744.0,4.775612974161304e-05,0.022478264953186555,146016.0
independent_regularized,mixed,3,joint,0.003605638892076609,0.0005178303247379768,2.6810658782543358e-05,2.6810658782543358e-05,0.03090847861920473,0.03090847861920473,145920,145920,0.062191136803813524,0.0004369655870082833,0.00047980793561669134,0.46663207551240593,0.30609081991025017,0.12405390386368652,8.125467143760869e-10,2.6810658782543358e-05,0.03090847861920473,146016.0,147744.0,2.9368155080656352e-05,0.01858755570029185,146016.0
independent_regularized,mixed,4,joint,0.003601195404020245,0.0006775778298598702,4.895068936512563e-05,4.895068936512563e-05,0.03258862292700537,0.03258862292700537,145920,145920,0.07138918762574245,0.00046972893485005114,0.00045419864652757893,0.40824289258964164,0.27846197882430773,0.08912118569920847,8.62798278919312e-11,4.895068936512563e-05,0.03258862292700537,146016.0,147744.0,5.388546375215043e-05,0.03150770774867018,146016.0
independent_regularized,mixed,5,joint,0.0035997314796261835,0.0006709061635183579,1.4794565253296455e-05,1.4794565253296455e-05,0.04247875095738824,0.04247875095738824,145920,145920,0.06104445047707312,0.000622304541141638,0.0006413910274262689,0.5185354680392579,0.31106166958669756,0.17211966932862843,1.1701860897212157e-15,1.4794565253296455e-05,0.04247875095738824,146016.0,147744.0,1.651291981449516e-05,0.04078459383131999,146016.0
independent_regularized,mixed,6,joint,0.003607870048707136,0.0004541037977779488,1.763558622160015e-05,1.763558622160015e-05,0.08684041010394253,0.08684041010394253,145920,145920,0.06218852747153121,0.00033801140766233313,0.0004341117020598231,0.46611371763329984,0.3240577023144712,0.11224860333660117,4.585544685578381e-07,1.763558622160015e-05,0.08684041010394253,146016.0,147744.0,1.7155597544715942e-05,0.015341358205917319,146016.0
independent_regularized,mixed,7,joint,0.0036014193642876454,0.0006471314588063343,5.605411481169046e-05,5.605411481169046e-05,0.046152034225777,0.046152034225777,145920,145920,0.07119838599286116,0.0005561339489833496,0.0005200243474389872,0.42826579272049253,0.28430037489601184,0.10258488604849898,1.741071343162798e-13,5.605411481169046e-05,0.046152034225777,146016.0,147744.0,4.906340914613173e-05,0.04389834823913254,146016.0
independent_regularized,mixed,8,joint,0.0035983226940592044,0.0005189549398503856,6.0060473748452256e-05,6.0060473748452256e-05,0.12783983859079054,0.12783983859079054,145920,145920,0.06440321270589372,0.00033252430831867577,0.00028891414708743943,0.4172574383522002,0.32318499004548534,0.06965523206953969,6.376977875207516e-07,6.0060473748452256e-05,0.12783983859079054,146016.0,147744.0,5.42438931054754e-05,0.03883177947155646,146016.0
independent_regularized,mixed,9,joint,0.0035999946644673184,0.0017096992391689217,5.6292241983134996e-05,5.6292241983134996e-05,0.056914777932243026,0.056914777932243026,145920,145920,0.061069071836886354,0.0014582411517044542,0.0014611910752772815,0.7043850696625517,0.3230454767201647,0.39179994633415927,7.009097610497622e-48,5.6292241983134996e-05,0.056914777932243026,146016.0,147744.0,5.3999543633929996e-05,0.05307039256115802,146016.0
independent_regularized,mixed,10,joint,0.003601637926882595,0.000439566704183359,4.598080219129564e-05,4.598080219129564e-05,0.02780217063849565,0.02780217063849565,145920,145920,0.06620671187749441,0.00035022182568425524,0.00042713414982486136,0.40629296876585363,0.26005541759599177,0.09744515624754525,2.1821530490603715e-07,4.598080219129564e-05,0.02780217063849565,146016.0,147744.0,4.579900610311891e-05,0.026977020798106387,146016.0
independent_regularized,mixed,11,joint,0.0036091672463608804,0.0008117637122729369,1.458632979119241e-05,1.458632979119241e-05,0.07614003493551551,0.07614003493551551,145920,145920,0.0599064580988947,0.0006180697016880192,0.0006327931158523705,0.5279780492338203,0.320055604995869,0.17632523018347862,1.6212073775078526e-15,1.458632979119241e-05,0.07614003493551551,146016.0,147744.0,2.461652423273236e-05,0.03297183444044476,146016.0
independent_regularized,mixed,12,joint,0.0036069332382277783,0.0004726300536510087,2.1062750264387488e-05,2.1062750264387488e-05,0.022802286015451725,0.022802286015451725,145920,145920,0.06668405981335264,0.00047605251977058625,0.00046424327251422926,0.4359010485264611,0.2925909608392518,0.10440025374163164,5.5553215952810005e-11,2.1062750264387488e-05,0.022802286015451725,146016.0,147744.0,2.181808396136037e-05,0.019818517053687455,146016.0
independent_regularized,mixed,13,joint,0.0036006924291162264,0.0008250803588732584,4.28987628970666e-05,4.28987628970666e-05,0.048722783270856926,0.048722783270856926,145920,145920,0.06286158239254275,0.00045945860948339755,0.0006147131862543599,0.472113201987297,0.2594791921141479,0.15556142435048742,1.7549302560652492e-10,4.28987628970666e-05,0.048722783270856926,146016.0,147744.0,5.2687050821784165e-05,0.04428062383858489,146016.0
independent_regularized,mixed,14,joint,0.00360082651719121,0.00043141573992377756,5.709388951108095e-05,5.709388951108095e-05,0.029047904483984237,0.029047904483984237,145920,145920,0.058397958390467616,0.00019355940081212616,0.0002992493023998667,0.4224758508980067,0.30122703246819066,0.0877481195024024,0.0010573769610380118,5.709388951108095e-05,0.029047904483984237,146016.0,147744.0,6.20547916875867e-05,0.02721148650858065,146016.0
independent_regularized,mixed,15,joint,0.0036091726124985067,0.0006671369317054987,1.590006911720045e-05,1.590006911720045e-05,0.03509086952876825,0.03509086952876825,145920,145920,0.06340162443801303,0.0004716585619313545,0.0005235556395532898,0.4634450127273484,0.29075071193996577,0.13024530332825515,7.545232505460663e-11,1.590006911720045e-05,0.03509086952876825,146016.0,147744.0,1.6414119234052596e-05,0.034072871945734495,146016.0
independent_regularized,mixed,16,joint,0.0036079103187210823,0.0005107087636261622,3.821129869451712e-05,3.821129869451712e-05,0.06245083687131023,0.06245083687131023,145920,145920,0.05660925409215707,0.00037991534305674256,0.00038546728698015797,0.48300694046663684,0.33617015785679316,0.12028532950548004,3.4171098670815254e-08,3.821129869451712e-05,0.06245083687131023,146016.0,147744.0,3.106285988337784e-05,0.034104839044654285,146016.0
independent_regularized,mixed,17,joint,0.0036008985760140723,0.000947818803015286,3.071618093397723e-05,3.071618093397723e-05,0.056008224583250735,0.056008224583250735,145920,145920,0.0661837288306391,0.0007543458276737591,0.0007659039177557165,0.5067759674946634,0.28630296689998297,0.17485249237441935,3.162741701151217e-20,3.071618093397723e-05,0.056008224583250735,146016.0,147744.0,2.8334504217436883e-05,0.052914818737346374,146016.0
independent_regularized,mixed,18,joint,0.003601187802328658,0.00042055860620847125,5.019393030997588e-05,5.019393030997588e-05,0.035894806386583114,0.035894806386583114,145920,145920,0.06516064523890941,0.00023982978610499568,0.00029124200227569156,0.37847084590937846,0.2732153638045609,0.06859354618450192,0.00011157122197776049,5.019393030997588e-05,0.035894806386583114,146016.0,147744.0,5.024623647087845e-05,0.02039925507673237,146016.0
independent_regularized,mixed,19,joint,0.003600530796076877,0.0009132358180649443,5.297811599665516e-05,5.297811599665516e-05,0.15727788068614904,0.15727788068614904,145920,145920,0.06172906083568681,0.0009809449778820974,0.0009976006832796225,0.5976791272173341,0.30889425897943135,0.26180467588082224,1.2492449002556545e-28,5.297811599665516e-05,0.15727788068614904,146016.0,147744.0,4.904890985027863e-05,0.02390962545905348,146016.0
independent_regularized,mixed,20,joint,0.0036082077777693225,0.0007073345470530012,9.753847991675865e-05,9.753847991675865e-05,0.026448590367333373,0.026448590367333373,145920,145920,0.06397676127241127,0.0005843950507935237,0.0005935735612584376,0.4842635509827971,0.2991495782591717,0.14502071663782784,2.1064360885091795e-14,9.753847991675865e-05,0.026448590367333373,146016.0,147744.0,9.965393453682121e-05,0.02478970187964049,146016.0
independent_regularized,mixed,21,joint,0.003599804402199108,0.0008190415631328129,3.6964290127900756e-05,3.6964290127900756e-05,0.03703614010299143,0.03703614010299143,145920,145920,0.053929854828427576,0.0006581003205782153,0.0006959704502313432,0.5997611286345468,0.3470146136992596,0.23929426930013903,7.219580505100655e-17,3.6964290127900756e-05,0.03703614010299143,146016.0,147744.0,3.3182037503550485e-05,0.036088994212539034,146016.0
independent_regularized,mixed,22,joint,0.003609141380614486,0.0005049486012129924,3.2494608244060307e-05,3.2494608244060307e-05,0.09307700275940246,0.09307700275940246,145920,145920,0.06497921767864673,0.0005106750541558981,0.00048412112924105943,0.4727047570501968,0.3298357129331665,0.11465818981175538,4.790557293263178e-12,3.2494608244060307e-05,0.09307700275940246,146016.0,147744.0,3.342250068896852e-05,0.07158170131172323,146016.0
independent_regularized,mixed,23,joint,0.0036107459035175787,0.0010956073555749585,1.8915013081764226e-05,1.8915013081764226e-05,0.022153051999109094,0.022153051999109094,145920,145920,0.0693803794692234,0.0009645500281428009,0.0010149677479274093,0.5374115119553466,0.27921060581327645,0.21085257078351485,5.301348679888742e-28,1.8915013081764226e-05,0.022153051999109094,146016.0,147744.0,1.9280620643362616e-05,0.02200394161393734,146016.0
independent_regularized,mixed,24,joint,0.0035999728737591977,0.0008051088081119145,4.502721621193906e-05,4.502721621193906e-05,0.04443691618831154,0.04443691618831154,145920,145920,0.06361298644960979,0.0006173716979780444,0.0006507256338881133,0.4995916410566809,0.29796692961476867,0.16080751666965498,1.7105782575520776e-15,4.502721621193906e-05,0.04443691618831154,146016.0,147744.0,3.052390895395256e-05,0.0382870982175699,146016.0
independent_regularized,mixed,25,joint,0.003613511275966466,0.000700392587912237,4.315492421451872e-05,4.315492421451872e-05,0.032327915729196265,0.032327915729196265,145920,145920,0.06096980614006545,0.000702324555379594,0.0008430468578718309,0.5708763415748899,0.31481859107023735,0.22678905208648104,2.155431422028947e-18,4.315492421451872e-05,0.032327915729196265,146016.0,147744.0,3.942884564408705e-05,0.031771320475993445,146016.0
independent_regularized,mixed,26,joint,0.0036017892427596923,0.00047157915372267594,2.5362179152559228e-05,2.5362179152559228e-05,0.028041065998229784,0.028041065998229784,145920,145920,0.05767016987966264,0.0003410473096619219,0.0003426264988968558,0.4627380780345664,0.3333275481822151,0.10301927448595753,3.8167219423510047e-07,2.5362179152559228e-05,0.028041065998229784,146016.0,147744.0,2.6573999598238653e-05,0.026746361358218663,146016.0
independent_regularized,mixed,27,joint,0.003604636270078442,0.0007573636057813036,7.144300362972232e-05,7.144300362972232e-05,0.04933240957966796,0.04933240957966796,145920,145920,0.06277582177384172,0.0005384296855200839,0.0005925317546599203,0.4921218955809632,0.303027827841476,0.1503580956638772,6.410611454915038e-13,7.144300362972232e-05,0.04933240957966796,146016.0,147744.0,8.481197232101806e-05,0.04348672053691659,146016.0
independent_regularized,mixed,28,joint,0.0036118917731844022,0.0006121835230615685,1.6945067798875158e-05,1.6945067798875158e-05,0.029733620197516377,0.029733620197516377,145920,145920,0.06584436563079463,0.0005560411224495357,0.0007036400199138228,0.4804745372739765,0.26183531650202874,0.16229804800092426,1.7530816332139112e-13,1.6945067798875158e-05,0.029733620197516377,146016.0,147744.0,1.587243339164141e-05,0.025799614630746176,146016.0
independent_regularized,mixed,29,joint,0.0036047909322309444,0.0005226451969526959,3.549752068458833e-05,3.549752068458833e-05,0.05645074097700665,0.05645074097700665,145920,145920,0.06726295975830975,0.0005457090109669691,0.0004592440840613773,0.46112667531218315,0.3333644130563284,0.10150597879207723,3.758078325889002e-13,3.549752068458833e-05,0.05645074097700665,146016.0,147744.0,3.5566581181989976e-05,0.02176163140566381,146016.0
independent_regularized,same_support_normal,0,theta,0.0036000000000000008,0.0037990897733295413,0.0038664032195315132,0.0037990897733295413,0.13826440164985826,0.0,145920,145920,0.0640083837494781,0.0,0.0003595877495006471,0.975483107390819,0.9294085811244185,0.08776698213714329,0.7375925770450714,0.0038664032195315132,0.13826440164985826,146016.0,147744.0,0.0037876109136598182,0.07113766950272182,146016.0
independent_regularized,same_support_normal,1,search_needed,0.0036,0.003665667129261434,0.003670514465075824,0.003665667129261434,0.17565064280043266,0.0,145920,145920,0.06241067494572681,0.0001524765717631416,0.000369215714971632,0.9907836630412223,0.9417336617645626,0.09478997724889082,0.006260962505188722,0.003670514465075824,0.17565064280043266,146016.0,147744.0,0.0036024353736121926,0.03617212632494692,146016.0
independent_regularized,same_support_normal,2,theta,0.0036000000000000008,0.003956858847510809,0.004085196114840533,0.003956858847510809,0.05100134745417352,0.0,145920,145920,0.06272643085341134,0.0,0.00036413810513832515,0.9510028297866063,0.9010320871113485,0.09254756025790012,0.5389231465004485,0.004085196114840533,0.05100134745417352,146016.0,147744.0,0.004066282383200661,0.04679669041781182,146016.0
independent_regularized,same_support_normal,3,theta,0.003599999999999997,0.003686373025080931,0.003744223429983656,0.003686373025080931,0.03647422854272285,0.0,145920,145920,0.05934255725752844,6.698300305767303e-05,0.00015855197266873312,0.987903328140313,0.9648468779993692,0.04502348776557741,0.1161371857125546,0.003744223429983656,0.03647422854272285,146016.0,147744.0,0.0037530731658156477,0.029544671601387743,146016.0
independent_regularized,same_support_normal,4,theta,0.0035999999999999986,0.003926682521807454,0.00352551818346268,0.003926682521807454,0.022421542153393273,0.0,145920,145920,0.06797094146971634,0.0,0.0005330816692137909,0.9558343490593192,0.8934399146214257,0.11538442180291197,0.6389291149601849,0.00352551818346268,0.022421542153393273,146016.0,147744.0,0.003520355067500175,0.021687379949760378,146016.0
independent_regularized,same_support_normal,5,theta,0.003599999999999999,0.0036320341026804186,0.003767594717037136,0.0036320341026804186,0.08657999473281457,0.0,145920,145920,0.06222291100566493,0.0,0.00013642884829436375,0.9433723783770516,0.9245073854940269,0.03523753845177369,0.8883259117197435,0.003767594717037136,0.08657999473281457,146016.0,147744.0,0.0037450906966568086,0.0326438384129973,146016.0
independent_regularized,same_support_normal,6,theta,0.0036000000000000008,0.003771157838268871,0.003653429362449098,0.003771157838268871,0.03629230105245082,0.0,145920,145920,0.06183447024610091,0.0,0.0005122939252135661,0.982281916808421,0.9115329002943562,0.133985535769785,0.5201335540016963,0.003653429362449098,0.03629230105245082,146016.0,147744.0,0.003645987672940708,0.033545460252706896,146016.0
independent_regularized,same_support_normal,7,theta,0.0036,0.003670393438364419,0.0035941251946950137,0.003670393438364419,0.019928449948375077,0.0,145920,145920,0.06416611524090815,5.0971256126622356e-05,0.00013445341528416885,0.9811023427882665,0.9643163411214203,0.03265580127082168,0.17560096565874458,0.0035941251946950137,0.019928449948375077,146016.0,147744.0,0.0035883895322684047,0.013825022673755821,146016.0
independent_regularized,same_support_normal,8,theta,0.0036,0.003930505513947174,0.0036747266026455317,0.003930505513947174,0.3689840981525108,0.0,145920,145920,0.06230332489011285,8.575359706175201e-05,0.0004720411228657919,0.9530195112749092,0.886927010221559,0.1216066674101135,0.06758958393825676,0.0036747266026455317,0.3689840981525108,146016.0,147744.0,0.0036897782969636576,0.06646621961806376,146016.0
independent_regularized,same_support_normal,9,theta,0.0036,0.0036779268062032367,0.003685256730109489,0.0036779268062032367,0.009140723342296937,0.0,145920,145920,0.06473203114635423,7.75361046919544e-05,2.8061211340191076e-05,0.9944489693879813,0.9910761540894943,0.006696809511995139,0.08629828292298101,0.003685256730109489,0.009140723342296937,146016.0,147744.0,0.0036861286973631623,0.008811663165693435,146016.0
independent_regularized,same_support_normal,10,theta,0.003599999999999998,0.003785403536862556,0.00392306967790686,0.003785403536862556,0.03585181069936482,0.0,145920,145920,0.06467794520065343,0.0,0.00018101211812550976,0.9787602451865739,0.956399910028544,0.04327082965507523,0.5554480552665115,0.00392306967790686,0.03585181069936482,146016.0,147744.0,0.0039043634365618393,0.032466024514283834,146016.0
independent_regularized,same_support_normal,11,theta,0.0036000000000000003,0.0037998599616339687,0.0037164087573909954,0.0037998599616339687,0.0563513579891981,0.0,145920,145920,0.06430598042488811,4.5523154183684847e-05,0.00031270845417637416,0.9649359436317221,0.9249223409061119,0.07562003860520006,0.20002955921602905,0.0037164087573909954,0.0563513579891981,146016.0,147744.0,0.0037028965338820746,0.049748541348724834,146016.0
independent_regularized,same_support_normal,12,theta,0.0036000000000000016,0.0038473934452424377,0.003618668767335405,0.0038473934452424377,0.02851461437466446,0.0,145920,145920,0.06364898604372635,0.0,0.0002185975277575663,0.9761391574310276,0.9480974932160592,0.05395879802758119,0.8564044481018117,0.003618668767335405,0.02851461437466446,146016.0,147744.0,0.0036268609155067086,0.027232641943680625,146016.0
independent_regularized,same_support_normal,13,theta,0.003599999999999998,0.003949319023640593,0.004141190772480148,0.003949319023640593,0.0933496555768482,0.0,145920,145920,0.06720722242436468,1.8910178253193114e-05,0.00030343055957691355,0.9620595859140354,0.9264883119079227,0.06717805474709304,0.34957992980782837,0.004141190772480148,0.0933496555768482,146016.0,147744.0,0.0040695239715664595,0.07190768889673926,146016.0
independent_regularized,same_support_normal,14,theta,0.0035999999999999995,0.003714976731938687,0.003704740118414587,0.003714976731938687,0.034162238468402974,0.0,145920,145920,0.06089738581905083,4.87819258785355e-06,4.216937541962356e-05,0.983505546732983,0.9777075885900192,0.011371031668033549,0.44508653534824943,0.003704740118414587,0.034162238468402974,146016.0,147744.0,0.0037123752785551654,0.026172566203151823,146016.0
independent_regularized,same_support_normal,15,theta,0.0035999999999999973,0.003767123826531744,0.0036071758901676833,0.003767123826531744,0.029358937667983673,0.0,145920,145920,0.06273325633945291,1.0296620321184453e-05,0.0002734587163570268,0.9823048786796192,0.9462753654679388,0.06948580738630039,0.4072130064852683,0.0036071758901676833,0.029358937667983673,146016.0,147744.0,0.003603435697553821,0.025411363507071294,146016.0
independent_regularized,same_support_normal,16,theta,0.003599999999999999,0.004058648909243859,0.00408211840470619,0.004058648909243859,0.02897731510188239,0.0,145920,145920,0.05834544679556783,0.0,0.00035972176695364395,0.9451476144952392,0.8874873253503429,0.1056702605285359,0.9242998418294333,0.00408211840470619,0.02897731510188239,146016.0,147744.0,0.004074706257421029,0.027376226558076987,146016.0
independent_regularized,same_support_normal,17,theta,0.003599999999999998,0.0037925584957937005,0.0038819730925497,0.0037925584957937005,0.012156938428084225,0.0,145920,145920,0.06266340586731259,4.655585794518985e-05,0.00011730612286224596,0.9725397423947508,0.9570577818622864,0.029873952714088436,0.19523174170263868,0.0038819730925497,0.012156938428084225,146016.0,147744.0,0.0038677029054287656,0.009516894373015075,146016.0
independent_regularized,same_support_normal,18,theta,0.0035999999999999986,0.0038153520586766973,0.004096817693275561,0.0038153520586766973,0.030206675756570902,0.0,145920,145920,0.06023194181265051,4.67151967582907e-05,0.00013850788846860813,0.9754877506021798,0.9557184119596818,0.03817866861616459,0.19449844821180276,0.004096817693275561,0.030206675756570902,146016.0,147744.0,0.004082164011019103,0.026160555300124684,146016.0
independent_regularized,same_support_normal,19,theta,0.0036,0.0038837107712044244,0.0035929747355357856,0.0038837107712044244,0.05579658219012556,0.0,145920,145920,0.06324408436566523,4.542833015304559e-05,0.0004203761899819608,0.9588215311483304,0.9023523698885084,0.10509892915022112,0.20047402651515156,0.0035929747355357856,0.05579658219012556,146016.0,147744.0,0.0036062888338217482,0.04815862002495001,146016.0
independent_regularized,same_support_normal,20,theta,0.0036,0.003792369880681632,0.0034201773807994618,0.003792369880681632,0.15433794849967403,0.0,145920,145920,0.06226536866402751,4.4368671242826004e-05,0.0005306571532210643,0.9770119141006025,0.9042556610168769,0.13687397981345406,0.20548585889260756,0.0034201773807994618,0.15433794849967403,146016.0,147744.0,0.0034922208736665305,0.09159335744555726,146016.0
independent_regularized,same_support_normal,21,theta,0.0035999999999999973,0.0038653624785022446,0.0036756918524274173,0.0038653624785022446,0.02211931656024664,0.0,145920,145920,0.05821154749286165,0.0,0.0002410333002321461,0.9693503395985498,0.9319383598269557,0.07113097436286742,0.9209456791039254,0.0036756918524274173,0.02211931656024664,146016.0,147744.0,0.003666065935589694,0.017021420427549987,146016.0
independent_regularized,same_support_normal,22,theta,0.0035999999999999986,0.0037238480071646518,0.0037045738323476197,0.0037238480071646518,0.03880386701470218,0.0,145920,145920,0.06757538693967342,1.1606460982574611e-05,0.0003384967686829922,0.9903504609622577,0.9521905593399702,0.07412717423199089,0.39822602581029354,0.0037045738323476197,0.03880386701470218,146016.0,147744.0,0.003690266293715563,0.03525168187630983,146016.0
independent_regularized,same_support_normal,23,theta,0.003599999999999998,0.0036717758533491656,0.00386058711447874,0.0036717758533491656,0.10382249089889095,0.0,145920,145920,0.06511273786462862,4.481701085702717e-05,0.000546412097823738,0.9664583327903336,0.8973075608925739,0.12888085018489093,0.20335530296535978,0.00386058711447874,0.10382249089889095,146016.0,147744.0,0.0038151124154616033,0.07098461311557155,146016.0
independent_regularized,same_support_normal,24,theta,0.0036,0.003793259172911251,0.003542431187841289,0.003793259172911251,0.027246428563904263,0.0,145920,145920,0.0558016482205501,0.0,0.0002765508899722929,0.9648707462724069,0.9176936545812459,0.08881391335358846,0.48272120721733774,0.003542431187841289,0.027246428563904263,146016.0,147744.0,0.0035475519026961088,0.02607719019700269,146016.0
independent_regularized,same_support_normal,25,theta,0.0036,0.0037348907649601016,0.003547592660810047,0.0037348907649601016,0.05302768589530653,0.0,145920,145920,0.05882505752743853,0.0,0.0004835651745263568,0.9799755081889474,0.9058746722302137,0.13974307486198867,0.6457794544042399,0.003547592660810047,0.05302768589530653,146016.0,147744.0,0.0035305138339674696,0.039771773042932196,146016.0
independent_regularized,same_support_normal,26,theta,0.003599999999999999,0.004423662613646722,0.004308022226463997,0.004423662613646722,0.05179421136167367,0.0,145920,145920,0.0636046245542983,0.0,0.00022441203805826187,0.9429497670083726,0.9130623798843506,0.055471353541070134,0.7359815543279006,0.004308022226463997,0.05179421136167367,146016.0,147744.0,0.004326860674903728,0.04547466759930209,146016.0
independent_regularized,same_support_normal,27,theta,0.0035999999999999973,0.0037027055632785385,0.003698859323545689,0.0037027055632785385,0.027663977045995738,0.0,145920,145920,0.06504890408880125,4.699380155956209e-05,0.0001785283511717545,0.986260990996209,0.964634139358443,0.04219171954502021,0.19322076121388523,0.003698859323545689,0.027663977045995738,146016.0,147744.0,0.0036918824405423197,0.02458625958323685,146016.0
independent_regularized,same_support_normal,28,theta,0.003599999999999999,0.0039273613515728,0.003964516065613951,0.0039273613515728,0.1326221753731038,0.0,145920,145920,0.06331451755825011,0.0,0.000400985653330973,0.9574231726491365,0.9036763706962608,0.10002814857077236,0.5909354225023509,0.003964516065613951,0.1326221753731038,146016.0,147744.0,0.003877022257866017,0.0763578152189001,146016.0
independent_regularized,same_support_normal,29,theta,0.0035999999999999986,0.003705381040374659,0.003587169072489309,0.003705381040374659,0.03884928920278986,0.0,145920,145920,0.0688213484355948,5.397088037085634e-05,0.00034100799223456334,0.9882489979355,0.9511248349306162,0.07199763029872808,0.16307703620470998,0.003587169072489309,0.03884928920278986,146016.0,147744.0,0.0035798924041312917,0.03602181992391851,146016.0
independent_regularized,outside,0,search_needed,0.0035999999999999956,0.003786689957923527,0.003772579024065862,0.003786689957923527,0.029911336323851092,0.0,145920,145920,0.06218541456769514,0.003227189954117483,9.91037060402783e-05,0.9744592618392491,0.9612195193511645,0.02562788860261067,1.8331591598182046e-127,0.003772579024065862,0.029911336323851092,146016.0,147744.0,0.0037691600405654496,0.027919230270011405,146016.0
independent_regularized,outside,1,search_needed,0.003599999999999996,0.0038008007839109596,0.003808454725855134,0.0038008007839109596,0.007818472350635918,0.0,145920,145920,0.0606675059724704,0.002999152616795547,3.917721035715151e-05,0.9676136170168416,0.9620975578800751,0.010644400957610434,8.442804796577665e-117,0.003808454725855134,0.007818472350635918,146016.0,147744.0,0.003806223188775329,0.00760986858350269,146016.0
independent_regularized,outside,2,search_needed,0.0035999999999999956,0.003757095765067627,0.004306814074261549,0.003757095765067627,0.05856867546752725,0.0,145920,145920,0.059950079922699476,0.002955951220836689,0.0005838179886263383,0.9788184775026957,0.8919886530528586,0.16244185472564232,8.656936676485206e-115,0.004306814074261549,0.05856867546752725,146016.0,147744.0,0.004246729160481505,0.055505754675760355,146016.0
independent_regularized,outside,3,search_needed,0.0035999999999999956,0.003823794017265355,0.0037818925639642766,0.003823794017265355,0.04842947143230551,0.0,145920,145920,0.06229425817284311,0.0033128518667331435,0.00029314427488695983,0.9777417145369116,0.9383162576389,0.07554146099610892,1.7285791201604663e-131,0.0037818925639642766,0.04842947143230551,146016.0,147744.0,0.0037862428562286015,0.03979287778570692,146016.0
independent_regularized,outside,4,search_needed,0.0035999999999999956,0.0038055774677923566,0.0038711979136809276,0.0038055774677923566,0.07450156618805366,0.0,145920,145920,0.0640462949644807,0.0035094253558773402,5.7966569413049325e-05,0.9782615928872538,0.9710119470836401,0.014131542739145075,9.178482681273304e-141,0.0038711979136809276,0.07450156618805366,146016.0,147744.0,0.003771032325140489,0.033566107127137326,146016.0
independent_regularized,outside,5,search_needed,0.0035999999999999956,0.0038090650434782014,0.004101977331275351,0.0038090650434782014,0.04646672468177825,0.0,145920,145920,0.06427232030411249,0.0033481636757142024,0.00045082830779656245,0.9781082508081564,0.9206307400176972,0.10913479083345867,3.761172140986655e-133,0.004101977331275351,0.04646672468177825,146016.0,147744.0,0.0040661831145468045,0.04337317649105059,146016.0
independent_regularized,outside,6,search_needed,0.0035999999999999956,0.0036734581929748072,0.003632604612021195,0.0036734581929748072,0.05017448689830468,0.0,145920,145920,0.06145566147444083,0.0032027784296181105,0.0001946491122619371,0.97551252226846,0.948728914912923,0.051538127110720366,2.5613001474036796e-126,0.003632604612021195,0.05017448689830468,146016.0,147744.0,0.003620169041877743,0.04296584676934739,146016.0
independent_regularized,outside,7,search_needed,0.0035999999999999956,0.004144153605692297,0.004343338599470525,0.004144153605692297,0.06320862687401811,0.0,145920,145920,0.06340298379080073,0.003132833318019048,0.0002433197591436416,0.936144670238385,0.903237849157079,0.06052823146582831,4.842450340248621e-123,0.004343338599470525,0.06320862687401811,146016.0,147744.0,0.004304673853338031,0.05396621770182828,146016.0
independent_regularized,outside,8,search_needed,0.0035999999999999956,0.004014664443418602,0.00404507558244889,0.004014664443418602,0.013029076085202278,0.0,145920,145920,0.06685793368371641,0.0035511241310645044,5.9221139792296046e-05,0.947951579543776,0.940937601819158,0.013248626642351491,9.749558595058997e-143,0.00404507558244889,0.013029076085202278,146016.0,147744.0,0.004060620394021676,0.010659087925447952,146016.0
independent_regularized,outside,9,search_needed,0.0035999999999999956,0.0036519752184039065,0.0036925393210100353,0.0036519752184039065,0.011476670858198642,0.0,145920,145920,0.06305861112325802,0.0034441017345202963,5.4439835296341906e-05,0.9947830805936034,0.9878778282092858,0.013690773967804493,1.1232669988719958e-137,0.0036925393210100353,0.011476670858198642,146016.0,147744.0,0.0036858768240403345,0.010666916706922061,146016.0
independent_regularized,outside,10,search_needed,0.003599999999999996,0.004120278047867448,0.003962074444025859,0.004120278047867448,0.04889020350472805,0.0,145920,145920,0.06526505956375628,0.003377256580491961,0.00027307758118788145,0.9439320462347407,0.9093392579616462,0.06410982183866731,1.6012547555080882e-134,0.003962074444025859,0.04889020350472805,146016.0,147744.0,0.00396972999978576,0.040523398132210606,146016.0
independent_regularized,outside,11,search_needed,0.0035999999999999956,0.003960080014868229,0.00381860229736452,0.003960080014868229,0.03748154732948493,0.0,145920,145920,0.05903661729756756,0.002667945076187709,8.329261986643727e-05,0.9374185981021961,0.9245839691807666,0.0238981120018259,1.8140848624610156e-101,0.00381860229736452,0.03748154732948493,146016.0,147744.0,0.003825516327365196,0.03142545702680811,146016.0
independent_regularized,outside,12,search_needed,0.0035999999999999956,0.0037643284395985827,0.0039712993825883995,0.0037643284395985827,0.07791047091831757,0.0,145920,145920,0.06021993220786941,0.0029349252266380687,0.00018684744317069857,0.962657515516201,0.9355136773955404,0.051523651585697716,8.220949938158027e-114,0.0039712993825883995,0.07791047091831757,146016.0,147744.0,0.003938151648393309,0.055950206798763696,146016.0
independent_regularized,outside,13,search_needed,0.0035999999999999956,0.004135532466807565,0.004080908673590068,0.004135532466807565,0.07232347167315548,0.0,145920,145920,0.06299964393028415,0.0029093289440946593,0.0002053161271083358,0.9193322160103574,0.8907531643737467,0.05173052355267138,1.270422726882495e-112,0.004080908673590068,0.07232347167315548,146016.0,147744.0,0.004097752647853262,0.04660506582344933,146016.0
independent_regularized,outside,14,search_needed,0.0035999999999999956,0.003811653184773023,0.0037884464887841403,0.003811653184773023,0.05389745925331239,0.0,145920,145920,0.06880857736617964,0.00404901180410414,0.00012172992605856166,0.9729147584674424,0.9596106126458597,0.02571059934119957,1.8648279176982226e-166,0.0037884464887841403,0.05389745925331239,146016.0,147744.0,0.0037718969112396977,0.043813989883959,146016.0
independent_regularized,outside,15,search_needed,0.0035999999999999956,0.00372391642523067,0.0038429375084789324,0.00372391642523067,0.04102984907694894,0.0,145920,145920,0.06334029560409289,0.00329677953763396,0.00018805584590857367,0.9818834930864518,0.9577169578280115,0.04687342268431127,9.85730131123844e-131,0.0038429375084789324,0.04102984907694894,146016.0,147744.0,0.0038150835343405383,0.03610104601998914,146016.0
independent_regularized,outside,16,search_needed,0.0035999999999999956,0.003954920588059078,0.003910537546389236,0.003954920588059078,0.017648602495386537,0.0,145920,145920,0.0654451598596683,0.0035717657755347035,8.92344809536163e-05,0.9722331265628945,0.9614587945735489,0.02083423872343959,1.0259910532758653e-143,0.003910537546389236,0.017648602495386537,146016.0,147744.0,0.003910593731157797,0.016757858341532702,146016.0
independent_regularized,outside,17,search_needed,0.0035999999999999956,0.0038344240421002104,0.003968384853052888,0.0038344240421002104,0.3816300205496863,0.0,145920,145920,0.06664939278535825,0.0036234299392852998,0.0004210211614093016,0.9627004283884787,0.9121475998414057,0.09477887092292325,3.6430827878907987e-146,0.003968384853052888,0.3816300205496863,146016.0,147744.0,0.004005808075091031,0.018235322061330096,146016.0
independent_regularized,outside,18,search_needed,0.0035999999999999956,0.0036562754414402867,0.003926315771680445,0.0036562754414402867,0.2782857898761718,0.0,145920,145920,0.06438345296743264,0.003626407499737094,0.0003922865496621946,0.9872798272609765,0.9381288725027381,0.09463567589320498,2.6314263542773958e-146,0.003926315771680445,0.2782857898761718,146016.0,147744.0,0.003755717950343862,0.019601259015546102,146016.0
independent_regularized,outside,19,search_needed,0.0035999999999999956,0.0036891319238887476,0.0037152982861982154,0.0036891319238887476,0.08478079085165936,0.0,145920,145920,0.05710562923039816,0.002297366245265582,0.00022987886599554262,0.9488352436324687,0.9109314447461696,0.07049222253174248,1.4040058356625947e-84,0.0037152982861982154,0.08478079085165936,146016.0,147744.0,0.0036892691100852137,0.05825161904705005,146016.0
independent_regularized,outside,20,theta,0.0035999999999999956,0.003697823672618823,0.003697015117708779,0.003697823672618823,0.010089359368277961,0.0,145920,145920,0.06052191614321862,0.003191630586327595,1.9689046938809946e-05,0.9863057261059247,0.9835770060548,0.0053752585096112915,8.534349141567015e-126,0.003697015117708779,0.010089359368277961,146016.0,147744.0,0.003697581014288569,0.006529046643773136,146016.0
independent_regularized,outside,21,search_needed,0.0035999999999999956,0.004001579505250641,0.004437180866954044,0.004001579505250641,0.11458342994641324,0.0,145920,145920,0.062658459559803,0.0030749856264323775,0.00020134444325565958,0.9443593833066284,0.9168046913605338,0.0512838027385919,2.4511426019775937e-120,0.004437180866954044,0.11458342994641324,146016.0,147744.0,0.004407076855453438,0.02722531788195737,146016.0
independent_regularized,outside,22,search_needed,0.0035999999999999956,0.003634589460991411,0.0036014962456686673,0.003634589460991411,0.09839102425575019,0.0,145920,145920,0.059102742680677466,0.002965007818084835,6.534779882512991e-05,0.9930654640120755,0.9836013005341935,0.018707497400962003,3.2814657250727663e-115,0.0036014962456686673,0.09839102425575019,146016.0,147744.0,0.003620813650196112,0.027281043827624966,146016.0
independent_regularized,outside,23,theta,0.0035999999999999956,0.0038886041479382085,0.004001131991911555,0.0038886041479382085,0.012703191223422993,0.0,145920,145920,0.06442300916660136,0.0034984971123346365,1.8545754129099209e-06,0.9657421731165761,0.9655107944465329,0.000446850743151761,3.0178579199421697e-140,0.004001131991911555,0.012703191223422993,146016.0,147744.0,0.003992409576045698,0.00868610424495418,146016.0
independent_regularized,outside,24,search_needed,0.0035999999999999956,0.003953192909528918,0.0039044618566052044,0.003953192909528918,0.09046138574303147,0.0,145920,145920,0.06370497969195131,0.0031824374470863456,0.0001288130383794446,0.9569349460159529,0.9402042556090429,0.03174044864120018,2.3019153230144118e-125,0.0039044618566052044,0.09046138574303147,146016.0,147744.0,0.003937867406852198,0.043276922501745085,146016.0
independent_regularized,outside,25,search_needed,0.0035999999999999956,0.003897411899696738,0.0040809597599779715,0.003897411899696738,0.34528322742512907,0.0,145920,145920,0.06390778739238917,0.003407488507829699,0.00012363712621324315,0.9636661454407097,0.9478293223326906,0.030272015594907664,6.008116164692675e-136,0.0040809597599779715,0.34528322742512907,146016.0,147744.0,0.003960585778039868,0.06849660607353592,146016.0
independent_regularized,outside,26,search_needed,0.003599999999999996,0.003923340403395378,0.004046027360232503,0.003923340403395378,0.024234217882487658,0.0,145920,145920,0.06839595880530176,0.00395552173498525,9.79795673534445e-05,0.9671705448504263,0.9562814121569018,0.020944723589472303,5.547544518135038e-162,0.004046027360232503,0.024234217882487658,146016.0,147744.0,0.004026534317068675,0.022222291458591583,146016.0
independent_regularized,outside,27,search_needed,0.003599999999999996,0.0038439232826918634,0.004141084249446295,0.0038439232826918634,0.16947173879611077,0.0,145920,145920,0.06869695891432774,0.003901394481318876,0.0004580711529936894,0.9707415650254786,0.9193885171522426,0.09706394059671608,2.1385292427609773e-159,0.004141084249446295,0.16947173879611077,146016.0,147744.0,0.00393633049001738,0.07774011623973129,146016.0
independent_regularized,outside,28,search_needed,0.0035999999999999964,0.0037515704816524936,0.0037367664210186495,0.0037515704816524936,0.013356603193106486,0.0,145920,145920,0.061623625623826915,0.0030443576400018915,2.950883393820738e-05,0.9766828412841257,0.9726966221538895,0.0077706537092462336,6.592854732289929e-119,0.0037367664210186495,0.013356603193106486,146016.0,147744.0,0.003736634066481023,0.010444869449552809,146016.0
independent_regularized,outside,29,search_needed,0.0035999999999999956,0.004044793129795193,0.004146665793148136,0.004044793129795193,0.049539542211887014,0.0,145920,145920,0.06803182842290223,0.0037502419306538345,0.00023439632799403652,0.9441245900846524,0.9169118902623303,0.05064382709807336,3.4322890252626178e-152,0.004146665793148136,0.049539542211887014,146016.0,147744.0,0.004105637343859873,0.0433852344010856,146016.0
